order_id,order_date,product,qty,price,region,customer_id,payment_method,status,total_sales
1964,2025-05-13,Juice,3.0,1650.0,South,CUST0518,Transfer,Completed,4950.0
1080,2025-09-17,Milk,5.0,1100.0,South,CUST0502,Transfer,Returned,5500.0
3743,2025-06-02,Tomato Paste,7.0,640.0,East,Unknown,POS,Completed,4480.0
2792,2025-07-08,Milk,4.0,1420.0,West,CUST0458,Cash,Completed,5680.0
3708,2025-07-07,Rice,4.0,2010.0,West,CUST0317,Cash,Completed,8040.0
2982,2025-12-28,Bread,4.0,1010.0,South,CUST0002,POS,Completed,4040.0
1462,2025-04-08, Toilet Roll ,1.0,790.0,West,CUST0232,Cash,Completed,790.0
4537,2025-03-02,Water,7.0,470.0,South,CUST0264,Transfer,Completed,3290.0
5694,2025-09-12,Milk,9.0,1250.0,South,CUST0610,POS,Completed,11250.0
ORD-5412,2025-07-06,Beans,4.0,1650.0,South,CUST0439,POS,Completed,6600.0
1412,2025-06-07,Cabbage,6.0,750.0,West,CUST0002,POS,Returned,4500.0
1273,2025-07-12,Cabbage,1.0,900.0,West,CUST0357,Transfer,Returned,900.0
3737,2025-04-04,Rice,7.0,1910.0,North,CUST0361,Cash,Returned,13370.0
2501,2025-09-22,Carrot,1.0,910.0,South,CUST0063,Transfer,Pending,910.0
3630,2025-07-02,Sugar,3.0,1520.0,East,CUST0389,Transfer,Completed,4560.0
3327,2025-04-19,Sugar,7.0,1290.0,South,CUST0182,Cash,Pending,9030.0
5121,2025-08-20,Toilet Roll,1.0,920.0,East,CUST0215,Transfer,Completed,920.0
1907,2025-12-10,Cabbage,3.0,900.0,East,CUST0595,Transfer,Unknown,2700.0
1088,2025-06-19,Toothpaste,3.0,1210.0,North,CUST0258,Transfer,Completed,3630.0
5956,2025-07-17,Butter,3.0,1820.0,West,CUST0563,POS,Completed,5460.0
5449,2025-04-28,Tomato Paste,4.0,640.0,East,CUST0344,Cash,Completed,2560.0
4429,2025-07-16,Toothpaste,1.0,1140.0,East,CUST0641,POS,Pending,1140.0
5143,2025-12-30,Maggi,5.0,470.0,West,CUST0201,Transfer,Completed,2350.0
2234,2025-09-28,Butter,6.0,1730.0,South,CUST0346,Transfer,Completed,10380.0
5462,2025-04-05,Tea,7.0,1050.0,South,CUST0012,Transfer,Completed,7350.0
3522,2025-04-08,Pepper,7.0,700.0,North,CUST0639,Cash,Completed,4900.0
3725,2025-02-21,Butter,6.0,1910.0,South,CUST0055,POS,Completed,11460.0
4603,2025-01-02,Carrot,4.0,900.0,East,CUST0427,Transfer,Completed,3600.0
3250,2025-12-23,Tea,3.0,980.0,South,CUST0412,POS,Completed,2940.0
4117,2025-11-27,Groundnut Oil,6.0,2390.0,West,CUST0641,Cash,Completed,14340.0
3483,2025-09-23,Yam,3.0,1540.0,South,CUST0380,Transfer,Pending,4620.0
3595,2025-07-02,Bread,5.0,1020.0,South,CUST0205,Transfer,Pending,5100.0
2309,2025-06-22,Beans,5.0,1300.0, East ,CUST0426,Cash,Completed,6500.0
4560,2025-12-29,Water,2.0,500.0,West,CUST0443,Cash,Completed,1000.0
4922,2025-01-03,Cabbage,8.0,760.0,South,CUST0091,POS,Completed,6080.0
3660,2025-01-14,Rice,7.0,1740.0,South,CUST0092,Transfer,Pending,12180.0
3866,2025-04-30,Tea,4.0,1110.0,East,CUST0547,Transfer,Pending,4440.0
1624,2025-09-17,Water,3.0,420.0,East,CUST0635,POS,Pending,1260.0
1295,2025-07-31,Rice,2.0,1950.0,East,CUST0155,Transfer,Completed,3900.0
2073,2025-07-19,Bread,6.0,950.0,East,CUST0050,POS,Completed,5700.0
4795,2025-02-07,Tea,1.0,1170.0,East,CUST0506,Cash,Returned,1170.0
1222,2025-08-27,Groundnut Oil,6.0,2340.0,West,CUST0133,Transfer,Pending,14040.0
3036,2025-03-04,Beans,8.0,1380.0,East,CUST0570,POS,Completed,11040.0
4872,2025-03-02,Pepper,3.0,700.0,North,CUST0609,Cash,Completed,2100.0
4425,2025-11-21,Unknown,5.0,510.0,West,CUST0395,POS,Completed,2550.0
4719,2025-06-21,Cabbage,12.0,850.0,West,CUST0390,Cash,Pending,10200.0
3766,2025-10-30,Cabbage,6.0,720.0,North,CUST0380,POS,Completed,4320.0
4398,2025-02-15,Milk,5.0,1410.0,East,Unknown,Cash,Returned,7050.0
4965,2025-04-09,Sugar,10.0,1240.0,South,CUST0512,Cash,Completed,12400.0
5936,2025-02-24,Toothpaste,5.0,1120.0,West,CUST0514,Cash,Completed,5600.0
1084,2025-09-11,Rice,8.0,1720.0,West,CUST0364,POS,Completed,13760.0
2339,2025-12-23,Juice,11.0,1470.0,East,CUST0199,POS,Completed,16170.0
2293,2025-11-11,Detergent,5.0,1540.0,North,CUST0125,Transfer,Completed,7700.0
3240,2025-08-08,Soft Drink,1.0,810.0,North,CUST0156,Transfer,Completed,810.0
2432,2025-05-29,Tomato Paste,7.0,700.0,West,CUST0604,POS,Returned,4900.0
3567,2025-05-29,Eggs,3.0,2310.0,West,CUST0528,POS,Pending,6930.0
3303,2025-07-16,Carrot,7.0,820.0,West,CUST0567,Transfer,Completed,5740.0
3394,2025-01-30,Maggi,3.0,550.0,West,CUST0451,Cash,Completed,1650.0
2079,2025-07-30,Tea,3.0,1150.0,East,CUST0550,POS,Returned,3450.0
2853,2025-02-27,Rice,4.0,1770.0,East,CUST0311,POS,Completed,7080.0
1510,2025-06-19,Rice,4.0,2110.0,East,CUST0158,Unknown,Completed,8440.0
3723,2025-06-09,Carrot,2.0,930.0,East,CUST0191,Transfer,Completed,1860.0
1309,2025-02-13,Cabbage,7.0,750.0,West,CUST0076,Transfer,Completed,5250.0
2917,2025-09-10,Maggi,2.0,530.0,North,CUST0632,Cash,Completed,1060.0
1587,2025-01-05,Unknown,2.0,1780.0,North,CUST0499,Transfer,Completed,3560.0
6022,2025-06-30,Toilet Roll,5.0,1030.0,East,CUST0604,Transfer,Completed,5150.0
1359,2025-09-02,Butter,1.0,1780.0,East,CUST0106,Transfer,Pending,1780.0
1669,2025-04-29,Coffee,6.0,1910.0,South,CUST0138,Cash,Completed,11460.0
6142,2025-09-28,Pepper,4.0,660.0,South,Unknown,Transfer,Completed,2640.0
1567,2025-11-11,Coffee,2.0,1740.0,West,CUST0001,POS,Completed,3480.0
5063,2025-10-12,Water,7.0,470.0,West,CUST0170,Transfer,Completed,3290.0
5071,2025-12-17,Tomato Paste,2.0,650.0,East,CUST0487,POS,Completed,1300.0
5665,2025-04-27,Toothpaste,6.0,1140.0,East,CUST0558,Transfer,Completed,6840.0
4093,2025-09-06,Rice,7.0,1670.0,South,CUST0100,Transfer,Completed,11690.0
5324,2025-08-28,Sugar,1.0,1340.0,North,CUST0445,Transfer,Pending,1340.0
1635,2025-06-11,Carrot,5.0,990.0,North,CUST0423,POS,Completed,4950.0
2525,2025-07-18,Bread,2.0,1040.0,WEST,CUST0410,POS,Pending,2080.0
3160,2025-08-30,Sugar,4.0,1450.0,South,CUST0182,POS,Pending,5800.0
2800,2025-07-22,Water,6.0,470.0,East,CUST0213,Transfer,Completed,2820.0
1271,2025-10-05,Milk,12.0,1430.0,East,CUST0484,Transfer,Completed,17160.0
5869,2025-10-14,Maggi,5.0,460.0,East,CUST0234,Transfer,Completed,2300.0
4713,2025-11-01,Tomato Paste,4.0,730.0,North,CUST0195,Cash,Completed,2920.0
5427,2025-03-06,rice,2.0,2000.0,North,CUST0405,Transfer,Completed,4000.0
1453,2025-10-13,Maggi,2.0,450.0,West,CUST0265,Cash,Completed,900.0
2759,2025-05-05,Bread,1.0,940.0,West,CUST0586,POS,Pending,940.0
3931,2025-12-04,Rice,4.0,1910.0,West,CUST0402,Transfer,Completed,7640.0
6024,2025-08-12,Groundnut Oil,6.0,2210.0,South,CUST0552,Transfer,Pending,13260.0
5949,2025-12-06,Beans,2.0,1550.0,East,CUST0352,Cash,Pending,3100.0
2151,2025-05-31,Toilet Roll,6.0,900.0,South,CUST0321,Cash,Returned,5400.0
2161,2025-10-10,Yam,3.0,1450.0,west ,CUST0175,Transfer,Completed,4350.0
5391,2025-06-03,Groundnut Oil,2.0,2730.0,North,CUST0217,Transfer,Completed,5460.0
ORD-6050,2025-09-19,Butter,7.0,1800.0,South,CUST0335,Transfer,Completed,12600.0
4646,2025-05-28,Pepper,7.0,770.0,North,CUST0252,Transfer,Returned,5390.0
4810,2025-05-17,Rice,10.0,2120.0,South,CUST0173,Transfer,Completed,21200.0
4098,2025-03-12,Pepper,2.0,760.0,East,CUST0297,POS,Completed,1520.0
1688,2025-02-17,Beans,7.0,1410.0,South,CUST0070,POS,Pending,9870.0
4618,2025-03-19,Unknown,9.0,1190.0,East, CUST0586 ,Transfer,Completed,10710.0
6005,2025-01-08,Rice,4.0,1640.0,East,CUST0338,POS,Pending,6560.0
2529,2025-06-04,Tea,4.0,1070.0,West,CUST0436,Unknown,Completed,4280.0
3788,2025-11-16,Eggs,6.0,2190.0,East,CUST0464,Cash,Completed,13140.0
3720,2025-04-30,Tomato Paste,3.0,630.0,North,CUST0513,POS,Completed,1890.0
4825,2025-09-20,Beans,2.0,1400.0,North,CUST0132,Transfer,Pending,2800.0
5456,2025-05-03, Tea ,12.0,1000.0,East,CUST0548,Cash,Completed,12000.0
3731,2025-11-18,Rice,2.0,1730.0,South,CUST0349,Transfer,Completed,3460.0
4473,2025-02-10,Juice,1.0,1630.0,North,CUST0599,POS,Completed,1630.0
5546,2025-11-14,Pepper,9.0,790.0,South,CUST0360,Transfer,Completed,7110.0
2278,2025-11-27,Tomato Paste,6.0,710.0,East,CUST0384,POS,Completed,4260.0
1756,2025-05-16,Eggs,2.0,1890.0,West,CUST0625,Transfer,Completed,3780.0
2673,2025-11-24,Milk,4.0,1320.0,West,CUST0392,Transfer,Pending,5280.0
4863,2025-11-09,Tea,4.0,1260.0,East,CUST0474,POS,Completed,5040.0
4129,2025-05-30,Cabbage,5.0,710.0,South,CUST0463,POS,Completed,3550.0
2388,2025-09-12,Beans,4.0,1540.0,South,CUST0490,Transfer,Pending,6160.0
3359,2025-02-02,yam,1.0,1540.0,East,CUST0227,POS,Completed,1540.0
5844,2025-07-12,Coffee,3.0,1980.0,South,CUST0104,Cash,Completed,5940.0
4023,2025-08-28,Rice,2.0,1790.0,Unknown,CUST0233,Transfer,Completed,3580.0
1640,2025-05-16,Butter,3.0,1880.0,West,CUST0263,POS,Completed,5640.0
5042,2025-10-15,EGGS,3.0,2360.0,South,CUST0475,Transfer,Completed,7080.0
4172,2025-05-28,Groundnut Oil,6.0,2530.0,East,CUST0180,POS,Completed,15180.0
5738,2025-11-14,Toothpaste,5.0,1320.0,West,CUST0137,Transfer,Completed,6600.0
1402,2025-04-23,Soft Drink,1.0,890.0,North,CUST0060,POS,Completed,890.0
1691,2025-08-07,Yam,5.0,1550.0,North,CUST0133,Cash,Completed,7750.0
4905,2025-07-08,Juice,5.0,1380.0,West,CUST0127,POS,Completed,6900.0
4326,2025-03-26,Groundnut Oil,6.0,2120.0,South,CUST0202,Transfer,Pending,12720.0
4246,2025-05-15,Toothpaste,1.0,1380.0,East,CUST0159,POS,Pending,1380.0
3956,2025-05-25,Yam,7.0,1590.0,South,CUST0161,POS,Completed,11130.0
5150,2025-09-13,Soft Drink,9.0,760.0,West,CUST0280,Transfer,Completed,6840.0
4178,2025-01-26,Water,6.0,440.0,West,CUST0533,Cash,Completed,2640.0
4089,2025-05-29,Rice,1.0,1790.0,West,CUST0452,Cash,Completed,1790.0
1687,2025-04-02,Tomato Paste,2.0,620.0,West,Unknown,Cash,Completed,1240.0
1663,2025-11-06,Yam,3.0,1650.0,West,CUST0142,Unknown,Completed,4950.0
3125,2025-03-20,Detergent,8.0,1600.0,West,CUST0506,POS,Completed,12800.0
1576,2025-10-11,Milk,10.0,1270.0,North,CUST0224,POS,Completed,12700.0
4521,2025-10-30,Butter,1.0,1630.0,East,CUST0199,Cash,Completed,1630.0
5741,2025-11-28,Beans,1.0,1310.0,North,CUST0140,Transfer,Completed,1310.0
4193,2025-07-27,Sugar,3.0,1270.0,East,CUST0406,Transfer,Completed,3810.0
5718,2025-04-01,Pepper,11.0,700.0,Unknown,CUST0176,POS,Completed,7700.0
3825,2025-09-02,Milk,8.0,1330.0,East,CUST0238,Cash,Completed,10640.0
6051,2025-11-18,Toothpaste,5.0,1330.0,West,CUST0021,Transfer,Completed,6650.0
2351,2025-02-19,Tomato Paste,2.0,650.0,North,CUST0516,Unknown,Completed,1300.0
5798,2025-12-18,Detergent,9.0,1710.0,East,CUST0364,Cash,Completed,15390.0
3060,2025-01-14,Pepper,5.0,760.0,South,CUST0200,Transfer,Completed,3800.0
5925,2025-01-25,Yam,7.0,1830.0,West,CUST0494,Cash,Completed,12810.0
5049,2025-09-07,Soft Drink,6.0,860.0,East,CUST0055,Transfer,Completed,5160.0
5075,2025-02-01,Butter,2.0,2080.0,west ,CUST0627,POS,Completed,4160.0
5189,2025-05-05,Coffee,8.0,2140.0,South,CUST0169,Cash,Pending,17120.0
3030,2025-11-03,Beans,1.0,1540.0,West,CUST0387,Transfer,Completed,1540.0
6149,2025-01-20,Maggi,9.0,490.0,North,CUST0639,Transfer,Completed,4410.0
3448,2025-05-05,Cabbage,8.0,830.0,Unknown,CUST0251,Transfer,Completed,6640.0
4125,2025-04-11,Cabbage,5.0,750.0,South,CUST0407,Transfer,Completed,3750.0
5453,2025-11-15,Toilet Roll,6.0,940.0,West,CUST0362,POS,Completed,5640.0
1913,2025-01-21,Detergent,4.0,2020.0,South,CUST0469,Cash,Pending,8080.0
4976,2025-05-15,Soft Drink,10.0,830.0,North,CUST0164,Transfer,Completed,8300.0
5843,2025-08-15,Coffee,2.0,1730.0,Unknown,CUST0229,Transfer,Completed,3460.0
1504,2025-02-22,Groundnut Oil,5.0,2570.0,West,CUST0575,Transfer,Completed,12850.0
5243,2025-08-07,Water,3.0,520.0,South,CUST0443,Cash,Completed,1560.0
1304,2025-01-09,Pepper,11.0,730.0,South,CUST0079,Transfer,Completed,8030.0
2641,2025-07-27,Juice,4.0,1410.0,North,CUST0559,Transfer,Completed,5640.0
5597,2025-07-21,Juice,2.0,1350.0,West,CUST0422,Cash,Returned,2700.0
4360,2025-05-05,Toilet Roll,5.0,930.0,East,CUST0219,Cash,Completed,4650.0
5048,2025-07-29,Bread,6.0,980.0,West,CUST0433,Transfer,Completed,5880.0
2537,2025-09-08,Bread,4.0,850.0,North,CUST0259,Transfer,Returned,3400.0
4096,2025-07-10,milk,10.0,1160.0,West,CUST0013,Transfer,Completed,11600.0
3692,2025-05-23,Coffee,4.0,1730.0,North,CUST0385,POS,Completed,6920.0
2725,2025-07-20,Beans,3.0,1660.0,East,CUST0231,Transfer,Completed,4980.0
1282,2025-06-13,Toilet Roll,6.0,890.0,North,CUST0386,Transfer,Completed,5340.0
5518,2025-02-17,Beans,7.0,1300.0,West,CUST0145,Unknown,Completed,9100.0
4288,2025-08-16,Water,4.0,410.0,South,Unknown,Transfer,Pending,1640.0
3433,2025-03-03,Tea,4.0,1150.0,West,CUST0588,Cash,Completed,4600.0
5761,2025-01-31,Rice,5.0,2020.0,North,CUST0585,Cash,Returned,10100.0
4832,2025-10-25,Eggs,4.0,1870.0,NORTH,CUST0298,POS,Completed,7480.0
2135,2025-07-20,Cabbage,1.0,850.0,North,CUST0200,Cash,Completed,850.0
ORD-2902,2025-05-17,Juice,50.0,1540.0,East,CUST0139,POS,Pending,77000.0
3960,2025-04-11,Butter,3.0,2090.0,North,CUST0517,Transfer,Completed,6270.0
3137,2025-09-20,Maggi,7.0,450.0,East,CUST0493,Cash,Completed,3150.0
1198,2025-10-02,Soft Drink,1.0,820.0, West ,CUST0148,Transfer,Completed,820.0
1090,2025-09-26,juice,5.0,1730.0,West,CUST0304,Transfer,Completed,8650.0
6135,2025-03-29,Juice,3.0,1410.0,East,CUST0491,Transfer,Pending,4230.0
3491,2025-03-22,Tomato Paste,10.0,710.0,East,CUST0255,Transfer,Completed,7100.0
5615,2025-11-08,Juice,7.0,1330.0,North,CUST0277,Unknown,Returned,9310.0
3990,2025-10-22,Detergent,8.0,1890.0,East,CUST0264,Cash,Completed,15120.0
1333,2025-07-07,Sugar,3.0,1360.0,North,CUST0502,Cash,Completed,4080.0
2558,2025-04-01,Sugar,4.0,1190.0,North,CUST0476,Cash,Completed,4760.0
2025,2025-09-01,Maggi,6.0,580.0,North,CUST0593,Cash,Completed,3480.0
4612,2025-03-12,Cabbage,7.0,760.0,West,CUST0412,POS,Completed,5320.0
3181,2025-10-28,Sugar,6.0,1440.0,East,CUST0311,POS,Completed,8640.0
4809,2025-09-29,DETERGENT,4.0,1840.0,West,CUST0365,Cash,Completed,7360.0
2093,2025-07-15,Rice,4.0,1670.0,North,CUST0610,Cash,Completed,6680.0
1496,2025-12-21,Sugar,5.0,1460.0,West,CUST0107,Transfer,Completed,7300.0
3538,2025-08-12,Butter,7.0,1670.0,West,Unknown,Transfer,Completed,11690.0
3609,2025-09-22,Toilet Roll,3.0,980.0,South,CUST0597,Transfer,Completed,2940.0
4104,2025-10-22,Coffee,2.0,1840.0,West,CUST0373,Transfer,Completed,3680.0
5110,2025-10-20,Toothpaste,5.0,1120.0,South,CUST0527,Transfer,Completed,5600.0
4092,2025-05-09,Milk,2.0,1270.0,South,CUST0175,Cash,Returned,2540.0
2130,2025-09-13,Coffee,6.0,1800.0,North,CUST0150,Cash,Pending,10800.0
5979,2025-05-07,Yam,10.0,1590.0,West,CUST0589,Transfer,Completed,15900.0
5184,2025-07-10,Bread,7.0,1020.0,South,CUST0132,Transfer,Completed,7140.0
2977,2025-10-05,Cabbage,2.0,720.0,West,CUST0084,Transfer,Completed,1440.0
1169,2025-08-02,Water,3.0,450.0,North,CUST0176,POS,Completed,1350.0
3398,2025-10-05,Coffee,7.0,1750.0,South,CUST0402,Transfer,Completed,12250.0
1516,2025-07-17,Bread,3.0,1030.0,East,CUST0530,POS,Completed,3090.0
1233,2025-03-23,Tea,4.0,1130.0,South,CUST0316,Cash,Completed,4520.0
6088,2025-03-17,Butter,5.0,2020.0,West,CUST0623,POS,Pending,10100.0
1086,2025-05-04,Toothpaste,6.0,1270.0,South,CUST0459,POS,Pending,7620.0
2424,2025-07-05,Milk,6.0,1310.0,Noth,CUST0429,Transfer,Pending,7860.0
5425,2025-04-08, Pepper ,7.0,760.0,East,CUST0098,Transfer,Completed,5320.0
3794,2025-11-30,Carrot,7.0,830.0,East,UNKNOWN,Cash,Completed,5810.0
3227,2025-02-12,Toothpaste,2.0,1290.0,South,CUST0151,POS,Completed,2580.0
1812,2025-04-16,Sugar,5.0,1200.0,North,CUST0353,Transfer,Completed,6000.0
6049,2025-09-07,Detergent,5.0,1610.0,West,CUST0518,POS,Completed,8050.0
2248,2025-09-22,Toilet Roll,12.0,950.0,North,Unknown,Cash,Completed,11400.0
4590,2025-10-26,Tomato Paste,2.0,720.0,West,CUST0201,POS,Completed,1440.0
3713,2025-11-16,Eggs,3.0,2120.0,East,CUST0164,Cash,Completed,6360.0
6028,2025-10-16,Butter,3.0,2020.0,Unknown,CUST0137,Cash,Completed,6060.0
1585,2025-07-25,Carrot,3.0,790.0,West,CUST0590,Cash,Pending,2370.0
4498,2025-07-02,Water,3.0,500.0,East,CUST0329,Transfer,Completed,1500.0
4844,2025-03-09,Yam,2.0,1850.0,West,CUST0377,POS,Completed,3700.0
3507,2025-05-13,Tomato Paste,6.0,670.0,East,CUST0488,Cash,Completed,4020.0
5811,2025-05-05,Tomato Paste,4.0,700.0,East,CUST0537,Transfer,Completed,2800.0
2084,2025-02-10,Soft Drink,1.0,790.0,North,CUST0207,Unknown,Completed,790.0
1422,2025-10-20,Cabbage,5.0,790.0,East,CUST0370,Transfer,Completed,3950.0
1726,2025-03-07,Cabbage,8.0,700.0,East,CUST0001,Cash,Pending,5600.0
3859,2025-06-18,Tomato Paste,2.0,710.0,East,CUST0397,Cash,Completed,1420.0
3688,2025-01-26,Beans,-3.0,1520.0,North,CUST0225,Transfer,Completed,-4560.0
1030,2025-01-31,Cabbage,2.0,690.0,South,CUST0272,POS,Pending,1380.0
2115,2025-03-13,Cabbage,1.0,710.0,North,CUST0255,Transfer,Completed,710.0
5147,2025-01-25,Toothpaste,11.0,1180.0,North,CUST0168,Transfer,Completed,12980.0
2633,2025-09-01,Bread,4.0,950.0,South,CUST0138,POS,Pending,3800.0
2811,2025-04-03,Tea,8.0,1030.0,South,CUST0336,Cash,Completed,8240.0
5662,2025-12-23,Toilet Roll,4.0,910.0,West,CUST0279,POS,Completed,3640.0
3457,2025-01-10,Butter,7.0,1800.0,West,CUST0016,Transfer,Pending,12600.0
1514,2025-09-29,Soft Drink,4.0,830.0,East,CUST0118,Cash,Completed,3320.0
5056,2025-09-26,Milk,8.0,1440.0,East,CUST0535,POS,Completed,11520.0
1858,2025-10-05,Eggs,3.0,2350.0,East,CUST0033,POS,Pending,7050.0
4230,2025-06-12,Eggs,1.0,2390.0,South,CUST0410,POS,Completed,2390.0
1070,2025-04-23,Soft Drink,4.0,770.0,South,CUST0030,Transfer,Completed,3080.0
2892,2025-02-04,Toilet Roll,2.0,820.0,East,CUST0587,Cash,Pending,1640.0
1979,2025-07-18,Tomato Paste,2.0,640.0,East,CUST0454,Cash,Completed,1280.0
1900,2025-03-02,Unknown,1.0,1540.0,South,CUST0507,Transfer,Completed,1540.0
5044,2025-05-11,Carrot,3.0,930.0,South,CUST0590,Transfer,Completed,2790.0
5964,2025-01-27,Bread,6.0,920.0,East,CUST0456,POS,Completed,5520.0
4061,2025-11-04,Sugar,9.0,1440.0,South,CUST0240,Transfer,Completed,12960.0
1219,2025-03-13,Tea,2.0,1120.0,North,CUST0568,Cash,Completed,2240.0
1807,2025-01-11,Water,3.0,400.0,West,CUST0533,Cash,Completed,1200.0
5899,2025-07-21,Tea,2.0,1090.0,West,CUST0017,POS,Completed,2180.0
4299,2025-12-25,Juice,6.0,1510.0,South,CUST0088,POS,Returned,9060.0
1672,2025-11-12,Groundnut Oil,4.0,2330.0,South,CUST0253,Transfer,Pending,9320.0
3680,2025-03-28,Rice,1.0,1710.0,South,CUST0152,POS,Completed,1710.0
5459,2025-06-02,Tomato Paste,5.0,640.0,East,CUST0039,POS,Completed,3200.0
6115,2025-05-29,Sugar,4.0,1510.0,South,CUST0106,POS,Completed,6040.0
5693,2025-05-31,Maggi,8.0,490.0,West,CUST0330,Transfer,Pending,3920.0
1187,2025-07-12,Soft Drink,2.0,740.0,West,CUST0449,Transfer,Completed,1480.0
4284,2025-10-29,Beans,1.0,1610.0,West,CUST0068,Cash,Completed,1610.0
1543,2025-09-22,Milk,3.0,1440.0,West,CUST0529,Transfer,Pending,4320.0
4733,2025-06-25,Beans,3.0,1680.0,East,CUST0578,Cash,Completed,5040.0
3970,2025-08-10,Carrot,4.0,800.0,Unknown,CUST0619,Cash,Completed,3200.0
4036,2025-11-18,Toothpaste,5.0,1070.0,North,CUST0478,POS,Completed,5350.0
6095,2025-10-15,Rice,9.0,1920.0,South,CUST0499,Cash,Pending,17280.0
5998,2025-09-29,Pepper,5.0,750.0,South,CUST0434,Cash,Completed,3750.0
3024,2025-06-15,Milk,2.0,1360.0,East,CUST0085,Cash,Completed,2720.0
1972,2025-03-02,Toilet Roll,6.0,910.0,East,CUST0161,POS,Completed,5460.0
3808,2025-12-20,Carrot,2.0,830.0,East,UNKNOWN,Transfer,Completed,1660.0
4369,2025-01-07,Soft Drink,4.0,820.0,North,CUST0498,Transfer,Completed,3280.0
5179,2025-09-27,Groundnut Oil,6.0,2620.0,East,CUST0340,Transfer,Completed,15720.0
1357,2025-08-08,Coffee,6.0,2100.0, East ,CUST0219,Cash,Completed,12600.0
1333,2025-07-07,Unknown,3.0,1360.0,North,CUST0502,Cash,Completed,4080.0
4944,2025-05-27,TOILET ROLL,7.0,910.0,West,CUST0433,Cash,Completed,6370.0
5433,2025-07-09,Beans,8.0,1280.0,South,CUST0149,Transfer,Completed,10240.0
4359,2025-06-12,Eggs,1.0,2320.0,WEST,Unknown,Transfer,Completed,2320.0
3852,2025-10-20,Soft Drink,1.0,720.0,South,CUST0487,POS,Completed,720.0
3266,2025-01-15,Soft Drink,4.0,760.0,North,CUST0265,Unknown,Pending,3040.0
5266,2025-07-25,Soft Drink,3.0,750.0,West,CUST0252,Transfer,Returned,2250.0
2264,2025-06-25,Tomato Paste,11.0,630.0,West,CUST0358,POS,Completed,6930.0
3428,2025-03-17,Pepper,2.0,700.0,South,CUST0136,Cash,Completed,1400.0
4615,2025-09-15,Coffee,7.0,1820.0,East,CUST0005,Transfer,Completed,12740.0
5149,2025-01-07,Toothpaste,3.0,1310.0,South,CUST0044,POS,Completed,3930.0
4505,2025-11-22,Toilet Roll,2.0,960.0,West,CUST0127,Transfer,Completed,1920.0
4375,2025-08-08,Groundnut Oil,4.0,2270.0,South,CUST0120,Cash,Completed,9080.0
5900,2025-02-22,Beans,4.0,1580.0, West ,CUST0527,POS,Completed,6320.0
5451,2025-09-15,Detergent,7.0,1770.0,East,CUST0204,Unknown,Pending,12390.0
3453,2025-09-01,Eggs,1.0,2040.0,East,CUST0179,POS,Completed,2040.0
2835,2025-05-10,Milk,4.0,1140.0,North,CUST0413,Transfer,Completed,4560.0
5034,2025-01-14,Eggs,2.0,2360.0,North,CUST0648,Cash,Completed,4720.0
1600,2025-10-08,Eggs,4.0,2420.0,West,CUST0606,Cash,Completed,9680.0
4141,2025-10-30,Detergent,1.0,1990.0,South,CUST0061,Transfer,Pending,1990.0
4779,2025-10-18,Tea,8.0,1200.0,West,CUST0280,Cash,Completed,9600.0
3662,2025-08-30,Toilet Roll,8.0,960.0,South,CUST0146,Transfer,Completed,7680.0
4315,2025-05-28,Water,12.0,480.0,North,CUST0507,POS,Completed,5760.0
5986,2025-12-21,Bread,8.0,1100.0,North,CUST0227,Transfer,Completed,8800.0
2920,2025-08-11,Rice,4.0,1800.0,North,CUST0511,POS,Returned,7200.0
2774,2025-03-13,Rice,7.0,1830.0,West,CUST0410,Transfer,Completed,12810.0
1924,2025-10-16,Eggs,5.0,1900.0,Unknown,CUST0378,Cash,Completed,9500.0
4035,2025-01-29,Juice,1.0,1660.0,South,CUST0324,POS,Pending,1660.0
1581,2025-09-27,Beans,7.0,1470.0,East,CUST0515,Transfer,Pending,10290.0
5734,2025-02-22,Soft Drink,8.0,740.0,East,CUST0532,POS,Completed,5920.0
1895,2025-09-22,Coffee,6.0,2140.0,West,CUST0609,Cash,Pending,12840.0
1509,2025-07-13,Bread,1.0,910.0,North,CUST0134,Transfer,Pending,910.0
3633,2025-04-01,Yam,4.0,1580.0,North,CUST0263,Transfer,Completed,6320.0
5227,2025-11-25,Toothpaste,6.0,1200.0,East,CUST0036,POS,Completed,7200.0
3450,2025-12-09,Detergent,3.0,1960.0,North,CUST0125,Cash,Completed,5880.0
4693,2025-04-01,Yam,5.0,1460.0,South,CUST0614,Transfer,Completed,7300.0
1548,2025-11-19,Butter,4.0,2030.0,West,CUST0058,Transfer,Returned,8120.0
1382,2025-10-07,Tea,7.0,1040.0,East,CUST0420,Transfer,Completed,7280.0
1493,2025-07-21,Bread,2.0,1060.0,West,CUST0347,Transfer,Completed,2120.0
2160,2025-03-31,Bread,4.0,1070.0,South,CUST0098,Cash,Completed,4280.0
1615,2025-09-24,Toothpaste,2.0,1220.0,North,CUST0204,Transfer,Completed,2440.0
4987,2025-03-15,Carrot,7.0,760.0,South,CUST0543,Cash,Completed,5320.0
1388,2025-08-20,Pepper,3.0,630.0,West,CUST0140,POS,Unknown,1890.0
4194,2025-01-17,Carrot,11.0,780.0,West,CUST0601,Transfer,Completed,8580.0
1511,2025-11-12,Water,8.0,430.0,North,CUST0075,POS,Completed,3440.0
4553,2025-05-14,Tomato Paste,2.0,680.0,South,CUST0490,Cash,Completed,1360.0
4168,2025-11-24,Bread,6.0,1010.0,South,CUST0570,POS,Completed,6060.0
2601,2025-02-24,Eggs,1.0,1940.0,South,CUST0608,Cash,Returned,1940.0
2810,2025-08-26,Carrot,1.0,900.0,North,CUST0223,Cash,Completed,900.0
1281,2025-11-17,Sugar,6.0,1400.0,East,CUST0353,POS,Completed,8400.0
3986,2025-07-10,Butter,5.0,1590.0,South,CUST0164,Transfer,Completed,7950.0
1700,2025-06-23,Rice,12.0,1950.0,West,CUST0585,Cash,Completed,23400.0
3834,2025-07-19,Bread,3.0,1080.0,North,CUST0120,POS,Completed,3240.0
4605,2025-07-19,Toilet Roll,7.0,850.0,West,CUST0166,Transfer,Completed,5950.0
1049,2025-04-27,Yam,2.0,1700.0,South,CUST0337,Transfer,Completed,3400.0
4211,2025-08-21,Unknown,8.0,2140.0,West,CUST0584,POS,Completed,17120.0
2708,2025-12-17,Yam,6.0,1640.0,East,CUST0193,POS,Completed,9840.0
1557,2025-05-12,Tomato Paste,2.0,700.0,East,UNKNOWN,Cash,Completed,1400.0
2549,2025-07-19,Toothpaste,4.0,1240.0,North,CUST0349,Transfer,Pending,4960.0
5415,2025-10-10,Pepper,2.0,740.0,East,CUST0383,Cash,Completed,1480.0
2941,2025-12-04,Tomato Paste,3.0,740.0,West,CUST0008,POS,Completed,2220.0
1051,2025-10-25,Sugar,11.0,1290.0,East,CUST0611,Transfer,Completed,14190.0
4726,2025-09-09,Pepper,9.0,630.0,north,CUST0363,Transfer,Returned,5670.0
2619,2025-06-11,Pepper,9.0,750.0,West,CUST0311,Transfer,Returned,6750.0
4954,2025-02-10,Yam,4.0,1420.0,west,CUST0347,Transfer,Returned,5680.0
1877,2025-11-21,Milk,2.0,1240.0,North,CUST0165,Transfer,Completed,2480.0
4914,2025-04-28,Water,6.0,470.0,East,CUST0084,Transfer,Completed,2820.0
5656,2025-09-02,Juice,7.0,1480.0,West,CUST0216,POS,Pending,10360.0
1969,2025-09-01,Unknown,2.0,1620.0,South,CUST0603,Cash,Pending,3240.0
2639,2025-07-17,Beans,5.0,1600.0,West,CUST0015,Transfer,Completed,8000.0
5362,2025-05-12,Soft Drink,6.0,710.0,North,CUST0645,Transfer,Returned,4260.0
5909,2025-01-10,Juice,5.0,1510.0,North,CUST0205,Cash,Completed,7550.0
3583,2025-12-04,Water,3.0,500.0,North,CUST0511,Transfer,Pending,1500.0
1262,2025-05-17,GROUNDNUT OIL,10.0,2310.0,East,CUST0268,Cash,Completed,23100.0
3732,2025-01-12,Bread,4.0,880.0,South,CUST0536,Cash,Completed,3520.0
2770,2025-10-29,Pepper,7.0,800.0,East,CUST0583,Transfer,Pending,5600.0
3086,2025-02-20,Tomato Paste,6.0,700.0,West,CUST0195,POS,Completed,4200.0
2347,2025-08-10,Tea,5.0,990.0, West ,CUST0033,Cash,Completed,4950.0
2532,2025-03-07,Pepper,5.0,690.0,South,CUST0012,Unknown,Returned,3450.0
4283,2025-07-15,Tea,5.0,1200.0,West,CUST0014,Transfer,Completed,6000.0
1441,2025-05-08,Beans,1.0,1300.0,North,CUST0204,Transfer,Pending,1300.0
5125,2025-12-30,Tomato Paste,4.0,740.0,East,CUST0577,POS,Completed,2960.0
3996,2025-03-12,Sugar,9.0,1500.0,North,CUST0510,Transfer,Pending,13500.0
3474,2025-07-31,Groundnut Oil,6.0,2400.0,West,CUST0081,POS,Completed,14400.0
4489,2025-06-28,Milk,2.0,1320.0,North,CUST0172,Cash,Completed,2640.0
3961,2025-12-15,Tea,1.0,1100.0,East,CUST0434,Cash,Completed,1100.0
4307,2025-07-04,Water,7.0,400.0,West,CUST0269,Transfer,Completed,2800.0
4208,2025-12-17,Tea,4.0,1130.0,West,CUST0074,POS,Completed,4520.0
1124,2025-03-29,Sugar,2.0,1420.0,South,CUST0635,Cash,Completed,2840.0
5011,2025-08-24,Water,2.0,30000.0,South,CUST0214,Transfer,Completed,60000.0
1545,2025-02-09,Coffee,4.0,1870.0,West,CUST0192,Transfer,Completed,7480.0
5229,2025-05-31,Juice,7.0,1720.0,West,CUST0421,Transfer,Pending,12040.0
1608,2025-05-20,Groundnut Oil,6.0,2440.0,Unknown,CUST0020,Transfer,Returned,14640.0
1593,2025-02-06,Cabbage,1.0,760.0,North,CUST0325,Cash,Completed,760.0
4342,2025-12-02,Toilet Roll,-1.0,830.0,East,CUST0435,Cash,Completed,-830.0
2655,2025-03-05,Cabbage,6.0,810.0,West,CUST0211,Transfer,Completed,4860.0
5516,2025-12-01,Yam,7.0,1420.0,East,CUST0144,Transfer,Pending,9940.0
5752,2025-06-09,Cabbage,8.0,750.0,East,CUST0540,Transfer,Pending,6000.0
2899,2025-03-11,Cabbage,1.0,790.0,South,CUST0405,Cash,Completed,790.0
3771,2025-04-03,Butter,4.0,2020.0,West,CUST0467,Cash,Completed,8080.0
1053,2025-01-01,Unknown,4.0,720.0,West,CUST0373,Transfer,Returned,2880.0
4812,2025-03-31,Rice,5.0,1810.0,South,CUST0480,POS,Completed,9050.0
4076,2025-12-15,Butter,6.0,1690.0,East,CUST0075,POS,Completed,10140.0
5457,2025-01-28,Coffee,7.0,2120.0,North,CUST0596,POS,Completed,14840.0
5352,2025-05-26, Tea ,4.0,1080.0,West,CUST0230,POS,Unknown,4320.0
4101,2025-03-11,Butter,8.0,1720.0,East,CUST0328,Transfer,Returned,13760.0
5066,2025-09-29,Maggi,2.0,460.0,East,CUST0015,Transfer,Returned,920.0
4049,2025-06-23,Tea,3.0,1110.0,South,CUST0453,Transfer,Completed,3330.0
3439,2025-07-01,Coffee,2.0,1840.0,South,CUST0090,Cash,Returned,3680.0
2733,2025-01-11,Carrot,4.0,820.0,Unknown,CUST0471,Transfer,Pending,3280.0
5841,2025-01-01,Butter,6.0,1600.0,West,CUST0650,Cash,Completed,9600.0
3232,2025-06-13,Detergent,4.0,1590.0,West,CUST0194,Transfer,Completed,6360.0
2992,2025-07-19,Detergent,3.0,1780.0,Northh,Unknown,Transfer,Completed,5340.0
5497,2025-01-12,Beans,3.0,1370.0,South,CUST0278,Transfer,Pending,4110.0
2440,2025-10-03,Toothpaste,7.0,1060.0,East,Unknown,Transfer,Returned,7420.0
1487,2025-02-15,Groundnut Oil,8.0,2410.0,East,CUST0510,Cash,Completed,19280.0
4330,2025-01-03,Water,3.0,440.0,West,CUST0576,Transfer,Completed,1320.0
5175,2025-09-23,Groundnut Oil,7.0,2620.0,South,CUST0223,Cash,Completed,18340.0
3113,2025-03-15,Toothpaste,1.0,1340.0,West,CUST0230,Cash,Completed,1340.0
2111,2025-05-17,Beans,7.0,1280.0,East,CUST0100,Transfer,Pending,8960.0
1408,2025-06-24,Butter,6.0,2050.0,North,CUST0061,Transfer,Completed,12300.0
6105,2025-06-02,Groundnut Oil,4.0,2600.0,South,CUST0447,Transfer,Completed,10400.0
4899,2025-05-20,Soft Drink,4.0,810.0,South,CUST0055,POS,Completed,3240.0
3341,2025-06-22,Coffee,8.0,1800.0,East,CUSTOMER-0416,POS,Returned,14400.0
4237,2025-03-10,Soft Drink,1.0,920.0,South,CUST0287,Cash,Pending,920.0
4736,2025-01-31,Maggi,1.0,520.0,North,CUST0229,Transfer,Completed,520.0
3873,2025-08-30,Tomato Paste,4.0,740.0,South,CUST0650,Transfer,Completed,2960.0
2491,2025-10-14,Tomato Paste,4.0,700.0,North,Unknown,Cash,Completed,2800.0
1659,2025-09-08,Pepper,4.0,650.0,North,CUST0361,Transfer,Completed,2600.0
1750,2025-12-20,Maggi,12.0,480.0,East,CUST0009,POS,Completed,5760.0
5466,2025-08-22,Pepper,5.0,640.0,South,CUST0151,Cash,Completed,3200.0
1291,2025-10-24,Juice,6.0,1440.0,West,CUST0338,Transfer,Completed,8640.0
4939,2025-08-21,Soft Drink,5.0,830.0,South,CUST0482,Transfer,Completed,4150.0
2404,2025-01-30,Tomato Paste,7.0,670.0,North,CUST0548,Cash,Completed,4690.0
1526,2025-03-14,Toothpaste,2.0,1060.0,South,CUST0551,Cash,Completed,2120.0
2950,2025-05-16,Cabbage,1.0,740.0,West,CUST0461,Transfer,Completed,740.0
1787,2025-11-20,Tea,3.0,1050.0,North,CUST0131,Transfer,Completed,3150.0
3055,2025-01-16,Rice,5.0,1800.0,South,CUST0115,Cash,Pending,9000.0
2479,2025-06-19,Tea,9.0,1190.0,West,CUST0169,Cash,Pending,10710.0
1974,2025-07-10,Bread,3.0,940.0,North,CUST0498,Transfer,Completed,2820.0
3234,2025-05-19,Juice,7.0,1570.0,Unknown,CUST0574,POS,Completed,10990.0
1566,2025-12-03,Tea,10.0,1130.0,West,CUST0035,POS,Completed,11300.0
3284,2025-10-03,Toothpaste,3.0,1110.0,East,CUSTOMER-0487,Transfer,Completed,3330.0
1470,2025-11-15,Eggs,5.0,1930.0,East,CUST0524,Cash,Completed,9650.0
3851,2025-07-08,Milk,6.0,1410.0,East,CUST0532,Transfer,Completed,8460.0
1029,2025-02-17,Rice,9.0,2070.0,Unknown,CUST0417,Cash,Completed,18630.0
3430,2025-11-19,Beans,6.0,1610.0,South,CUST0550,Transfer,Returned,9660.0
2494,2025-10-28,Rice,3.0,1680.0,North,CUST0260,Cash,Completed,5040.0
3164,2025-08-14,Sugar,11.0,1430.0,West,CUST0065,Cash,Completed,15730.0
1065,2025-05-22,Water,7.0,460.0,West,CUST0282,Transfer,Completed,3220.0
4373,2025-02-11,Juice,5.0,1660.0,North,CUST0371,Transfer,Completed,8300.0
4868,2025-06-11,Tea,6.0,1170.0,East,CUST0504,Cash,Completed,7020.0
2670,2025-01-25,Groundnut Oil,3.0,2580.0,North,CUST0165,Transfer,Pending,7740.0
3304,2025-11-25,Coffee,10.0,2040.0,East,CUST0495,Transfer,Pending,20400.0
3271,2025-04-01,Milk,3.0,1440.0,East,CUST0382,POS,Pending,4320.0
2922,2025-05-08,Coffee,4.0,1800.0,East,CUST0556,Cash,Completed,7200.0
3412,2025-07-09,Eggs,8.0,2310.0,South,CUST0578,Cash,Completed,18480.0
3017,2025-08-27,Toothpaste,9.0,1350.0,East,CUST0130,POS,Completed,12150.0
2190,2025-05-18,Bread,3.0,1090.0,south,CUST0253,Transfer,Completed,3270.0
4328,2025-10-30,BUTTER,3.0,1900.0,North,CUST0644,POS,Completed,5700.0
5889,2025-05-24,Juice,1.0,1650.0,West,CUST0229,Transfer,Completed,1650.0
3495,2025-12-01,Butter,1.0,1920.0,South,CUST0449,POS,Completed,1920.0
6114,2025-07-06,Toothpaste,3.0,1160.0,East,CUST0586,Transfer,Completed,3480.0
6038,2025-01-25,Pepper,2.0,640.0,NORTH,CUST0192,Transfer,Returned,1280.0
5302,2025-09-17,Toilet Roll,5.0,950.0,Noth,CUST0091,Transfer,Completed,4750.0
4482,2025-02-15,Tea,5.0,1080.0,North,CUST0497,Transfer,Pending,5400.0
1949,2025-03-03,Coffee,5.0,1980.0,North,CUST0364,POS,Pending,9900.0
2410,2025-08-14,Milk,2.0,1370.0,North,CUST0266,POS,Completed,2740.0
2710,2025-04-07,Cabbage,3.0,800.0,South,CUST0521,Cash,Completed,2400.0
1717,2025-09-18,Butter,2.0,2000.0,East,CUST0334,Cash,Completed,4000.0
4271,2025-11-24,Detergent,5.0,1580.0,North,Unknown,Cash,Completed,7900.0
5553,2025-03-05,Toothpaste,3.0,1290.0,East,CUST0316,POS,Pending,3870.0
3501,2025-08-22, Tomato Paste ,3.0,720.0,South,CUST0438,Transfer,Completed,2160.0
5851,2025-12-18,Beans,1.0,1410.0,east,CUST0314,Transfer,Completed,1410.0
4039,2025-02-03,Juice,3.0,1570.0,North,CUST0379,Cash,Completed,4710.0
1621,2025-05-09,Butter,9.0,1830.0,South,CUST0573,Transfer,Unknown,16470.0
5779,2025-01-09,Eggs,4.0,2320.0,South,CUST0015,Transfer,Completed,9280.0
6117,2025-07-08,Tea,5.0,1110.0,East,CUST0585,POS,Pending,5550.0
5203,2025-01-17,Cabbage,8.0,810.0,West,CUST0097,Transfer,Completed,6480.0
5279,2025-08-21,Toilet Roll,3.0,960.0,North,CUST0016,POS,Completed,2880.0
2656,2025-01-06,Pepper,5.0,720.0,East,CUST0644,Cash,Completed,3600.0
4386,2025-12-20,Coffee,8.0,2130.0,West,CUST0149,POS,Completed,17040.0
2003,2025-06-05,Water,7.0,420.0,South,CUST0372,Transfer,Completed,2940.0
1212,2025-07-07,Water,3.0,520.0,East,CUST0620,Transfer,Completed,1560.0
2233,2025-03-14,Carrot,1.0,770.0,South,CUST0154,POS,Completed,770.0
5819,2025-06-18,Juice,4.0,1730.0,West,CUST0069,Cash,Completed,6920.0
3490,2025-04-25,Milk,10.0,1290.0,East,CUST0210,Transfer,Unknown,12900.0
1746,2025-04-30,Toothpaste,3.0,1290.0,South,CUST0269,Transfer,Pending,3870.0
5702,2025-05-07,Milk,5.0,1330.0,East,CUST0592,Transfer,Completed,6650.0
2856,2025-02-04,Unknown,4.0,2080.0,East,CUST0580,Transfer,Completed,8320.0
1050,2025-06-29,Eggs,5.0,2080.0,North,CUST0029,Transfer,Unknown,10400.0
6045,2025-11-27,Groundnut Oil,4.0,2560.0,East,CUST0533,POS,Completed,10240.0
3697,2025-09-12,Milk,3.0,1210.0,West,Unknown,Transfer,Pending,3630.0
5954,2025-08-25,Toilet Roll,2.0,900.0,North,CUST0072,Transfer,Completed,1800.0
3368,2025-05-27,Sugar,2.0,1390.0,West,CUST0597,Transfer,Completed,2780.0
3761,2025-09-28,Maggi,4.0,460.0,South,CUST0191,Cash,Pending,1840.0
5340,2025-03-31,Beans,2.0,1440.0,South,CUST0365,Transfer,Completed,2880.0
4610,2025-10-14,Carrot,5.0,790.0,West,CUST0594,Transfer,Returned,3950.0
5244,2025-09-06,Butter,2.0,1980.0,South,CUST0271,Transfer,Completed,3960.0
5568,2025-02-28,Juice,3.0,1380.0,North,CUST0186,Transfer,Completed,4140.0
4351,2025-05-08,Yam,4.0,1680.0,West,CUST0087,POS,Completed,6720.0
1833,2025-02-19,Carrot,5.0,830.0,West,CUST0014,Transfer,Completed,4150.0
5854,2025-05-12,Pepper,4.0,800.0,West,CUST0646,Transfer,Completed,3200.0
3625,2025-06-03,Butter,2.0,1820.0,South,CUST0072,POS,Returned,3640.0
4543,2025-11-18,Unknown,4.0,1430.0,East,CUST0085,POS,Pending,5720.0
2395,2025-03-04,Maggi,6.0,450.0,West,CUST0507,Cash,Pending,2700.0
1899,2025-01-26,Sugar,4.0,1350.0,North,CUST0153,Transfer,Completed,5400.0
5422,2025-09-24,Toilet Roll,4.0,880.0,North,CUST0557,Transfer,Completed,3520.0
2583,2025-05-12,Coffee,7.0,1820.0,West,CUST0234,Cash,Completed,12740.0
3404,2025-08-21,Sugar,2.0,1510.0,South,CUST0138,Transfer,Pending,3020.0
4970,2025-11-29,Groundnut Oil,1.0,2180.0,South,CUST0489,POS,Completed,2180.0
5432,2025-11-29,Groundnut Oil,3.0,2650.0,East,CUST0021,Transfer,Completed,7950.0
4523,2025-09-18,Tea,1.0,1070.0,North,CUST0534,Cash,Returned,1070.0
5313,2025-07-16,Eggs,7.0,1980.0,North,Unknown,Transfer,Completed,13860.0
3183,2025-12-18,Tea,5.0,1000.0,East,CUST0149,Transfer,Completed,5000.0
5937,2025-10-01,Butter,6.0,1880.0,North,CUST0005,Transfer,Completed,11280.0
4003,2025-11-14,Rice,8.0,1860.0,West,CUST0405,POS,Completed,14880.0
3793,2025-04-09,Carrot,3.0,790.0,West,CUST0251,Transfer,Completed,2370.0
3159,2025-05-06,Toilet Roll,4.0,920.0,West,CUST0567,Cash,Completed,3680.0
1072,2025-11-26,Milk,4.0,1400.0,West,CUST0052,Transfer,Completed,5600.0
5286,2025-04-22,Butter,4.0,1660.0,North,CUST0601,POS,Completed,6640.0
4063,2025-06-05,Maggi,5.0,580.0,West,CUST0233,Transfer,Completed,2900.0
6035,2025-08-17,Toothpaste,4.0,1220.0,North,CUST0228,Transfer,Returned,4880.0
5605,2025-08-11,Tea,4.0,1190.0,East,CUST0093,POS,Completed,4760.0
2188,2025-08-07,Unknown,1.0,1680.0,East,CUST0390,Transfer,Completed,1680.0
1010,2025-01-17,Coffee,7.0,1940.0,East,CUST0217,POS,Completed,13580.0
3182,2025-04-09,Toilet Roll,1.0,1000.0,East,CUST0591,Transfer,Completed,1000.0
1980,2025-12-29,Sugar,1.0,1430.0,North,CUST0575,Cash,Completed,1430.0
5023,2025-06-09,Tea,4.0,1020.0,West,CUST0439,Cash,Completed,4080.0
4083,2025-06-02,Milk,5.0,1110.0,North,CUST0003,POS,Completed,5550.0
1465,2025-09-08,Pepper,3.0,650.0,South,CUST0020,Transfer,Completed,1950.0
6029,2025-05-27,Juice,3.0,1410.0,North,CUST0219,Transfer,Returned,4230.0
3014,2025-05-17,Sugar,6.0,1460.0, North ,CUST0464,Transfer,Returned,8760.0
1737,2025-08-29,Rice,4.0,2100.0,North,CUST0432,Transfer,Returned,8400.0
2658,2025-05-20,Pepper,10.0,620.0,North,CUST0116,Cash,Completed,6200.0
1997,2025-05-20,Groundnut Oil,3.0,2770.0,North,CUST0216,Cash,Completed,8310.0
5480,2025-11-29,Maggi,3.0,490.0,West,Unknown,Transfer,Returned,1470.0
6085,2025-12-25,Sugar,5.0,1330.0,Unknown,CUST0424,POS,Completed,6650.0
3770,2025-08-12,Sugar,8.0,1410.0,East,CUST0248,POS,Completed,11280.0
2592,2025-12-11,Tomato Paste,3.0,740.0,South,CUST0351,Cash,Completed,2220.0
4095,2025-11-30,Toothpaste,8.0,1100.0,South,CUST0593,Cash,Completed,8800.0
1546,2025-12-05,Bread,2.0,1050.0,East,CUST0494,Cash,Completed,2100.0
4630,2025-08-21,Beans,5.0,1620.0,North,CUST0594,Cash,Completed,8100.0
3972,2025-03-10,Toothpaste,3.0,1310.0,South,CUST0472,Transfer,Pending,3930.0
5316,2025-08-03,Cabbage,6.0,860.0,East,CUST0125,Cash,Completed,5160.0
1323,2025-11-01,Toothpaste,5.0,1080.0,West,CUST0364,Transfer,Completed,5400.0
4764,2025-04-30,Carrot,10.0,920.0,East,CUST0357,Cash,Returned,9200.0
5491,2025-09-05,Soft Drink,6.0,760.0,East,CUST0219,Cash,Completed,4560.0
2393,2025-10-18,Toothpaste,1.0,1330.0,West,CUST0059,Transfer,Completed,1330.0
1316,2025-06-05,Butter,1.0,1780.0,South,CUST0338,Transfer,Completed,1780.0
2375,2025-07-11,Groundnut Oil,5.0,2680.0,West,CUST0329,Transfer,Completed,13400.0
1792,2025-03-18,Juice,9.0,1700.0,SOUTH,CUST0046,Transfer,Completed,15300.0
5634,2025-12-07,Beans,4.0,1530.0,West,CUST0351,Cash,Pending,6120.0
5141,2025-07-09,Unknown,10.0,1500.0,South,CUST0096,Transfer,Completed,15000.0
2209,2025-07-22,Water,2.0,430.0,South,CUST0378,Transfer,Completed,860.0
1882,2025-03-13,Cabbage,2.0,810.0,East,CUST0535,Cash,Unknown,1620.0
5169,2025-11-06,Rice,1.0,1700.0,North,CUST0265,POS,Completed,1700.0
4526,2025-05-03,Toothpaste,5.0,1350.0,South,CUST0486,Transfer,Completed,6750.0
5652,2025-01-26,Rice,10.0,1860.0,West,CUST0319,Transfer,Completed,18600.0
1815,2025-12-08,Juice,2.0,1560.0,South,CUST0347,Cash,Completed,3120.0
1894,2025-11-25,Groundnut Oil,2.0,2380.0,North,CUST0322,Cash,Completed,4760.0
3618,2025-12-03,Soft Drink,9.0,920.0,West,CUST0108,Transfer,Completed,8280.0
4248,2025-07-07,Bread,4.0,940.0,South,CUST0116,Transfer,Completed,3760.0
4240,2025-12-20,Toilet Roll,9.0,950.0,East,CUST0222,POS,Completed,8550.0
4891,2025-09-03,Rice,1.0,1720.0,South,CUST0044,POS,Pending,1720.0
5808,2025-01-27,Water,3.0,420.0,West,CUST0185,POS,Pending,1260.0
3395,2025-02-19,Juice,5.0,1410.0,East,CUST0024,Cash,Returned,7050.0
3905,2025-06-06,Milk,6.0,1330.0,East,CUST0292,Cash,Completed,7980.0
2122,2025-06-17,Sugar,9.0,1480.0,West,CUST0264,Cash,Returned,13320.0
2284,2025-06-15,Unknown,2.0,1220.0,South,CUST0012,Cash,Completed,2440.0
1973,2025-11-05,Bread,8.0,870.0,North,CUST0586,Transfer,Completed,6960.0
3463,2025-04-17,Water,10.0,480.0,North,CUST0208,Transfer,Completed,4800.0
3653,2025-07-28,Juice,2.0,1390.0,East,CUST0508,POS,Pending,2780.0
1068,2025-07-19,Tomato Paste,9.0,680.0,East,CUST0590,Transfer,Completed,6120.0
3912,2025-02-13,Rice,4.0,1820.0,East,CUST0460,Cash,Completed,7280.0
4816,2025-07-01,Butter,4.0,1910.0,South,CUST0107,Transfer,Completed,7640.0
4754,2025-02-10,Eggs,3.0,1960.0,East,CUST0529,Transfer,Unknown,5880.0
4400,2025-04-07,Carrot,7.0,910.0,East,CUST0399,Unknown,Returned,6370.0
2818,2025-12-21,Milk,2.0,1120.0,South,CUST0031,Transfer,Completed,2240.0
1940,2025-11-10,Juice,10.0,1700.0,South,CUST0238,Cash,Completed,17000.0
5100,2025-03-17,Yam,8.0,1580.0,West,CUST0106,Transfer,Completed,12640.0
1639,2025-10-11,Eggs,4.0,2180.0,West,CUST0097,Transfer,Completed,8720.0
1385,2025-02-17,Eggs,1.0,1980.0,South,CUST0382,Cash,Completed,1980.0
2301,2025-09-29,Water,3.0,400.0,West,CUST0331,Transfer,Completed,1200.0
4411,2025-11-03,Detergent,4.0,1860.0,North,CUST0637,Transfer,Completed,7440.0
4593,2025-06-13,Cabbage,4.0,740.0,North,CUST0387,POS,Completed,2960.0
4885,2025-12-18,Sugar,2.0,1210.0,South,CUST0384,POS,Completed,2420.0
5357,2025-04-19,Coffee,9.0,2060.0,South,CUST0095,Transfer,Pending,18540.0
4427,2025-03-31,Juice,1.0,1720.0,West,CUST0492,Transfer,Completed,1720.0
2243,2025-01-23,Juice,5.0,1650.0,East,CUST0050,Transfer,Unknown,8250.0
3785,2025-03-02,Juice,7.0,1410.0,East,CUST0306,POS,Completed,9870.0
4973,2025-09-21,eggs,6.0,30000.0,South,CUST0512,Cash,Completed,180000.0
4920,2025-08-23,Unknown,10.0,2250.0,West,CUST0455,POS,Pending,22500.0
3294,2025-02-01,Soft Drink,3.0,920.0,South,CUST0593,Cash,Pending,2760.0
1991,2025-06-05,Butter,5.0,1810.0,West,CUST0146,Transfer,Returned,9050.0
4778,2025-07-17,Tea,6.0,1260.0,South,CUST0468,Transfer,Returned,7560.0
4632,2025-06-07,Cabbage,8.0,770.0,North,Unknown,Transfer,Completed,6160.0
4086,2025-04-30,Coffee,1.0,2220.0,North,CUST0388,Cash,Completed,2220.0
3226,2025-01-15,Maggi,5.0,530.0,North,CUST0098,POS,Pending,2650.0
1763,2025-08-24,Milk,7.0,1200.0,Sout,CUST0181,Cash,Returned,8400.0
3417,2025-06-06,Soft Drink,4.0,890.0,West,CUST0409,Cash,Completed,3560.0
2300,2025-02-02,water,4.0,510.0,North,CUST0601,Transfer,Completed,2040.0
5614,2025-11-04,Rice,2.0,2080.0,Unknown,CUST0528,Transfer,Completed,4160.0
2487,2025-11-11,Milk,2.0,1160.0,East,CUST0332,Unknown,Returned,2320.0
5595,2025-02-10,Rice,2.0,1690.0,North,CUST0022,Transfer,Completed,3380.0
4821,2025-10-06,Yam,3.0,1490.0,South,CUST0137,Transfer,Completed,4470.0
4901,2025-11-03,Beans,2.0,1600.0,West,CUST0411,Cash,Completed,3200.0
3269,2025-03-19,Sugar,3.0,1550.0,South,CUST0439,POS,Completed,4650.0
1905,2025-10-13,Bread,1.0,920.0,West,CUST0483,POS,Returned,920.0
5795,2025-04-24,Bread,6.0,840.0,South, CUST0602 ,Cash,Pending,5040.0
4404,2025-06-24,Coffee,6.0,2210.0,West,CUST0613,POS,Completed,13260.0
4861,2025-05-26,Pepper,6.0,670.0,South,CUST0364,POS,Completed,4020.0
3812,2025-02-26,Unknown,5.0,1300.0,East,CUST0310,POS,Completed,6500.0
4133,2025-04-21,Eggs,-1.0,2240.0,South,CUST0211,POS,Completed,-2240.0
2074,2025-07-11,Coffee,9.0,1830.0,East,CUST0432,Transfer,Completed,16470.0
2448,2025-08-11,Rice,1.0,1920.0,West,CUST0183,Transfer,Completed,1920.0
2265,2025-12-19,Toothpaste,7.0,1380.0,South,CUST0364,POS,Completed,9660.0
2921,2025-10-30,Beans,3.0,1630.0,East,CUST0152,Cash,Pending,4890.0
1424,2025-08-31,Milk,8.0,1210.0,South,CUST0483,Cash,Completed,9680.0
1251,2025-06-27,Milk,9.0,1330.0,South,CUST0220,Transfer,Completed,11970.0
3062,2025-02-17,Milk,3.0,1110.0,North,CUST0134,Cash,Completed,3330.0
5856,2025-10-22,Bread,5.0,1090.0,South,CUST0510,Transfer,Completed,5450.0
1966,2025-08-21,Rice,3.0,1750.0,West,CUST0359,Transfer,Completed,5250.0
3126,2025-09-30,Water,3.0,460.0,South,CUST0191,Cash,Pending,1380.0
3179,2025-07-18,Coffee,5.0,2160.0,North,CUST0113,Cash,Completed,10800.0
3673,2025-12-26,Cabbage,3.0,820.0,South,CUST0262,Cash,Completed,2460.0
1870,2025-10-02,Milk,2.0,1190.0,North,CUST0588,Transfer,Completed,2380.0
3783,2025-03-22,Beans,8.0,1530.0,North,CUST0112,Cash,Completed,12240.0
3336,2025-11-27,Coffee,2.0,2030.0,South,CUST0424,Cash,Completed,4060.0
1071,2025-03-26,Cabbage,8.0,890.0,East,CUST0404,Cash,Completed,7120.0
2981,2025-05-30,Toilet Roll,3.0,890.0,South,CUST0593,Transfer,Completed,2670.0
3129,2025-07-11,Pepper,3.0,650.0,South,CUST0472,Cash,Completed,1950.0
3547,2025-07-23,Groundnut Oil,5.0,2400.0,South,CUST0447,POS,Pending,12000.0
3655,2025-01-27,Soft Drink,1.0,770.0,South,CUST0102,Cash,Completed,770.0
3828,2025-01-11,Tomato Paste,10.0,600.0,South,CUST0039,Unknown,Completed,6000.0
4278,2025-03-14,Toilet Roll,3.0,930.0,North,CUST0607,POS,Returned,2790.0
1976,2025-03-04,Rice,5.0,1660.0,East,CUST0428,Cash,Completed,8300.0
1630,2025-10-13,Carrot,6.0,960.0,North,CUST0060,POS,Completed,5760.0
4402,2025-05-18,Pepper,5.0,760.0,East,CUST0318,Cash,Pending,3800.0
2754,2025-12-04,Groundnut Oil,1.0,2480.0,West,CUST0640,Transfer,Completed,2480.0
3975,2025-02-03,Rice,4.0,1730.0,West,CUST0529,Transfer,Completed,6920.0
4181,2025-08-03,Coffee,6.0,1750.0,East,CUST0144,Transfer,Completed,10500.0
5445,2025-05-24,Toothpaste,6.0,1150.0,West,CUST0167,POS,Completed,6900.0
3626,2025-09-12,Toilet Roll,2.0,980.0,West,CUST0451,Transfer,Completed,1960.0
3977,2025-06-14,Unknown,8.0,680.0,North,CUST0351,Transfer,Completed,5440.0
3218,2025-06-12,Milk,7.0,1110.0,East,CUST0604,Transfer,Pending,7770.0
2342,2025-11-10,Pepper,2.0,770.0,North,CUST0296,Transfer,Completed,1540.0
5367,2025-03-02,Rice,1.0,1940.0,West,CUST0447,POS,Completed,1940.0
1426,2025-08-27,Groundnut Oil,3.0,2670.0,East,CUST0155,POS,Completed,8010.0
2936,2025-01-19,Butter,1.0,1880.0,East,CUST0152,Transfer,Completed,1880.0
3955,2025-10-15,Water,2.0,470.0,South,CUST0357,Cash,Completed,940.0
1613,2025-07-17,Coffee,7.0,1960.0,East,CUST0204,Cash,Pending,13720.0
1761,2025-10-04,Milk,2.0,1230.0,South,CUST0125,POS,Returned,2460.0
2762,2025-02-11,Tea,2.0,1190.0,East,CUST0004,Transfer,Completed,2380.0
1784,2025-10-24,Juice,3.0,1400.0,North,CUST0236,POS,Completed,4200.0
3021,2025-03-13,Tea,7.0,1040.0,East,CUST0531,Transfer,Completed,7280.0
2500,2025-11-11,Water,6.0,440.0,North,CUST0174,POS,Completed,2640.0
2802,2025-01-22,Detergent,1.0,1910.0,West,CUST0141,Cash,Completed,1910.0
6073,2025-10-25,Coffee,8.0,1740.0,North,CUST0066,Cash,Pending,13920.0
4980,2025-06-14,Beans,9.0,1500.0,East,CUST0040,Cash,Unknown,13500.0
3038,2025-09-22,Unknown,2.0,2110.0,West,CUST0542,Cash,Completed,4220.0
3452,2025-12-06,Yam,4.0,1660.0,South,CUST0375,Transfer,Completed,6640.0
2214,2025-03-09,Beans,3.0,1310.0,West,CUST0643,Cash,Pending,3930.0
1497,2025-09-16,Pepper,8.0,700.0,West,CUST0281,Transfer,Completed,5600.0
4791,2025-08-01,Milk,1.0,1300.0,West,CUST0576,Transfer,Completed,1300.0
5968,2025-07-28,Tomato Paste,5.0,730.0,North,CUST0457,Cash,Completed,3650.0
2226,2025-12-22,Detergent,11.0,1830.0,North,CUST0142,POS,Completed,20130.0
4504,2025-11-25,Cabbage,3.0,820.0,East,CUST0061,POS,Pending,2460.0
5174,2025-12-15,Beans,5.0,1340.0,North,CUST0167,Unknown,Completed,6700.0
3694,2025-01-30,Bread,5.0,910.0,East,CUST0143,Cash,Completed,4550.0
2808,2025-11-05,Groundnut Oil,11.0,2560.0,South,CUST0210,Transfer,Completed,28160.0
1150,2025-12-18,Tomato Paste,2.0,700.0,South,CUST0076,POS,Completed,1400.0
5241,2025-01-16,Eggs,3.0,1870.0,West,CUST0418,Transfer,Completed,5610.0
3241,2025-06-23,Toothpaste,2.0,1100.0,North,CUST0594,POS,Pending,2200.0
2116,2025-09-01,Maggi,4.0,530.0,East,CUST0330,Transfer,Completed,2120.0
1156,2025-06-18,Toothpaste,6.0,1190.0,South,Unknown,POS,Completed,7140.0
3177,2025-06-28,Groundnut Oil,6.0,2580.0,North,CUST0527,Transfer,Completed,15480.0
1982,2025-01-10,Toilet Roll,2.0,1030.0, West ,CUST0020,Transfer,Completed,2060.0
3550,2025-10-10,Tomato Paste,3.0,710.0,East,CUST0077,Transfer,Completed,2130.0
4983,2025-11-08,Carrot,4.0,900.0,South,CUST0596,Cash,Completed,3600.0
5800,2025-12-13,Tomato Paste,4.0,730.0,South,CUST0574,POS,Pending,2920.0
3013,2025-02-25,Tomato Paste,1.0,600.0,East,CUST0158,Transfer,Completed,600.0
2611,2025-09-09,Toothpaste,3.0,1170.0,East,CUST0078,Cash,Returned,3510.0
1764,2025-04-08,Maggi,3.0,490.0,Unknown,CUST0646,Cash,Completed,1470.0
3964,2025-07-07,Eggs,2.0,2250.0,North,CUST0479,Cash,Completed,4500.0
1270,2025-07-22,Rice,3.0,1630.0,West,CUST0593,POS,Completed,4890.0
6044,2025-06-08,Pepper,4.0,780.0,South,CUST0607,POS,Completed,3120.0
5934,2025-04-17,Detergent,4.0,1920.0,South,CUST0415,Transfer,Completed,7680.0
5159,2025-12-18,Butter,3.0,1890.0,South,Unknown,Transfer,Completed,5670.0
2172,2025-05-08,Maggi,8.0,560.0,East,CUST0298,Transfer,Completed,4480.0
2662,2025-02-12,Carrot,1.0,920.0,South,CUST0249,Cash,Completed,920.0
3461,2025-02-10,Coffee,7.0,2250.0,West,CUST0136,Transfer,Completed,15750.0
1957,2025-02-05,Toilet Roll,1.0,870.0,West,CUST0445,Transfer,Completed,870.0
4466,2025-09-01,Coffee,3.0,1950.0,South,CUST0289,Transfer,Pending,5850.0
2661,2025-05-22,Eggs,9.0,2220.0,west ,CUST0430,Cash,Completed,19980.0
1386,2025-02-18,Juice,4.0,1590.0,South,CUST0077,Cash,Completed,6360.0
1695,2025-06-07,Milk,3.0,1290.0,East,CUST0117,Cash,Completed,3870.0
1573,2025-12-15,Groundnut Oil,4.0,2510.0,East,CUST0494,Transfer,Completed,10040.0
3848,2025-09-16,Groundnut Oil,10.0,2460.0,North,CUST0218,Unknown,Completed,24600.0
5670,2025-02-07,Tea,9.0,1040.0,South,CUST0223,Cash,Completed,9360.0
1930,2025-04-02,Groundnut Oil,7.0,2680.0,East,CUST0086,Transfer,Completed,18760.0
5224,2025-07-05,Unknown,9.0,850.0,West,CUST0161,Unknown,Completed,7650.0
3128,2025-08-22,Maggi,5.0,440.0,East,CUST0172,Transfer,Completed,2200.0
5191,2025-11-04,Soft Drink,4.0,870.0,North,CUST0565,Cash,Completed,3480.0
1752,2025-02-17,Soft Drink,1.0,840.0,West,CUST0614,Cash,Completed,840.0
5267,2025-05-16,Carrot,11.0,980.0,East,CUST0451,Cash,Completed,10780.0
4281,2025-05-24,Pepper,2.0,640.0,East,CUST0411,POS,Completed,1280.0
5629,2025-04-21,Eggs,4.0,2020.0,West,CUST0165,Cash,Completed,8080.0
2192,2025-08-09,Bread,2.0,1090.0,North,UNKNOWN,Transfer,Completed,2180.0
6111,2025-11-14,Milk,1.0,1290.0,South,CUST0341,Transfer,Completed,1290.0
3406,2025-10-12,Water,6.0,430.0,West,CUST0104,Cash,Pending,2580.0
4202,2025-11-11,Bread,3.0,1040.0,West,CUST0630,Cash,Completed,3120.0
2407,2025-07-05,Eggs,3.0,2000.0,east,CUST0128,Transfer,Completed,6000.0
3499,2025-03-10,Rice,3.0,1930.0,East,CUST0221,Transfer,Completed,5790.0
6052,2025-01-12,Bread,7.0,860.0,North,CUST0183,Cash,Completed,6020.0
2136,2025-03-09,Bread,3.0,1050.0,East,CUST0312,Cash,Completed,3150.0
5017,2025-01-05,Toilet Roll,7.0,940.0,East,CUST0281,Cash,Completed,6580.0
2261,2025-08-09,Carrot,11.0,800.0,West,CUST0024,POS,Completed,8800.0
3586,2025-05-28,Unknown,3.0,1760.0,East,CUST0171,Cash,Pending,5280.0
1174,2025-10-16,Groundnut Oil,7.0,2410.0,North,CUST0643,Transfer,Completed,16870.0
2372,2025-07-26,Soft Drink,1.0,710.0,West,CUST0238,Transfer,Completed,710.0
4189,2025-05-30,Soft Drink,3.0,910.0,East,CUST0330,Cash,Returned,2730.0
5166,2025-06-23,Beans,7.0,1280.0,North,CUST0234,Transfer,Completed,8960.0
5870,2025-06-13,Groundnut Oil,7.0,2290.0,North,CUST0516,Cash,Pending,16030.0
1117,2025-12-06,Cabbage,7.0,830.0,West,CUST0508,POS,Completed,5810.0
3057,2025-03-03,Soft Drink,11.0,910.0,East,CUST0636,Cash,Completed,10010.0
5416,2025-01-31,Juice,6.0,1390.0,North,CUST0607,Transfer,Completed,8340.0
2198,2025-06-27,Toothpaste,9.0,1210.0,East,CUST0447,Transfer,Completed,10890.0
1800,2025-07-07,Beans,3.0,1540.0,East,CUST0575,Cash,Completed,4620.0
6146,2025-08-12,Cabbage,1.0,830.0,East,CUST0283,Transfer,Completed,830.0
2527,2025-04-24,Rice,8.0,1720.0,West,CUST0378,Card,Completed,13760.0
4214,2025-05-13,Toothpaste,2.0,1280.0,West,CUST0509,Transfer,Completed,2560.0
4102,2025-04-05,Butter,6.0,1610.0,South,CUST0144,Cash,Completed,9660.0
1705,2025-12-13,Toilet Roll,12.0,840.0,East,CUST0471,Transfer,Pending,10080.0
4531,2025-09-19,Tomato Paste,4.0,650.0,North,CUST0433,Cash,Completed,2600.0
3658,2025-02-05,Butter,5.0,1680.0,East,CUST0011,Transfer,Completed,8400.0
2597,2025-07-09,Yam,2.0,1560.0,North,CUST0323,Transfer,Completed,3120.0
2903,2025-09-07,Pepper,2.0,620.0,South,CUST0151,Transfer,Completed,1240.0
2534,2025-09-15,Groundnut Oil,3.0,2430.0,North,CUST0548,POS,Completed,7290.0
2307,2025-10-30,Pepper,3.0,730.0,North,CUST0019,Cash,Pending,2190.0
1796,2025-08-26,Groundnut Oil,7.0,2700.0,South,CUST0190,POS,Completed,18900.0
5439,2025-08-22,Carrot,7.0,800.0,Unknown,CUST0593,Transfer,Pending,5600.0
1978,2025-12-08,Groundnut Oil,4.0,2690.0,North,CUST0092,POS,Completed,10760.0
5423,2025-04-06,Groundnut Oil,10.0,2520.0,West,CUST0395,Cash,Completed,25200.0
3806,2025-03-03,Tomato Paste,4.0,710.0,East,CUST0005,Cash,Completed,2840.0
4004,2025-01-31,Toothpaste,5.0,1100.0,East,CUST0394,Transfer,Completed,5500.0
3591,2025-02-21,Pepper,4.0,810.0,Northh,CUST0501,Transfer,Completed,3240.0
5733,2025-02-28,Cabbage,6.0,770.0,South,CUST0249,Cash,Pending,4620.0
2365,2025-08-06,Tomato Paste,2.0,620.0,East,CUST0578,Transfer,Completed,1240.0
1893,2025-10-08,Soft Drink,6.0,810.0,East,CUST0054,Cash,Completed,4860.0
4356,2025-10-31,Bread,5.0,940.0,East,CUST0330,Transfer,Completed,4700.0
5765,2025-03-14,Carrot,1.0,940.0,West,CUST0270,POS,Completed,940.0
5072,2025-06-24,Eggs,4.0,2110.0,South,CUST0483,Transfer,Completed,8440.0
1032,2025-10-24,Beans,6.0,1300.0,North,CUST0059,Transfer,Completed,7800.0
5978,2025-08-25,Tomato Paste,4.0,740.0,West,CUST0449,Transfer,Completed,2960.0
2027,2025-12-21,Coffee,2.0,2060.0,West,CUST0493,Cash,Returned,4120.0
5599,2025-04-13,Toothpaste,6.0,1210.0,East,CUST0248,Transfer,Returned,7260.0
3889,2025-05-08,Beans,5.0,1540.0,South,CUST0001,Transfer,Completed,7700.0
5989,2025-10-13,Groundnut Oil,7.0,2730.0,South,CUST0304,Transfer,Pending,19110.0
4488,2025-03-14,Rice,3.0,1820.0,North,CUST0429,POS,Completed,5460.0
5983,2025-01-16,Eggs,6.0,2360.0,South,CUST0232,Transfer,Completed,14160.0
1092,2025-09-09,Water,2.0,400.0,North,CUST0481,Cash,Completed,800.0
2323,2025-02-26,Bread,3.0,1070.0,West,CUST0274,Transfer,Completed,3210.0
5278,2025-01-28,Coffee,10.0,1780.0,South,CUST0636,Transfer,Completed,17800.0
1432,2025-05-22,Pepper,4.0,800.0,East,CUST0639,Cash,Pending,3200.0
5551,2025-06-21,Yam,1.0,1690.0,South,CUST0181,POS,Completed,1690.0
2299,2025-06-13,Eggs,5.0,2210.0,South,CUST0205,Cash,Completed,11050.0
5485,2025-07-07,Groundnut Oil,6.0,2470.0,East,CUST0287,Transfer,Pending,14820.0
5109,2025-04-17,Groundnut Oil,11.0,2610.0,South,CUST0317,Transfer,Completed,28710.0
4997,2025-02-28,Milk,2.0,1210.0,West,CUST0269,POS,Completed,2420.0
4345,2025-08-14,Unknown,2.0,720.0,West,CUST0221,Unknown,Completed,1440.0
1346,2025-06-29,Juice,5.0,1570.0,West,CUST0332,POS,Completed,7850.0
4319,2025-12-06,Toothpaste,7.0,1170.0,West,CUST0275,Cash,Pending,8190.0
3772,2025-03-31,Sugar,10.0,1240.0,East,CUST0109,POS,Pending,12400.0
1293,2025-09-09,Water,4.0,490.0,North,CUST0174,Transfer,Completed,1960.0
ORD-7962,2025-07-27,Detergent,2.0,1960.0,East,CUST0097,Transfer,Completed,3920.0
5178,2025-06-01,Unknown,6.0,1470.0,North,CUST0208,Transfer,Completed,8820.0
5913,2025-10-20,Toilet Roll,2.0,860.0,North,CUST0015,Cash,Pending,1720.0
4157,2025-07-05,Water,4.0,400.0,South,CUST0009,Cash,Returned,1600.0
5717,2025-03-01,Beans,3.0,1630.0,East,CUST0384,Transfer,Completed,4890.0
3584,2025-10-05,Yam,3.0,1760.0,North,CUST0612,Transfer,Completed,5280.0
1795,2025-01-09,Milk,4.0,1210.0,SOUTH,CUST0585,Cash,Completed,4840.0
2210,2025-04-03,Detergent,4.0,1940.0,West,CUST0194,Cash,Returned,7760.0
4813,2025-04-11,Juice,5.0,1470.0,South,CUST0593,Transfer,Completed,7350.0
5237,2025-09-26,Detergent,1.0,1650.0,West,CUST0204,Cash,Completed,1650.0
1139,2025-03-01,Detergent,1.0,1970.0,Unknown,CUST0398,Cash,Completed,1970.0
3746,2025-04-23,Milk,1.0,1210.0,East,CUST0436,Cash,Pending,1210.0
3878,2025-08-21,Milk,2.0,1150.0,West,CUST0616,POS,Completed,2300.0
4955,2025-09-25,Maggi,6.0,490.0,East,CUST0324,POS,Completed,2940.0
4184,2025-05-25,Toothpaste,6.0,1140.0,West,CUST0257,Transfer,Completed,6840.0
5354,2025-01-02,Beans,5.0,1500.0,North,CUST0123,Transfer,Returned,7500.0
1472,2025-06-01,Tomato Paste,2.0,670.0,West,CUST0493,Transfer,Completed,1340.0
5721,2025-02-13,Butter,1.0,1820.0,North,Unknown,Transfer,Returned,1820.0
1085,2025-12-26,Soft Drink,8.0,830.0, West ,CUST0088,Transfer,Completed,6640.0
1681,2025-06-21,Sugar,5.0,1440.0,West,CUST0167,POS,Completed,7200.0
4287,2025-11-16,Sugar,6.0,1420.0,West,CUST0051,POS,Completed,8520.0
1208,2025-08-06,Milk,1.0,1310.0,West,CUST0559,Transfer,Completed,1310.0
4312,2025-07-28,Tea,5.0,1220.0,East,CUST0394,Transfer,Completed,6100.0
4534,2025-04-13,Water,1.0,460.0,North,CUST0338,Cash,Completed,460.0
4623,2025-10-12,Water,5.0,420.0,South,CUST0395,Cash,Completed,2100.0
4648,2025-01-04,Toilet Roll,3.0,1040.0,Noth,CUST0310,POS,Completed,3120.0
1847,2025-07-04,DETERGENT,6.0,1810.0,East,CUST0085,Transfer,Completed,10860.0
5492,2025-09-20,Coffee,12.0,2150.0,South,CUST0640,Cash,Completed,25800.0
5803,2025-10-28,Tea,3.0,1270.0,West,CUST0135,Transfer,Completed,3810.0
3773,2025-11-30,Carrot,8.0,850.0,East,CUST0504,Transfer,Completed,6800.0
4128,2025-09-16,Eggs,8.0,1890.0,East,CUST0186,Cash,Completed,15120.0
2141,2025-05-04,Bread,4.0,920.0,West,CUST0385,POS,Returned,3680.0
2348,2025-11-23,Maggi,3.0,500.0,East,CUST0268,POS,Completed,1500.0
4399,2025-02-28,Beans,7.0,1540.0,East,CUST0512,Transfer,Returned,10780.0
6048,2025-03-30,Groundnut Oil,2.0,2540.0,East,CUST0090,Cash,Completed,5080.0
3565,2025-07-30,Bread,4.0,910.0,South,CUST0532,Unknown,Completed,3640.0
5137,2025-01-22,Butter,5.0,2060.0,North,CUST0043,Cash,Returned,10300.0
4262,2025-08-15,Rice,9.0,1700.0,Unknown,CUST0145,Cash,Completed,15300.0
5649,2025-01-17,Carrot,1.0,980.0,North,CUST0582,Transfer,Completed,980.0
4387,2025-02-28,Soft Drink,6.0,740.0,East,CUST0393,Transfer,Completed,4440.0
3847,2025-05-15,Milk,6.0,1120.0,South,CUST0421,Cash,Completed,6720.0
4936,2025-05-10,Toothpaste,6.0,1390.0,West,CUST0083,Transfer,Completed,8340.0
1898,2025-01-11,Coffee,10.0,2220.0,West,CUST0092,POS,Completed,22200.0
4241,2025-11-24,Juice,7.0,1630.0,North,CUST0262,Cash,Completed,11410.0
3730,2025-05-13,Toilet Roll,1.0,960.0,South,CUST0537,Transfer,Completed,960.0
2094,2025-05-12,Sugar,3.0,1300.0,North,CUST0385,Cash,Completed,3900.0
1463,2025-02-22,Butter,3.0,1880.0,West,CUST0067,POS,Completed,5640.0
4711,2025-05-02,Tomato Paste,3.0,570.0,East,CUST0470,Transfer,Completed,1710.0
1751,2025-09-26,Bread,2.0,950.0,West,CUST0291,Transfer,Completed,1900.0
3896,2025-12-08,Detergent,9.0,1610.0,East,CUST0263,Transfer,Completed,14490.0
2677,2025-07-23,Carrot,2.0,840.0,North,CUST0629,Cash,Completed,1680.0
1591,2025-05-26,Sugar,3.0,1440.0,South,CUST0458,POS,Completed,4320.0
3712,2025-03-08,Butter,3.0,1620.0,South,CUST0419,POS,Completed,4860.0
5554,2025-10-11,Water,3.0,480.0,East,CUST0266,POS,Completed,1440.0
ORD-8750,2025-01-09,Water,5.0,450.0,South,CUST0639,POS,Completed,2250.0
4555,2025-12-23,Juice,5.0,1360.0,East,CUST0468,Cash,Completed,6800.0
4138,2025-01-17,Toothpaste,6.0,0.0,East,CUST0253,Transfer,Completed,0.0
3858,2025-11-25,Juice,3.0,1350.0,East,CUST0525,Cash,Completed,4050.0
3862,2025-01-31,Groundnut Oil,3.0,2690.0,South,CUST0080,Cash,Completed,8070.0
1389,2025-02-24,Unknown,2.0,1820.0,South,CUST0124,Cash,Returned,3640.0
5630,2025-10-29,Tomato Paste,1.0,600.0,East,CUST0647,Transfer,Completed,600.0
5420,2025-06-14,Tomato Paste,2.0,740.0,West,CUST0032,Transfer,Completed,1480.0
3130,2025-11-10,Carrot,3.0,900.0,West,CUST0546,Cash,Pending,2700.0
3321,2025-12-11,Toothpaste,7.0,1270.0,West,CUST0288,Transfer,Completed,8890.0
4452,2025-08-08,Detergent,6.0,1910.0,North,CUST0527,POS,Completed,11460.0
1488,2025-07-31,Cabbage,1.0,810.0,East,CUST0619,POS,Completed,810.0
4892,2025-03-16,Butter,4.0,1910.0,South,CUST0287,Transfer,Pending,7640.0
1300,2025-06-03,Coffee,6.0,2180.0,East,CUST0096,Transfer,Completed,13080.0
4207,2025-01-13,Groundnut Oil,3.0,2670.0,South,CUST0210,Transfer,Completed,8010.0
5494,2025-03-04,Toilet Roll,2.0,1030.0,West,CUST0061,Transfer,Completed,2060.0
5345,2025-08-21,Cabbage,8.0,820.0,West,CUST0247,Transfer,Pending,6560.0
5013,2025-06-11,Beans,7.0,1560.0,South,CUST0032,POS,Completed,10920.0
1801,2025-05-03,Pepper,5.0,740.0,West,CUST0231,Transfer,Pending,3700.0
1313,2025-10-14,Milk,9.0,1440.0,West,CUST0390,Transfer,Completed,12960.0
2564,2025-04-16,Rice,5.0,1870.0,South,CUST0248,POS,Returned,9350.0
3462,2025-08-24,Rice,10.0,1990.0,South,CUST0558,Transfer,Completed,19900.0
5842,2025-02-21,Toothpaste,10.0,1110.0,South,CUST0406,POS,Completed,11100.0
3668,2025-08-31,Groundnut Oil,8.0,2360.0,East,CUST0214,Cash,Completed,18880.0
4889,2025-11-29,Toothpaste,2.0,1140.0,West,CUST0603,Cash,Pending,2280.0
3650,2025-04-21,Juice,2.0,1480.0,West,CUST0565,Cash,Completed,2960.0
5994,2025-11-02,Cabbage,2.0,770.0,North,CUST0442,Transfer,Unknown,1540.0
6040,2025-12-31,Cabbage,7.0,790.0,North,CUST0181,POS,Completed,5530.0
6133,2025-05-05,Toothpaste,5.0,1320.0,West,CUST0496,POS,Completed,6600.0
2995,2025-05-04,Bread,9.0,900.0,West,CUST0570,POS,Completed,8100.0
1431,2025-03-17,Water,8.0,430.0,East,Unknown,Transfer,Completed,3440.0
2418,2025-09-19,Pepper,6.0,760.0,Unknown,CUST0221,Transfer,Completed,4560.0
2366,2025-11-27,Beans,6.0,1540.0,South,CUST0044,POS,Completed,9240.0
5385,2025-04-02,Pepper,4.0,650.0,West,CUST0613,Cash,Pending,2600.0
5638,2025-07-31,Maggi,8.0,510.0,east,CUST0343,Transfer,Completed,4080.0
5277,2025-11-28,Carrot,4.0,850.0,East,CUST0345,POS,Completed,3400.0
3224,2025-03-26,Eggs,8.0,2350.0,West,CUST0027,Transfer,Completed,18800.0
4596,2025-09-19,Tea,11.0,1180.0,West,CUST0060,Transfer,Pending,12980.0
5653,2025-07-13,Cabbage,5.0,840.0,West,CUST0442,POS,Pending,4200.0
2702,2025-06-22,Soft Drink,10.0,910.0,South,CUST0459,POS,Completed,9100.0
5122,2025-05-29,Soft Drink,3.0,700.0,North,CUST0602,POS,Completed,2100.0
5010,2025-06-26,Cabbage,1.0,840.0,South,CUST0356,POS,Completed,840.0
4323,2025-11-30,Sugar,4.0,1490.0,West,CUST0258,Transfer,Pending,5960.0
1817,2025-02-17,Carrot,3.0,890.0,West,CUST0598,Cash,Pending,2670.0
1358,2025-09-23,Coffee,6.0,1720.0,North,CUST0124,POS,Completed,10320.0
3059,2025-11-24,Toilet Roll,7.0,860.0,North,CUST0232,Transfer,Completed,6020.0
4865,2025-06-18,Detergent,4.0,2020.0, East ,CUST0388,Cash,Completed,8080.0
1757,2025-03-15,Bread,5.0,950.0,East,CUST0453,Cash,Completed,4750.0
2146,2025-07-21,Rice,5.0,1910.0,South,CUST0066,Cash,Completed,9550.0
2118,2025-08-08,Carrot,10.0,970.0,South,Unknown,Cash,Completed,9700.0
5190,2025-01-15,Groundnut Oil,1.0,2620.0,West,CUST0649,Transfer,Completed,2620.0
3823,2025-11-07,Rice,6.0,1840.0,West,CUST0455,Transfer,Completed,11040.0
3928,2025-05-22,Toothpaste,12.0,1390.0,West,CUST0619,POS,Completed,16680.0
2354,2025-10-06,Soft Drink,9.0,900.0,East,CUST0403,Transfer,Completed,8100.0
2687,2025-12-28, Detergent ,2.0,1870.0,East,CUST0283,Cash,Returned,3740.0
1226,2025-06-22,Soft Drink,8.0,830.0,East,CUST0084,Transfer,Returned,6640.0
4176,2025-10-10,Pepper,3.0,680.0,South,CUST0382,Cash,Completed,2040.0
3868,2025-12-18,Toothpaste,10.0,1130.0,East,CUST0244,POS,Completed,11300.0
2092,2025-03-27,Cabbage,4.0,780.0,South,CUST0160,POS,Pending,3120.0
2644,2025-11-25,Tomato Paste,1.0,670.0,East,CUST0233,POS,Pending,670.0
5923,2025-05-07,Beans,7.0,1560.0,West,CUST0375,Transfer,Completed,10920.0
5749,2025-07-02,Toilet Roll,7.0,950.0,South,CUST0436,Cash,Pending,6650.0
1328,2025-09-05,Toilet Roll,3.0,820.0,South,CUST0327,Transfer,Completed,2460.0
5961,2025-07-26,Juice,11.0,1330.0,East,CUST0446,POS,Pending,14630.0
2775,2025-03-30,Maggi,2.0,570.0,West,CUST0098,Transfer,Completed,1140.0
1507,2025-04-26,Groundnut Oil,9.0,2590.0,North,CUST0603,Cash,Completed,23310.0
4846,2025-07-28,Juice,4.0,1510.0,East,CUST0110,Cash,Pending,6040.0
2779,2025-05-01,Butter,4.0,1830.0,West,CUST0427,Cash,Returned,7320.0
4538,2025-07-02,Tomato Paste,7.0,590.0,Unknown,CUST0447,Transfer,Completed,4130.0
4756,2025-11-22,Pepper,2.0,790.0,East,CUST0318,Transfer,Completed,1580.0
4802,2025-10-23,Coffee,6.0,2110.0,West,CUST0184,POS,Completed,12660.0
4834,2025-12-21,Tomato Paste,2.0,570.0,West,CUST0303,Transfer,Completed,1140.0
1161,2025-01-16,Water,1.0,460.0,South,CUST0430,Cash,Completed,460.0
1255,2025-06-14,Yam,3.0,1430.0,East,CUST0588,Transfer,Completed,4290.0
5969,2025-10-14,Groundnut Oil,6.0,2740.0,West,CUST0496,POS,Pending,16440.0
5225,2025-03-02,Rice,2.0,1800.0,East,CUST0478,Cash,Completed,3600.0
4020,2025-10-21,Coffee,3.0,1730.0,NORTH,Unknown,POS,Completed,5190.0
3699,2025-02-14,Yam,2.0,1450.0,West,CUST0565,Cash,Completed,2900.0
1782,2025-05-09,Tomato Paste,3.0,720.0,South,CUST0045,Transfer,Completed,2160.0
1559,2025-05-10,Juice,3.0,1550.0,North,CUST0627,Transfer,Completed,4650.0
2378,2025-02-19,Maggi,2.0,550.0,East,CUST0369,POS,Completed,1100.0
1106,2025-12-06,Yam,10.0,1770.0,East,CUST0466,Transfer,Completed,17700.0
3645,2025-08-19,Detergent,1.0,1660.0,West,CUST0009,Cash,Completed,1660.0
5791,2025-12-18,Soft Drink,3.0,710.0,North,CUST0385,Cash,Completed,2130.0
2356,2025-11-01,Pepper,1.0,670.0,South,CUST0340,POS,Completed,670.0
4370,2025-01-12,Beans,3.0,1310.0,East,CUST0052,POS,Pending,3930.0
1689,2025-05-30,Milk,4.0,1140.0,North,CUST0338,Cash,Completed,4560.0
2908,2025-09-03,Beans,1.0,1410.0,North,CUST0519,Transfer,Returned,1410.0
1284,2025-09-29,Toothpaste,2.0,1140.0,West,CUST0339,Cash,Returned,2280.0
5667,2025-09-10,Tea,11.0,1150.0,West,CUST0647,POS,Completed,12650.0
2707,2025-09-09,Rice,2.0,1920.0,South,CUST0314,Cash,Pending,3840.0
4893,2025-05-27,Unknown,5.0,680.0,South,CUST0171,POS,Returned,3400.0
5879,2025-09-30,Tomato Paste,1.0,680.0,West,CUST0517,Cash,Returned,680.0
1642,2025-02-18,Juice,5.0,1450.0,South,CUST0081,POS,Returned,7250.0
3811,2025-03-20,Butter,11.0,1840.0,West,CUST0261,Cash,Completed,20240.0
3027,2025-11-27,Toilet Roll,3.0,870.0,West,CUST0088,Cash,Completed,2610.0
3493,2025-08-01,Juice,4.0,1610.0,South,CUST0554,POS,Unknown,6440.0
5974,2025-07-23,Maggi,8.0,510.0,West,CUST0492,POS,Completed,4080.0
4700,2025-04-08,Carrot,6.0,860.0,East,CUST0248,Transfer,Completed,5160.0
3979,2025-01-02,Rice,6.0,1830.0,North,CUST0252,Transfer,Completed,10980.0
4717,2025-10-12,Coffee,4.0,1940.0,South,CUST0549,Cash,Completed,7760.0
2066,2025-07-08,Bread,1.0,860.0,North,CUST0420,Cash,Completed,860.0
4382,2025-06-01,Sugar,4.0,1230.0,South,CUST0545,Cash,Completed,4920.0
2526,2025-08-06,Maggi,5.0,510.0,North,CUST0501,Cash,Returned,2550.0
3158,2025-01-04,Water,5.0,470.0,East,CUST0387,Cash,Pending,2350.0
1353,2025-06-25,Detergent,9.0,1910.0,East,CUST0102,Cash,Pending,17190.0
3911,2025-10-07,Juice,9.0,1730.0,Northh,CUST0379,Transfer,Completed,15570.0
5326,2025-07-08,Bread,2.0,900.0,East,CUST0647,Cash,Completed,1800.0
5364,2025-07-08,Cabbage,1.0,740.0,West,CUST0013,Cash,Pending,740.0
2191,2025-01-01,Beans,1.0,1580.0,West,CUST0293,Cash,Pending,1580.0
4225,2025-12-03,Tomato Paste,3.0,570.0,West,CUST0201,Transfer,Completed,1710.0
3112,2025-05-01,Detergent,9.0,1790.0,West,CUST0016,Transfer,Unknown,16110.0
1996,2025-08-10,Eggs,2.0,2140.0,North,CUST0351,Cash,Returned,4280.0
ORD-8939,2025-07-31, Detergent ,8.0,1590.0,East,CUST0496,POS,Completed,12720.0
4679,2025-11-25,Rice,3.0,1780.0,South,CUST0052,Cash,Completed,5340.0
4334,2025-03-18,Eggs,5.0,2340.0,South,CUST0188,POS,Completed,11700.0
1476,2025-01-05,Beans,8.0,1550.0,West,CUST0337,Transfer,Completed,12400.0
1827,2025-04-02,Tomato Paste,4.0,700.0,West,CUST0030,Transfer,Completed,2800.0
2803,2025-12-10,Water,4.0,460.0,North,CUST0505,Transfer,Completed,1840.0
4800,2025-12-20,Bread,5.0,1000.0,South,CUST0519,Transfer,Pending,5000.0
6018,2025-04-26,Butter,1.0,2090.0,North,CUST0566,POS,Returned,2090.0
5517,2025-01-13,Eggs,4.0,2350.0,North,CUST0363,Cash,Completed,9400.0
5572,2025-05-17,Toothpaste,5.0,1280.0,South,CUST0452,POS,Completed,6400.0
2769,2025-11-14,Beans,7.0,1450.0,South,CUST0013,POS,Completed,10150.0
2413,2025-05-12,Unknown,1.0,2340.0,North,Unknown,Cash,Completed,2340.0
1541,2025-08-21,Detergent,8.0,1560.0,North,CUST0106,Cash,Completed,12480.0
5916,2025-04-30,Pepper,10.0,740.0,East,CUST0512,POS,Completed,7400.0
5654,2025-10-17,Maggi,5.0,470.0,South,CUST0518,Transfer,Completed,2350.0
5812,2025-01-03,Cabbage,4.0,720.0,West,CUST0013,Transfer,Completed,2880.0
6083,2025-05-15,Detergent,4.0,1620.0,West,CUST0445,POS,Pending,6480.0
1892,2025-08-05,Pepper,8.0,780.0,West,CUST0268,Cash,Completed,6240.0
5104,2025-04-22,Detergent,1.0,1610.0,East,CUST0017,Cash,Completed,1610.0
4587,2025-07-06,COFFEE,7.0,1950.0,Unknown,CUST0575,POS,Completed,13650.0
5976,2025-01-05,Pepper,4.0,770.0,North,CUST0183,POS,Completed,3080.0
3087,2025-03-03,Pepper,3.0,650.0,North,CUST0409,Cash,Completed,1950.0
3923,2025-03-27,Unknown,8.0,520.0,East,CUST0275,Transfer,Completed,4160.0
5872,2025-11-01,Bread,8.0,880.0,South,CUST0180,Transfer,Completed,7040.0
3236,2025-03-02,Coffee,3.0,2150.0,South,CUST0116,Transfer,Completed,6450.0
6097,2025-08-07,Toothpaste,3.0,1330.0,North,CUST0398,Unknown,Completed,3990.0
2422,2025-05-05,Yam,3.0,1770.0,North,Unknown,Cash,Completed,5310.0
1473,2025-02-15,Maggi,9.0,560.0,South,CUST0153,POS,Pending,5040.0
4188,2025-02-01,Groundnut Oil,2.0,2620.0,West,CUST0148,Cash,Completed,5240.0
5527,2025-03-24,Rice,2.0,2130.0,South,CUST0133,Cash,Completed,4260.0
3413,2025-07-25,Groundnut Oil,5.0,2710.0,Unknown,CUST0344,POS,Completed,13550.0
1362,2025-12-18,Soft Drink,4.0,750.0,East,CUST0144,POS,Completed,3000.0
5817,2025-04-28,Maggi,7.0,560.0,East,CUST0119,Cash,Completed,3920.0
6010,2025-11-22,Butter,1.0,2040.0,North,CUST0441,Unknown,Pending,2040.0
5666,2025-10-24,Cabbage,6.0,740.0,South,CUST0600,Transfer,Completed,4440.0
5689,2025-01-07,Maggi,3.0,470.0,North,CUST0077,Transfer,Completed,1410.0
4175,2025-08-16,Soft Drink,3.0,910.0,West,CUST0413,Cash,Completed,2730.0
4258,2025-10-06,Rice,4.0,1730.0,west ,CUST0549,POS,Returned,6920.0
5859,2025-10-23,Rice,3.0,1970.0,North,CUST0065,POS,Completed,5910.0
4192,2025-01-14,Unknown,3.0,1790.0,West,CUST0123,Transfer,Completed,5370.0
2888,2025-02-15,Tomato Paste,4.0,640.0,North,CUST0376,POS,Completed,2560.0
3046,2025-09-16,Toilet Roll,9.0,800.0,West,CUST0112,Transfer,Completed,7200.0
5358,2025-07-11,Toothpaste,3.0,1090.0,South,CUST0620,Transfer,Completed,3270.0
1062,2025-08-26,Toilet Roll,1.0,850.0,East,CUST0468,Transfer,Completed,850.0
2121,2025-04-19,Coffee,2.0,2230.0,East,CUST0109,Transfer,Completed,4460.0
2162,2025-06-26,Sugar,7.0,1440.0,South,CUST0489,Cash,Completed,10080.0
1839,2025-02-09,Bread,1.0,960.0,South, CUST0044 ,Transfer,Completed,960.0
5532,2025-08-15,Butter,7.0,2040.0,South,CUST0494,POS,Completed,14280.0
2458,2025-06-30,Pepper,7.0,720.0,East,CUST0532,Transfer,Completed,5040.0
2419,2025-03-18,Maggi,3.0,580.0,East,CUST0080,POS,Returned,1740.0
3778,2025-08-19,Milk,4.0,1410.0,East,CUST0222,POS,Completed,5640.0
3635,2025-11-22,Toothpaste,9.0,1190.0,North,CUST0044,POS,Returned,10710.0
2887,2025-01-12,Groundnut Oil,3.0,2340.0,South,CUST0021,Cash,Completed,7020.0
1197,2025-01-25,Bread,2.0,1010.0,South,CUST0065,Transfer,Pending,2020.0
3608,2025-11-01,Toothpaste,4.0,1230.0,North,CUST0175,Cash,Completed,4920.0
5078,2025-07-15,Beans,2.0,1310.0,North,CUST0151,Cash,Completed,2620.0
1879,2025-08-05,Tomato Paste,5.0,580.0,West,CUST0280,Transfer,Completed,2900.0
1166,2025-05-11,Butter,3.0,1640.0,South,CUST0441,Transfer,Completed,4920.0
3614,2025-06-18,Eggs,7.0,2310.0,West,CUST0436,Cash,Pending,16170.0
5360,2025-12-18,Beans,3.0,1420.0,East,CUST0388,Cash,Completed,4260.0
5139,2025-03-21,Cabbage,6.0,740.0,East,CUST0398,Transfer,Completed,4440.0
2071,2025-02-09,Sugar,6.0,1190.0,North,CUST0158,Transfer,Completed,7140.0
5029,2025-05-18,Bread,3.0,860.0,South,CUST0183,Cash,Completed,2580.0
1103,2025-10-22,Maggi,5.0,440.0,North,CUST0591,Transfer,Completed,2200.0
4919,2025-08-14,Tea,3.0,1260.0,North,CUST0096,POS,Returned,3780.0
4757,2025-08-01,Carrot,1.0,930.0,East,CUST0396,Cash,Completed,930.0
3696,2025-01-01,Yam,2.0,1810.0,West,CUST0035,Cash,Completed,3620.0
2276,2025-09-15,Groundnut Oil,5.0,2130.0,North,CUST0431,Transfer,Pending,10650.0
5660,2025-08-02,Tomato Paste,4.0,580.0,East,CUST0306,Cash,Completed,2320.0
3202,2025-07-10,Carrot,3.0,950.0,West,CUST0258,Cash,Completed,2850.0
3064,2025-01-24,Tomato Paste,4.0,590.0,West,Unknown,POS,Completed,2360.0
4201,2025-02-08,Toothpaste,3.0,1180.0,South,CUST0295,POS,Completed,3540.0
5461,2025-05-15,Toilet Roll,11.0,810.0,South,CUST0546,Transfer,Pending,8910.0
2622,2025-02-17,Bread,11.0,970.0,East,Unknown,POS,Completed,10670.0
3424,2025-09-11,Bread,10.0,1050.0,West,CUST0146,POS,Completed,10500.0
1673,2025-07-14, Soft Drink ,6.0,790.0,East,CUST0534,Transfer,Completed,4740.0
3846,2025-06-14,Coffee,7.0,2050.0,East,CUST0596,POS,Completed,14350.0
2119,2025-12-31,Tea,2.0,1130.0,East,CUST0131,Cash,Completed,2260.0
1711,2025-12-12,Detergent,1.0,1730.0,East,CUST0437,Transfer,Completed,1730.0
4055,2025-04-12,Beans,4.0,1680.0,East,CUST0333,Cash,Completed,6720.0
5378,2025-05-15,Detergent,4.0,2000.0,North,CUST0512,Cash,Completed,8000.0
4552,2025-08-21,Detergent,3.0,1700.0,West,CUST0092,POS,Completed,5100.0
5019,2025-05-31,Detergent,3.0,1880.0,West,CUST0639,POS,Completed,5640.0
3470,2025-05-06,Tomato Paste,3.0,700.0,South,CUST0204,Transfer,Completed,2100.0
2349,2025-10-16,Sugar,4.0,1520.0,West,CUST0205,Transfer,Completed,6080.0
4862,2025-01-16,Cabbage,10.0,850.0,West,CUST0350,Cash,Pending,8500.0
2600,2025-08-07,Pepper,7.0,680.0,West,CUST0221,Cash,Completed,4760.0
3108,2025-03-29,Tomato Paste,5.0,630.0,South,CUST0622,Transfer,Completed,3150.0
2450,2025-04-29,Yam,8.0,1710.0,South,CUST0646,Transfer,Completed,13680.0
2614,2025-11-30,Butter,3.0,1680.0, North ,CUST0465,Cash,Completed,5040.0
5490,2025-08-26,Rice,3.0,1790.0,South,CUST0434,POS,Completed,5370.0
5133,2025-08-10,Toilet Roll,7.0,920.0,South,CUST0008,Cash,Unknown,6440.0
3150,2025-01-21,Rice,1.0,2040.0,North,CUST0236,Cash,Pending,2040.0
1747,2025-05-28,Rice,9.0,1860.0,North,CUST0543,Cash,Completed,16740.0
3076,2025-07-07,Toothpaste,5.0,1270.0,West,CUST0151,Transfer,Completed,6350.0
3229,2025-10-07,Milk,9.0,1410.0,North,CUST0548,Transfer,Completed,12690.0
3350,2025-11-21,Sugar,1.0,1460.0,North,CUST0240,Transfer,Pending,1460.0
4346,2025-10-12,Toilet Roll,5.0,800.0,North,CUST0093,Cash,Completed,4000.0
3142,2025-12-23,Butter,8.0,1990.0,North,CUST0090,Transfer,Completed,15920.0
4253,2025-02-18,Butter,4.0,1980.0,South,CUST0344,Cash,Completed,7920.0
3621,2025-06-13,Maggi,2.0,530.0,East,CUST0125,Transfer,Completed,1060.0
3505,2025-10-25,MILK,7.0,1380.0,East,CUST0094,Cash,Completed,9660.0
1217,2025-12-16,Milk,11.0,1450.0,North,CUST0067,Cash,Completed,15950.0
4461,2025-08-18,Beans,8.0,1620.0,South,Unknown,Transfer,Completed,12960.0
4990,2025-03-11,Maggi,4.0,490.0,North,CUST0475,Transfer,Completed,1960.0
1571,2025-02-07,Toothpaste,4.0,1170.0,East,CUST0526,POS,Pending,4680.0
3652,2025-01-15,Groundnut Oil,5.0,2610.0,South,CUST0155,Cash,Returned,13050.0
5921,2025-08-02,Sugar,5.0,1250.0,East,CUST0336,POS,Completed,6250.0
2245,2025-12-26,Butter,6.0,1750.0,East,CUST0515,POS,Completed,10500.0
5754,2025-05-04,Carrot,3.0,940.0,West,CUST0482,POS,Completed,2820.0
1921,2025-02-15,Cabbage,1.0,730.0,South,CUST0413,Transfer,Completed,730.0
1492,2025-03-26,Beans,4.0,1610.0,South,CUST0110,Transfer,Completed,6440.0
4220,2025-05-28,Juice,6.0,1670.0,East,CUST0315,Transfer,Completed,10020.0
4430,2025-11-08,Tea,6.0,1230.0,West,CUST0313,Transfer,Completed,7380.0
1831,2025-01-25,Carrot,3.0,870.0,East,CUST0527,Transfer,Completed,2610.0
1602,2025-08-15,Milk,3.0,1240.0,West,CUST0311,Transfer,Completed,3720.0
2996,2025-04-04,Toilet Roll,5.0,1040.0,East,CUST0153,POS,Completed,5200.0
2096,2025-09-09,Carrot,4.0,850.0,South,CUST0383,Transfer,Completed,3400.0
1327,2025-03-01,Milk,8.0,1360.0,North,CUST0320,Transfer,Pending,10880.0
2098,2025-05-11,Tomato Paste,7.0,710.0,North,CUST0522,Cash,Completed,4970.0
3733,2025-11-03,Groundnut Oil,7.0,2590.0,South,CUST0115,POS,Completed,18130.0
2590,2025-09-30,Eggs,3.0,2010.0,North,CUST0641,Transfer,Returned,6030.0
2780,2025-03-23,Water,3.0,440.0,South,CUST0627,Transfer,Completed,1320.0
3579,2025-06-05,Yam,10.0,1520.0,East,CUST0403,Cash,Completed,15200.0
1783,2025-04-01,Toothpaste,2.0,1070.0,East,CUST0073,POS,Completed,2140.0
3118,2025-01-09,Toothpaste,10.0,1100.0,East,CUST0339,POS,Returned,11000.0
5298,2025-07-02,Soft Drink,7.0,770.0,East,CUST0031,Unknown,Completed,5390.0
1180,2025-03-23,Soft Drink,3.0,910.0,South,CUST0419,POS,Completed,2730.0
5861,2025-10-05,Toothpaste,6.0,1280.0,South,CUST0399,POS,Completed,7680.0
5016,2025-05-07,Butter,2.0,1820.0,East,CUST0505,Transfer,Completed,3640.0
2426,2025-03-02,Pepper,1.0,700.0,West,CUST0590,Cash,Pending,700.0
1443,2025-08-31,Sugar,5.0,1320.0,West,CUST0265,Cash,Completed,6600.0
2637,2025-05-09,Coffee,2.0,2080.0,North,CUST0474,Cash,Completed,4160.0
4642,2025-12-29,Cabbage,8.0,870.0,South,CUST0580,POS,Completed,6960.0
3385,2025-09-18,Sugar,3.0,1550.0,North,CUST0055,Cash,Returned,4650.0
3523,2025-11-21,Tomato Paste,6.0,-500.0,North,CUST0425,Transfer,Completed,-3000.0
6055,2025-12-24,Water,7.0,520.0,East,CUST0524,Transfer,Completed,3640.0
6075,2025-01-28,Bread,3.0,860.0,North,CUST0058,Transfer,Completed,2580.0
ORD-4067,2025-10-02,Yam,2.0,1820.0,West,CUST0139,Cash,Completed,3640.0
2328,2025-05-17,Juice,2.0,1540.0,North,CUST0232,POS,Completed,3080.0
1133,2025-09-29,Carrot,4.0,810.0,West,CUST0264,POS,Returned,3240.0
5687,2025-08-10,Sugar,4.0,1480.0,West,CUST0176,Transfer,Completed,5920.0
2782,2025-08-17,Rice,3.0,1760.0,North,CUST0240,POS,Pending,5280.0
4109,2025-05-22,Coffee,6.0,2020.0,North,CUST0182,Cash,Pending,12120.0
3443,2025-12-28, Sugar ,1.0,1510.0,South,CUST0269,Cash,Completed,1510.0
3510,2025-04-03,Milk,2.0,1310.0,North,CUST0395,Transfer,Completed,2620.0
2849,2025-02-03,Milk,1.0,1410.0,North,CUST0487,Transfer,Pending,1410.0
2029,2025-02-28,Toothpaste,2.0,1200.0,North,CUST0045,POS,Completed,2400.0
3242,2025-05-21,Tomato Paste,5.0,590.0,West,CUST0273,Cash,Completed,2950.0
2350,2025-06-04,Tea,3.0,1060.0,South,CUST0559,Transfer,Pending,3180.0
1363,2025-06-29,Cabbage,75.0,760.0, West ,CUST0254,Transfer,Completed,57000.0
1803,2025-08-29,Bread,6.0,1020.0,North,CUST0463,Cash,Pending,6120.0
2088,2025-04-04,Pepper,4.0,620.0,South,CUST0072,POS,Completed,2480.0
1826,2025-01-02,Rice,2.0,1780.0,South,CUST0128,Cash,Pending,3560.0
4878,2025-08-03,Rice,3.0,1850.0,South,CUST0106,POS,Completed,5550.0
3119,2025-12-06,Coffee,8.0,1950.0,North,CUST0520,POS,Completed,15600.0
2716,2025-07-29,Eggs,6.0,2090.0,South,CUST0387,Transfer,Pending,12540.0
2672,2025-06-30,Pepper,5.0,760.0,West,CUST0325,POS,Completed,3800.0
5193,2025-03-01,Butter,3.0,1880.0,South,CUST0622,Transfer,Completed,5640.0
2919,2025-12-16,Maggi,8.0,520.0,North,CUST0609,POS,Completed,4160.0
2105,2025-12-24,Cabbage,3.0,900.0,South,CUST0002,Transfer,Pending,2700.0
2882,2025-07-29,Milk,6.0,1250.0,South,CUST0630,POS,Completed,7500.0
2580,2025-03-03,Soft Drink,5.0,780.0,South,CUST0584,POS,Pending,3900.0
3254,2025-11-17,Cabbage,3.0,740.0,South,Unknown,Cash,Completed,2220.0
2109,2025-11-17,Groundnut Oil,9.0,2190.0,West,CUST0082,Transfer,Completed,19710.0
4395,2025-12-28,Maggi,3.0,560.0,East,CUST0418,POS,Completed,1680.0
5946,2025-04-14,Detergent,6.0,1860.0,South,CUST0038,Transfer,Completed,11160.0
1449,2025-05-22,Pepper,5.0,780.0,North,CUST0306,Transfer,Completed,3900.0
5047,2025-12-06,Juice,7.0,1610.0,North,CUST0600,Transfer,Completed,11270.0
6002,2025-10-26,Sugar,6.0,1220.0,North,CUST0045,POS,Completed,7320.0
1307,2025-11-11,Soft Drink,10.0,790.0,North,CUST0031,Cash,Pending,7900.0
4091,2025-09-03,Unknown,11.0,1080.0,West,CUST0597,Transfer,Completed,11880.0
1142,2025-07-08,Maggi,5.0,580.0,North,CUST0063,Transfer,Completed,2900.0
5482,2025-10-03,Toilet Roll,11.0,940.0,West,CUST0139,POS,Pending,10340.0
1556,2025-02-20,Juice,4.0,1430.0,West,CUST0086,Transfer,Pending,5720.0
4223,2025-04-02,Detergent,5.0,1650.0,North,CUST0023,Cash,Completed,8250.0
5086,2025-03-05,Maggi,5.0,520.0,West,CUST0547,Transfer,Completed,2600.0
4077,2025-08-05,Groundnut Oil,5.0,2710.0,South,CUST0367,Cash,Completed,13550.0
1794,2025-12-21,Rice,6.0,2120.0,West,CUST0368,Transfer,Completed,12720.0
5814,2025-11-08,Sugar,4.0,1490.0,East,CUST0306,POS,Pending,5960.0
3367,2025-01-06,Carrot,1.0,800.0,South,CUST0321,Transfer,Pending,800.0
4349,2025-08-15,Carrot,3.0,790.0,East,CUST0113,Cash,Completed,2370.0
1845,2025-07-07,Detergent,6.0,1630.0,East,CUST0186,POS,Returned,9780.0
1584,2025-11-10,Detergent,3.0,1630.0,South,CUST0216,Transfer,Completed,4890.0
3347,2025-02-24,Pepper,1.0,740.0,North,CUST0029,Cash,Completed,740.0
5219,2025-12-04,Water,5.0,520.0,North,CUST0493,Transfer,Completed,2600.0
4376,2025-08-01,Toilet Roll,7.0,1010.0,West,CUST0599,Transfer,Completed,7070.0
5226,2025-07-31,Sugar,1.0,1550.0,South,CUST0521,Transfer,Completed,1550.0
4804,2025-05-04,Soft Drink,4.0,760.0,North,CUST0170,POS,Completed,3040.0
1908,2025-06-23,Detergent,8.0,1600.0,North, CUST0544 ,Transfer,Completed,12800.0
3072,2025-12-08,Bread,3.0,1020.0,East,CUST0621,POS,Completed,3060.0
6000,2025-06-21,Tomato Paste,3.0,720.0,West,CUST0268,POS,Pending,2160.0
1943,2025-04-29,Groundnut Oil,4.0,2510.0,North,CUST0617,POS,Completed,10040.0
1245,2025-07-31,Unknown,6.0,1790.0,South,CUST0064,Cash,Completed,10740.0
4385,2025-01-02,Coffee,1.0,2010.0,South,CUST0618,POS,Completed,2010.0
2181,2025-08-04,Bread,4.0,970.0,West,CUST0333,POS,Pending,3880.0
1680,2025-02-13,Carrot,4.0,840.0,West,CUST0388,Cash,Completed,3360.0
1942,2025-06-27,Water,4.0,450.0,West,CUST0295,Cash,Completed,1800.0
3029,2025-11-15,toilet roll,7.0,870.0,South,CUST0042,Cash,Completed,6090.0
2874,2025-04-03,Butter,2.0,1970.0,East,CUST0043,POS,Completed,3940.0
2237,2025-09-14,Juice,3.0,1420.0,West,CUST0279,POS,Completed,4260.0
3444,2025-09-02,Cabbage,2.0,780.0,North,CUST0135,Transfer,Returned,1560.0
3693,2025-05-26,Eggs,5.0,2260.0,South,CUST0443,Transfer,Completed,11300.0
5223,2025-03-23,Groundnut Oil,9.0,2720.0,South,CUST0107,Cash,Completed,24480.0
2783,2025-09-01,Water,7.0,470.0,North,CUST0200,POS,Returned,3290.0
2524,2025-10-09,Detergent,6.0,1880.0,South,CUST0386,POS,Completed,11280.0
5951,2025-02-26,Yam,6.0,1630.0,North,CUST0440,Cash,Completed,9780.0
3377,2025-12-22,Rice,5.0,1630.0,South,CUST0118,Transfer,Completed,8150.0
6047,2025-11-23,Yam,3.0,1760.0,West,cust0067,Transfer,Completed,5280.0
1229,2025-08-21,Yam,1.0,1430.0,South,CUST0426,Cash,Completed,1430.0
5809,2025-08-05,Milk,3.0,1180.0,East,CUST0138,Cash,Completed,3540.0
5318,2025-01-27,Sugar,2.0,1270.0,South,CUST0572,POS,Completed,2540.0
4374,2025-08-30,Soft Drink,2.0,790.0,Unknown,CUST0399,POS,Completed,1580.0
2421,2025-01-27,Toilet Roll,5.0,960.0,South,CUST0325,Transfer,Pending,4800.0
5617,2025-12-13,Coffee,3.0,2090.0,West,CUST0501,Cash,Completed,6270.0
4167,2025-03-16,Groundnut Oil,2.0,2540.0,West,CUST0008,POS,Completed,5080.0
1856,2025-07-15,Sugar,5.0,1310.0,North,CUST0637,Cash,Completed,6550.0
1144,2025-10-17,Butter,2.0,2000.0,West,CUST0601,Transfer,Pending,4000.0
5688,2025-09-05,Milk,6.0,1430.0,Unknown,CUST0214,Cash,Completed,8580.0
5794,2025-11-22,Beans,4.0,1390.0,South,CUST0044,Cash,Completed,5560.0
3539,2025-05-26,Beans,2.0,1380.0,WEST,CUST0116,Transfer,Completed,2760.0
4527,2025-06-19,Juice,6.0,1370.0,South,CUST0506,Transfer,Completed,8220.0
4705,2025-02-14,Carrot,2.0,800.0,East,CUST0498,POS,Completed,1600.0
4685,2025-08-04,Pepper,5.0,770.0,East,CUST0650,Transfer,Completed,3850.0
1797,2025-12-27,Groundnut Oil,5.0,2690.0,East,CUST0395,POS,Completed,13450.0
3600,2025-04-05,Tomato Paste,3.0,580.0,West,CUST0126,Transfer,Completed,1740.0
1452,2025-04-08,Juice,3.0,1620.0,South,CUST0368,Cash,Pending,4860.0
5379,2025-11-15,Soft Drink,6.0,920.0,North,CUST0222,Cash,Completed,5520.0
5371,2025-10-29,Unknown,4.0,540.0,West,CUST0103,Transfer,Completed,2160.0
4829,2025-03-14,Juice,8.0,1560.0,East,CUST0426,Cash,Completed,12480.0
1048,2025-07-15,Bread,8.0,1060.0,West,CUST0205,POS,Completed,8480.0
2502,2025-03-17,Toilet Roll,6.0,810.0,South,CUST0046,Transfer,Completed,4860.0
3570,2025-05-10,Toothpaste,3.0,1090.0,West,CUST0001,Cash,Completed,3270.0
1637,2025-08-18,Groundnut Oil,10.0,2110.0,East,CUST0292,Cash,Completed,21100.0
5775,2025-04-14,Eggs,3.0,2280.0,East,CUST0111,POS,Completed,6840.0
1381,2025-04-13,Carrot,3.0,930.0,West,CUST0476,Transfer,Returned,2790.0
4005,2025-06-15,Tomato Paste,3.0,630.0, South ,CUST0519,Transfer,Completed,1890.0
3073,2025-10-25,Juice,6.0,1660.0,North,CUST0588,POS,Completed,9960.0
2254,2025-11-14,Tomato Paste,9.0,600.0,North,CUST0525,POS,Returned,5400.0
3753,2025-10-31,Unknown,3.0,2020.0,East,CUST0350,Transfer,Completed,6060.0
1500,2025-04-02,Water,4.0,480.0,North,CUST0119,POS,Completed,1920.0
4874,2025-10-27,Beans,3.0,1420.0,North,CUST0353,Cash,Returned,4260.0
2678,2025-08-15,Coffee,7.0,1850.0,West,CUST0281,Transfer,Completed,12950.0
4699,2025-02-21,Yam,8.0,1480.0,South,CUST0260,Transfer,Completed,11840.0
4701,2025-07-24,Milk,1.0,1190.0,West,CUST0335,Transfer,Completed,1190.0
3121,2025-09-17,Toothpaste,4.0,1330.0,East,CUST0452,Transfer,Returned,5320.0
1888,2025-05-10,Coffee,5.0,1880.0,North,CUST0125,Cash,Completed,9400.0
2489,2025-10-14,Coffee,4.0,2140.0,South,CUST0364,Transfer,Completed,8560.0
5875,2025-06-02,Yam,6.0,1830.0,West,CUST0331,Transfer,Completed,10980.0
2400,2025-05-23,Eggs,5.0,2020.0,East,CUST0062,Transfer,Completed,10100.0
6076,2025-01-29,Water,8.0,500.0,East,CUST0093,Transfer,Completed,4000.0
1617,2025-03-03,Juice,4.0,1420.0,East,CUST0596,Unknown,Completed,5680.0
3389,2025-02-26,Toilet Roll,1.0,1040.0,North,CUST0592,Cash,Completed,1040.0
2398,2025-09-24,Butter,2.0,1960.0,West,Unknown,Transfer,Pending,3920.0
2551,2025-02-10,Juice,5.0,1560.0,Unknown,Unknown,Transfer,Returned,7800.0
2205,2025-11-20,Carrot,5.0,840.0,East,CUST0563,Transfer,Completed,4200.0
1286,2025-02-07,Beans,2.0,1590.0,West,CUST0491,Unknown,Pending,3180.0
2445,2025-12-28,Bread,7.0,920.0,East,CUST0650,Cash,Completed,6440.0
2979,2025-12-16,Sugar,4.0,1560.0,East,CUST0536,POS,Completed,6240.0
3649,2025-02-03,Eggs,1.0,2260.0,South,CUST0606,POS,Completed,2260.0
5559,2025-08-23,Tomato Paste,5.0,750.0,North,CUST0094,Cash,Completed,3750.0
4986,2025-02-08,Yam,5.0,1690.0,West,CUST0321,Transfer,Pending,8450.0
4752,2025-03-06,Soft Drink,6.0,890.0,South,CUST0614,Transfer,Completed,5340.0
4673,2025-10-26,Coffee,4.0,1930.0,North,CUST0616,Transfer,Returned,7720.0
1623,2025-03-24,Toothpaste,1.0,1110.0,North,CUST0270,Cash,Completed,1110.0
2737,2025-07-11,Tomato Paste,5.0,610.0,Unknown,CUST0482,Transfer,Completed,3050.0
3967,2025-09-11,Soft Drink,3.0,850.0,South,CUST0406,Cash,Completed,2550.0
5810,2025-02-26,Rice,4.0,1730.0,East,CUST0621,Transfer,Pending,6920.0
3199,2025-12-17,Sugar,5.0,1190.0,North,CUST0034,Transfer,Completed,5950.0
4026,2025-04-14,Sugar,1.0,1390.0,West,CUST0621,Transfer,Completed,1390.0
4438,2025-04-18,Pepper,3.0,630.0,South,CUST0415,Transfer,Completed,1890.0
1003,2025-04-12,Toothpaste,6.0,1290.0,South,CUST0226,Transfer,Completed,7740.0
1167,2025-09-14,Coffee,5.0,2080.0,North,CUST0074,Transfer,Completed,10400.0
4169,2025-09-26,Groundnut Oil,3.0,2200.0,East,CUST0075,Transfer,Completed,6600.0
1558,2025-12-02,Cabbage,2.0,860.0,South,CUST0371,Transfer,Completed,1720.0
3407,2025-01-21,Water,5.0,460.0,East,CUST0638,POS,Completed,2300.0
5483,2025-01-20,Beans,4.0,1330.0,EASTERN,CUST0284,Transfer,Completed,5320.0
5397,2025-10-24,Coffee,5.0,1860.0,East,CUST0062,POS,Completed,9300.0
5692,2025-01-26,Detergent,6.0,1810.0,West,CUST0025,Cash,Completed,10860.0
6059,2025-03-21,Groundnut Oil,6.0,2150.0,West,CUST0263,Transfer,Returned,12900.0
1941,2025-10-23,Tomato Paste,3.0,580.0,South,CUST0485,Transfer,Completed,1740.0
4934,2025-02-02,Butter,8.0,25.0,South,CUST0262,Cash,Completed,200.0
3800,2025-03-10,Soft Drink,10.0,730.0,West,CUST0509,Transfer,Completed,7300.0
5930,2025-10-13,Bread,2.0,890.0,South,CUST0175,Transfer,Completed,1780.0
5709,2025-07-04,Coffee,6.0,1990.0,South,CUST0176,Cash,Pending,11940.0
5077,2025-04-25,Groundnut Oil,3.0,2520.0,East,CUST0473,POS,Pending,7560.0
3472,2025-11-29,Juice,3.0,1560.0,South,CUST0229,Transfer,Completed,4680.0
5381,2025-11-10,Milk,2.0,1340.0,North,CUST0437,Cash,Completed,2680.0
4044,2025-11-29,Rice,7.0,1630.0,South,CUST0398,Cash,Pending,11410.0
3355,2025-02-21,Detergent,7.0,1890.0,West,CUST0475,Cash,Completed,13230.0
1728,2025-12-31,Pepper,3.0,690.0,West,Unknown,Cash,Completed,2070.0
5898,2025-10-06,Carrot,4.0,870.0,North,CUST0405,Cash,Pending,3480.0
5589,2025-04-05,Pepper,1.0,690.0,North,CUST0587,Cash,Completed,690.0
2630,2025-01-16,Sugar,4.0,1300.0,North,CUST0272,Cash,Completed,5200.0
6019,2025-04-06,Bread,4.0,1070.0,North,CUST0372,Cash,Completed,4280.0
2089,2025-04-15,Butter,2.0,1670.0,West,CUST0242,Cash,Completed,3340.0
5719,2025-04-04,Tomato Paste,8.0,610.0,South,CUST0033,Transfer,Completed,4880.0
1184,2025-03-07,Pepper,6.0,780.0,East,CUST0434,Unknown,Completed,4680.0
4229,2025-05-05,Butter,2.0,1910.0,West,CUST0058,POS,Completed,3820.0
1063,2025-10-14,Toilet Roll,5.0,1030.0,South,CUST0628,POS,Pending,5150.0
5495,2025-05-06,Yam,2.0,1450.0,North,CUST0366,Cash,Pending,2900.0
2948,2025-08-31,Milk,7.0,1250.0,South,CUST0624,Cash,Returned,8750.0
2461,2025-07-23,Toilet Roll,7.0,800.0,North,CUST0309,Transfer,Completed,5600.0
1716,2025-02-27,Detergent,3.0,1770.0,West,CUST0290,POS,Completed,5310.0
3300,2025-01-08,Bread,2.0,880.0,East,CUST0017,Transfer,Completed,1760.0
5080,2025-02-01,Rice,6.0,1810.0,West,CUST0410,Unknown,Completed,10860.0
3133,2025-03-27,Unknown,11.0,720.0,West,CUST0228,Transfer,Completed,7920.0
5428,2025-11-19,Milk,3.0,1370.0,East,CUST0143,Transfer,Returned,4110.0
1121,2025-10-05,Detergent,1.0,1570.0,North,CUST0233,Cash,Completed,1570.0
4517,2025-09-15,Water,11.0,470.0,North,CUST0447,Transfer,Completed,5170.0
6143,2025-11-19,Detergent,2.0,1800.0,West,CUST0296,POS,Completed,3600.0
1012,2025-10-03,Toothpaste,3.0,1250.0,South,CUST0371,Transfer,Returned,3750.0
3293,2025-05-11,Maggi,8.0,540.0,South,CUST0601,Cash,Pending,4320.0
2082,2025-08-18,Juice,3.0,1590.0,West,CUST0516,Cash,Returned,4770.0
3993,2025-10-30,Coffee,3.0,1920.0,West,CUST0104,Transfer,Completed,5760.0
4038,2025-10-06,Milk,5.0,1340.0,South,CUST0216,Cash,Completed,6700.0
2364,2025-10-29,Bread,4.0,1010.0,South,CUST0396,Cash,Completed,4040.0
4408,2025-12-27,Bread,12.0,1020.0,South,CUST0039,Transfer,Completed,12240.0
3196,2025-08-05,Beans,2.0,1530.0,South,CUST0237,Cash,Completed,3060.0
1727,2025-02-26,Carrot,8.0,950.0,West,CUST0443,Cash,Completed,7600.0
3116,2025-02-07,Sugar,12.0,1240.0,South,CUST0468,POS,Returned,14880.0
4651,2025-02-08,Coffee,9.0,1730.0,East,CUST0637,POS,Pending,15570.0
2557,2025-09-30,Toothpaste,4.0,1340.0,South,CUST0476,Transfer,Returned,5360.0
5284,2025-03-20,Maggi,4.0,550.0,North,CUST0458,POS,Completed,2200.0
5319,2025-12-12,Cabbage,6.0,730.0,South,CUST0504,POS,Completed,4380.0
2428,2025-02-21,Detergent,2.0,1560.0,South,CUST0025,Cash,Unknown,3120.0
1570,2025-04-10,Soft Drink,4.0,790.0,East,CUST0268,Transfer,Completed,3160.0
2133,2025-04-26,Tea,6.0,980.0,West,CUST0500,Cash,Completed,5880.0
3307,2025-01-02,Sugar,3.0,1500.0,North,Unknown,Transfer,Pending,4500.0
3540,2025-10-18,Toilet Roll,7.0,970.0,East,CUST0093,Cash,Unknown,6790.0
5855,2025-07-25,Coffee,7.0,1840.0,East,CUST0568,Cash,Completed,12880.0
4295,2025-08-07,Detergent,4.0,1960.0,South,CUST0491,Transfer,Pending,7840.0
5412,2025-01-22,Toilet Roll,9.0,880.0,North,CUST0088,Cash,Returned,7920.0
4687,2025-10-03,Juice,5.0,1670.0,North,CUST0632,Transfer,Completed,8350.0
3203,2025-08-25,Eggs,4.0,1910.0,East,CUST0122,POS,Completed,7640.0
2565,2025-11-25,Toilet Roll,2.0,940.0,North,CUST0164,Unknown,Completed,1880.0
5161,2025-03-07,Toilet Roll,3.0,1030.0,South,CUST0495,Cash,Completed,3090.0
2676,2025-04-12,Milk,1.0,1350.0,South,CUST0270,Transfer,Completed,1350.0
1770,2025-11-20,Unknown,1.0,1300.0,East,CUST0468,Cash,Pending,1300.0
5860,2025-11-15,Groundnut Oil,5.0,2660.0,East,CUST0234,POS,Completed,13300.0
4033,2025-08-04,Rice,9.0,1750.0,Noth,CUST0148,Transfer,Unknown,15750.0
2910,2025-06-21,Cabbage,7.0,790.0,North,CUST0292,Transfer,Pending,5530.0
2247,2025-11-17,Milk,1.0,1350.0,West,CUST0145,POS,Completed,1350.0
4397,2025-02-22,Tomato Paste,4.0,630.0,South,CUST0224,Cash,Completed,2520.0
1515,2025-11-11,Water,9.0,430.0,East,CUST0329,Transfer,Pending,3870.0
6100,2025-06-26,Milk,1.0,1180.0,North,CUST0212,Cash,Completed,1180.0
3527,2025-06-11,Pepper,7.0,750.0,South,CUST0239,Transfer,Completed,5250.0
3449,2025-01-29,Toothpaste,3.0,1290.0,South,CUST0283,Transfer,Completed,3870.0
2932,2025-02-06,Toilet Roll,8.0,860.0,East,CUST0474,Cash,Completed,6880.0
2235,2025-05-27,Rice,2.0,1660.0,East,CUST0619,POS,Completed,3320.0
5424,2025-02-22,Soft Drink,9.0,770.0,North,CUST0591,Unknown,Pending,6930.0
1666,2025-04-05,Bread,3.0,1070.0,East,CUST0327,POS,Completed,3210.0
1911,2025-03-19,Detergent,5.0,1990.0,South,CUST0055,Transfer,Completed,9950.0
3519,2025-12-21,Rice,5.0,1730.0,North,CUST0302,Transfer,Pending,8650.0
2345,2025-01-28,Bread,4.0,840.0,North,CUST0001,Transfer,Completed,3360.0
5947,2025-01-21,Soft Drink,5.0,800.0,East,CUST0618,Transfer,Pending,4000.0
4146,2025-04-20,Soft Drink,11.0,810.0,North,CUST0503,Transfer,Pending,8910.0
2104,2025-02-25,Milk,5.0,1370.0,North,CUST0147,Transfer,Completed,6850.0
1423,2025-11-17,Maggi,5.0,470.0,East,CUST0212,Transfer,Completed,2350.0
5840,2025-06-17,Toothpaste,6.0,1190.0,South,CUST0548,Transfer,Returned,7140.0
3139,2025-04-18,Carrot,4.0,770.0,North,CUST0465,Transfer,Pending,3080.0
2688,2025-11-03,Rice,4.0,1990.0,West,CUST0406,Transfer,Completed,7960.0
4545,2025-04-23,Pepper,4.0,660.0,South,CUST0410,POS,Completed,2640.0
4436,2025-03-25,Carrot,11.0,950.0,North,CUST0624,Transfer,Returned,10450.0
2749,2025-11-16,Butter,3.0,1780.0,West,CUST0114,POS,Pending,5340.0
1399,2025-02-01,Detergent,7.0,1730.0,South,CUST0205,Cash,Pending,12110.0
5448,2025-01-14,Bread,5.0,970.0, North ,CUST0110,Cash,Returned,4850.0
1975,2025-08-04,Juice,1.0,1700.0,North,CUST0221,Transfer,Completed,1700.0
2252,2025-06-30,Carrot,1.0,790.0,South,CUST0265,POS,Returned,790.0
3189,2025-09-24,Yam,2.0,1750.0,North,CUST0181,Transfer,Completed,3500.0
2056,2025-05-26,Cabbage,2.0,750.0,East,CUST0466,Transfer,Completed,1500.0
1810,2025-05-26,Carrot,4.0,-500.0,West,CUST0549,Transfer,Returned,-2000.0
1367,2025-08-04,Juice,3.0,1610.0,South,CUST0075,Transfer,Completed,4830.0
5655,2025-01-09,Carrot,4.0,830.0,West,CUST0343,POS,Completed,3320.0
3149,2025-11-11,Yam,9.0,1840.0,South,CUST0341,Transfer,Returned,16560.0
2384,2025-10-26,Bread,4.0,1080.0,North,CUST0031,Transfer,Completed,4320.0
5582,2025-08-25,Rice,6.0,1690.0,West,CUST0007,Transfer,Completed,10140.0
2020,2025-04-10,Juice,9.0,1370.0,North,CUST0364,Transfer,Completed,12330.0
5804,2025-09-19,MILK,2.0,1240.0,South,CUST0069,Cash,Unknown,2480.0
2401,2025-01-10,Detergent,8.0,1730.0,East,CUST0230,Transfer,Completed,13840.0
2949,2025-04-25,Juice,4.0,1450.0,East,CUST0235,Cash,Completed,5800.0
3915,2025-09-04,Tea,6.0,1070.0,South,CUST0100,Transfer,Completed,6420.0
3030,2025-11-03,Beans,1.0,1540.0,Unknown,CUST0387,Transfer,Unknown,1540.0
4766,2025-07-28,Yam,7.0,1480.0,West,CUST0406,Transfer,Returned,10360.0
1350,2025-02-17,Water,4.0,490.0,North,CUST0466,POS,Completed,1960.0
5014,2025-11-10,Juice,3.0,1640.0,East,CUST0435,Transfer,Completed,4920.0
3665,2025-05-06,Yam,4.0,1850.0,West,CUST0231,POS,Completed,7400.0
2533,2025-08-05,Cabbage,7.0,750.0,North,CUST0650,Transfer,Pending,5250.0
2626,2025-12-26,Coffee,1.0,2070.0,South,Unknown,Transfer,Returned,2070.0
3397,2025-03-23,Beans,5.0,1660.0,West,CUST0123,POS,Completed,8300.0
3591,2025-02-21,Pepper,4.0,810.0,North,CUST0501,Transfer,Completed,3240.0
5593,2025-03-13,Detergent,3.0,1960.0,South,CUST0208,Cash,Completed,5880.0
5178,2025-06-01,Yam,6.0,1470.0,North,CUST0208,Transfer,Completed,8820.0
4459,2025-11-18,Tea,5.0,1090.0,South,CUST0251,Transfer,Completed,5450.0
2547,2025-05-17,Eggs,4.0,2310.0,North,CUST0100,Transfer,Completed,9240.0
5664,2025-08-02,Pepper,7.0,660.0,North,CUST0280,Transfer,Completed,4620.0
1110,2025-06-09,Sugar,5.0,1400.0,East,CUST0231,POS,Pending,7000.0
5007,2025-10-16,Toothpaste,1.0,1090.0,South,CUST0298,Transfer,Pending,1090.0
5802,2025-10-19,Pepper,8.0,680.0,South,CUST0120,POS,Completed,5440.0
5297,2025-12-25,Detergent,11.0,1910.0,South,CUST0522,Transfer,Pending,21010.0
5728,2025-02-08,Water,7.0,420.0,North,CUST0492,POS,Completed,2940.0
4364,2025-01-23,Bread,1.0,900.0,West,CUST0458,Transfer,Completed,900.0
3900,2025-07-24,Detergent,5.0,1770.0,South,CUST0462,Cash,Completed,8850.0
2746,2025-12-06,Bread,10.0,1080.0,East,CUST0041,Transfer,Completed,10800.0
4906,2025-03-10,Eggs,5.0,2060.0,North,CUST0277,Transfer,Completed,10300.0
5549,2025-08-16,Beans,4.0,1500.0,South,CUST0358,Cash,Pending,6000.0
2373,2025-09-01,Maggi,3.0,470.0,West,CUST0108,POS,Completed,1410.0
6141,2025-06-18,Sugar,6.0,1490.0,East,CUST0027,Cash,Pending,8940.0
1731,2025-12-23,Groundnut Oil,5.0,2400.0,West,CUST0466,Cash,Completed,12000.0
4097,2025-01-28,Tea,2.0,1120.0,North,CUST0344,POS,Completed,2240.0
3085,2025-07-15,Toothpaste,5.0,1170.0,East,CUST0222,Transfer,Completed,5850.0
4777,2025-06-09,Unknown,5.0,1600.0,West,CUST0394,Cash,Returned,8000.0
4218,2025-09-08,Coffee,10.0,1920.0,South,CUST0322,POS,Completed,19200.0
2744,2025-02-21,Yam,7.0,1480.0,West,CUST0168,Transfer,Completed,10360.0
2609,2025-03-03,Butter,5.0,1800.0,South,CUST0050,POS,Completed,9000.0
1352,2025-04-19,Tomato Paste,-1.0,630.0,North,CUST0346,POS,Completed,-630.0
5025,2025-05-13,Unknown,6.0,1440.0,South,CUST0373,Cash,Completed,8640.0
3932,2025-02-16,Pepper,11.0,690.0,Unknown,CUST0615,Transfer,Completed,7590.0
2719,2025-10-02,Sugar,3.0,1540.0,North,CUST0408,Transfer,Completed,4620.0
4068,2025-03-24,Rice,9.0,1670.0,East,CUST0415,Transfer,Completed,15030.0
4440,2025-04-19,Groundnut Oil,10.0,2770.0,South,CUST0387,Cash,Completed,27700.0
1739,2025-03-28,juice,5.0,1600.0,North,Unknown,Transfer,Completed,8000.0
3328,2025-06-17,Soft Drink,8.0,900.0,North,CUST0006,Transfer,Completed,7200.0
3654,2025-05-29,Sugar,1.0,1500.0,West,CUST0177,Transfer,Completed,1500.0
4325,2025-06-13,Yam,7.0,1570.0,East,CUST0611,Transfer,Completed,10990.0
3217,2025-02-04,Toothpaste,7.0,1250.0,North,CUST0588,Transfer,Completed,8750.0
5641,2025-07-04, Juice ,9.0,1490.0,South,CUST0013,Transfer,Returned,13410.0
1131,2025-12-15,Maggi,8.0,530.0,East,CUST0317,POS,Completed,4240.0
5185,2025-06-01,Detergent,6.0,2000.0,North,CUST0270,Transfer,Completed,12000.0
2608,2025-06-20,Carrot,2.0,980.0,North,CUST0262,Cash,Returned,1960.0
1612,2025-08-29,Toothpaste,2.0,1360.0,North,CUST0391,POS,Completed,2720.0
3666,2025-04-05,Butter,3.0,1630.0,South,CUST0016,Transfer,Completed,4890.0
1437,2025-05-24,Yam,8.0,1790.0,East,CUST0234,Transfer,Returned,14320.0
4946,2025-12-26,Butter,9.0,2020.0,East,CUST0477,Transfer,Completed,18180.0
4638,2025-04-05,Juice,8.0,1660.0,South,CUST0072,Cash,Completed,13280.0
5619,2025-04-26,Detergent,3.0,1690.0,East,CUST0296,Cash,Completed,5070.0
4415,2025-04-21,Tea,11.0,1110.0,South,CUST0464,Unknown,Completed,12210.0
5830,2025-05-02,Toilet Roll,4.0,1020.0,East,CUST0076,Transfer,Completed,4080.0
1420,2025-12-27,Detergent,1.0,2000.0,West,CUST0622,POS,Completed,2000.0
5008,2025-02-27,Rice,2.0,1730.0,West,CUST0024,POS,Returned,3460.0
1459,2025-06-10,SUGAR,5.0,1190.0,North,CUST0215,POS,Completed,5950.0
2505,2025-04-06,Milk,3.0,1320.0,East,CUST0174,POS,Completed,3960.0
4121,2025-09-14,Maggi,1.0,500.0,West,CUST0473,Transfer,Completed,500.0
2317,2025-06-14,Eggs,7.0,2130.0,East,CUST0271,POS,Completed,14910.0
1740,2025-09-16,Butter,1.0,1980.0,North,CUST0136,Cash,Completed,1980.0
5764,2025-05-26,Soft Drink,4.0,770.0,South,CUST0172,Transfer,Completed,3080.0
5932,2025-09-06,Bread,10.0,1060.0,East,CUST0031,Transfer,Completed,10600.0
3518,2025-12-14,Cabbage,3.0,860.0,South,CUST0197,POS,Completed,2580.0
3249,2025-09-11,Yam,2.0,1460.0,East,CUST0440,Transfer,Completed,2920.0
5170,2025-05-22,Unknown,9.0,1010.0,East,CUST0288,POS,Pending,9090.0
3734,2025-10-10,Rice,6.0,1690.0,South,CUST0159,Transfer,Completed,10140.0
5985,2025-12-02,Yam,1.0,1510.0,West,CUST0285,Transfer,Returned,1510.0
3270,2025-08-31,Maggi,3.0,460.0,Unknown,CUST0628,Transfer,Completed,1380.0
2183,2025-03-06,Rice,2.0,1890.0,West,CUST0054,Cash,Completed,3780.0
2482,2025-04-26,Toothpaste,3.0,1060.0,West,CUST0282,Transfer,Pending,3180.0
2861,2025-11-25,Butter,1.0,1720.0,North,CUST0476,Cash,Returned,1720.0
4159,2025-09-18,Cabbage,5.0,900.0,West,CUST0267,Transfer,Completed,4500.0
4120,2025-11-12,Coffee,5.0,2200.0,East,CUST0426,Transfer,Pending,11000.0
4052,2025-04-24,Maggi,4.0,540.0,North,Unknown,Transfer,Completed,2160.0
2685,2025-04-25,Toothpaste,4.0,1250.0,East,CUST0472,Cash,Completed,5000.0
1037,2025-08-23,Rice,5.0,1920.0,East,CUST0076,Cash,Completed,9600.0
5576,2025-11-23,Maggi,7.0,570.0,West,CUST0516,POS,Completed,3990.0
2966,2025-06-23,Water,4.0,500.0,North,CUST0475,Transfer,Pending,2000.0
5435,2025-10-31,Toothpaste,6.0,1260.0,South,CUST0445,POS,Returned,7560.0
3946,2025-01-25,Cabbage,3.0,860.0,South,CUST0243,Transfer,Completed,2580.0
3902,2025-11-08,Eggs,7.0,1900.0,West,CUST0618,Cash,Completed,13300.0
5672,2025-08-07,Soft Drink,4.0,710.0,East,CUST0188,Cash,Completed,2840.0
2165,2025-09-15,Groundnut Oil,3.0,2750.0,West,CUST0313,Cash,Completed,8250.0
2471,2025-08-31,Soft Drink,-1.0,890.0,West,CUST0061,POS,Completed,-890.0
5675,2025-03-31,Tea,10.0,1230.0,Unknown,CUST0264,POS,Pending,12300.0
2039,2025-11-29,Juice,1.0,1410.0,West,CUST0463,Cash,Completed,1410.0
5228,2025-11-06,Maggi,4.0,570.0,South,CUST0491,POS,Pending,2280.0
3767,2025-01-14,Carrot,6.0,970.0,West,CUST0486,Transfer,Completed,5820.0
4388,2025-01-23,Milk,9.0,1120.0,West,CUST0593,Transfer,Completed,10080.0
2201,2025-07-19,Toothpaste,4.0,1150.0,West,CUST0004,Transfer,Completed,4600.0
1221,2025-07-30,Toilet Roll,7.0,1000.0,East,CUST0129,POS,Completed,7000.0
5500,2025-10-31,Bread,8.0,1080.0,West,CUST0029,Transfer,Completed,8640.0
5475,2025-06-19,Toilet Roll,5.0,1020.0,East,CUST0553,Cash,Completed,5100.0
5481,2025-08-19,Unknown,7.0,1650.0,Unknown,CUST0467,Cash,Returned,11550.0
6014,2025-08-10,Eggs,3.0,2420.0,North,CUST0508,Cash,Pending,7260.0
3537,2025-03-02,Yam,5.0,1730.0,West,CUST0304,Cash,Completed,8650.0
1797,2025-12-27,Groundnut Oil,5.0,2690.0,East,CUSTOMER-0395,POS,Completed,13450.0
5026,2025-09-22,Eggs,4.0,2130.0,North,CUST0101,Transfer,Completed,8520.0
1891,2025-07-28,Water,7.0,430.0,East,CUST0504,Cash,Completed,3010.0
3320,2025-12-10,Milk,6.0,1270.0,South,CUST0617,Transfer,Completed,7620.0
4661,2025-05-10,Groundnut Oil,3.0,2670.0,West,CUST0408,Transfer,Completed,8010.0
1391,2025-01-21,Soft Drink,2.0,900.0,West,CUST0094,Cash,Returned,1800.0
4886,2025-02-23,Cabbage,4.0,820.0,South,CUST0474,Transfer,Completed,3280.0
2435,2025-09-26,Toilet Roll,5.0,1000.0,South,CUST0293,Transfer,Completed,5000.0
1334,2025-07-18,Soft Drink,5.0,840.0,North,CUST0361,POS,Completed,4200.0
5673,2025-02-20,Coffee,-1.0,1970.0,North,CUST0409,POS,Completed,-1970.0
2359,2025-09-06,Rice,5.0,1730.0,East,CUST0001,Transfer,Pending,8650.0
3435,2025-03-04,Tea,2.0,1160.0,North,CUST0158,Cash,Completed,2320.0
4149,2025-05-26,Carrot,8.0,770.0,West,CUST0085,POS,Completed,6160.0
2060,2025-05-22,Groundnut Oil,2.0,2780.0,South,CUST0066,POS,Returned,5560.0
2767,2025-05-27,Water,2.0,430.0,North,CUST0247,Cash,Completed,860.0
5927,2025-09-25,Rice,4.0,1760.0,East,CUST0295,Cash,Completed,7040.0
5839,2025-03-01,Rice,5.0,1780.0,West,CUST0471,Transfer,Completed,8900.0
5300,2025-02-17,Sugar,5.0,1410.0,West,CUST0229,Transfer,Completed,7050.0
4222,2025-03-15,Bread,7.0,850.0,South,CUST0130,POS,Pending,5950.0
2273,2025-04-01,Carrot,5.0,790.0,South,CUST0391,Transfer,Completed,3950.0
3920,2025-09-10,Eggs,4.0,2110.0,Unknown,CUST0132,Unknown,Completed,8440.0
4389,2025-03-07,Sugar,4.0,1290.0,East,CUST0532,Transfer,Completed,5160.0
4432,2025-04-14,Unknown,7.0,1180.0,West,CUST0244,Transfer,Completed,8260.0
3530,2025-12-02,Coffee,5.0,2180.0,East,CUST0280,Cash,Pending,10900.0
4628,2025-05-24,Toothpaste,9.0,1340.0,North,CUST0450,Cash,Completed,12060.0
5674,2025-01-04,Rice,6.0,1990.0,East,Unknown,Transfer,Completed,11940.0
4513,2025-12-13,Pepper,12.0,790.0,Unknown,CUST0151,POS,Returned,9480.0
5542,2025-11-24,Soft Drink,7.0,860.0,West,CUST0422,Cash,Completed,6020.0
4515,2025-01-07,Eggs,4.0,2060.0,North,CUST0489,Transfer,Returned,8240.0
2669,2025-08-22,Rice,8.0,1760.0,North,CUST0361,POS,Completed,14080.0
4625,2025-04-25, Eggs ,3.0,2400.0,South,CUST0239,POS,Completed,7200.0
1007,2025-04-27,Maggi,7.0,580.0,West,CUST0104,Transfer,Completed,4060.0
1314,2025-09-10,Eggs,2.0,1950.0,North,CUST0432,Transfer,Pending,3900.0
3671,2025-10-27,Carrot,5.0,770.0,East,CUST0135,Transfer,Completed,3850.0
1686,2025-01-19,Carrot,2.0,760.0,North,CUST0340,POS,Completed,1520.0
5209,2025-12-30,Water,3.0,510.0,West,CUST0076,Cash,Completed,1530.0
2646,2025-09-16,Milk,2.0,1390.0,West,CUST0146,POS,Completed,2780.0
2877,2025-11-06,Soft Drink,5.0,760.0,North,CUST0243,Transfer,Completed,3800.0
3545,2025-04-02,Pepper,3.0,790.0,West,CUST0564,Cash,Returned,2370.0
3338,2025-09-21,Soft Drink,9.0,920.0,West,CUST0319,POS,Completed,8280.0
5484,2025-09-11,Yam,7.0,1440.0,East,CUST0178,Transfer,Completed,10080.0
1368,2025-04-21,Eggs,1.0,1880.0,South,CUST0519,Transfer,Completed,1880.0
5120,2025-04-01,Unknown,12.0,650.0,East,CUST0365,Transfer,Pending,7800.0
3486,2025-02-24,Carrot,2.0,780.0,South,CUST0342,POS,Pending,1560.0
5778,2025-06-09,Milk,11.0,1280.0,North,CUST0030,Cash,Completed,14080.0
3213,2025-03-18,Tomato Paste,1.0,680.0,West,CUST0142,Cash,Completed,680.0
3246,2025-03-25,Water,12.0,510.0,South,CUST0111,Transfer,Completed,6120.0
3041,2025-03-08,Tomato Paste,3.0,700.0,South,CUST0220,Transfer,Returned,2100.0
4433,2025-09-27,Bread,3.0,1080.0,North,CUST0039,Cash,Pending,3240.0
3515,2025-11-03,Coffee,2.0,1770.0,North,CUST0364,Transfer,Completed,3540.0
3278,2025-03-28,Unknown,3.0,430.0,West,CUST0318,Transfer,Completed,1290.0
3103,2025-12-08,Milk,5.0,1210.0,Unknown,CUST0173,POS,Completed,6050.0
1052,2025-08-12,Pepper,5.0,720.0,South,CUST0591,Transfer,Completed,3600.0
5523,2025-08-07,Coffee,1.0,2180.0,North,CUST0584,Transfer,Completed,2180.0
3166,2025-10-18,Juice,9.0,1410.0,South,CUST0176,POS,Completed,12690.0
4180,2025-07-10,Eggs,4.0,1870.0,South,CUST0326,Transfer,Completed,7480.0
4000,2025-04-13,Milk,6.0,1190.0,North,CUST0411,Transfer,Completed,7140.0
4992,2025-05-26,Sugar,8.0,1300.0,West,CUST0597,Transfer,Pending,10400.0
1107,2025-07-26,Bread,8.0,1060.0,East,CUST0556,Cash,Completed,8480.0
4674,2025-12-21,Coffee,1.0,1880.0,South,CUST0461,Transfer,Returned,1880.0
4198,2025-07-12,Pepper,6.0,750.0,South,CUST0066,Cash,Completed,4500.0
5499,2025-11-29,Milk,6.0,1170.0,East,CUST0345,Transfer,Completed,7020.0
5866,2025-09-19,Coffee,2.0,1720.0,East,CUST0357,POS,Completed,3440.0
3401,2025-02-13,Butter,5.0,1990.0,North,CUST0371,Transfer,Completed,9950.0
2196,2025-04-09,Tea,6.0,1250.0,East,CUST0560,Cash,Completed,7500.0
5450,2025-05-02,Unknown,4.0,1990.0,West,Unknown,Transfer,Completed,7960.0
3597,2025-02-12,Tomato Paste,8.0,580.0,West,CUST0246,POS,Completed,4640.0
6050,2025-05-30,Carrot,7.0,880.0,South,CUST0476,Cash,Completed,6160.0
4765,2025-02-14,Coffee,6.0,1740.0,East,CUST0547,Cash,Completed,10440.0
3747,2025-06-11,Rice,8.0,1650.0,East,CUST0378,POS,Completed,13200.0
1525,2025-10-07,Cabbage,3.0,820.0,North,CUST0383,POS,Completed,2460.0
4592,2025-11-25,Detergent,5.0,1930.0,West,CUST0342,POS,Pending,9650.0
5637,2025-11-23,Tomato Paste,2.0,610.0,North,CUST0388,Transfer,Pending,1220.0
2047,2025-07-27,Cabbage,7.0,850.0,East,CUST0484,Cash,Returned,5950.0
5092,2025-08-19,Water,2.0,520.0,South,CUST0535,Cash,Completed,1040.0
3676,2025-10-17,Milk,2.0,1110.0,North,CUST0635,POS,Completed,2220.0
1312,2025-01-14,Bread,1.0,980.0,North,CUST0395,Transfer,Completed,980.0
2822,2025-01-25,Coffee,3.0,1760.0,North,CUST0468,POS,Completed,5280.0
1374,2025-03-02,Unknown,7.0,1870.0,South,CUST0279,Cash,Completed,13090.0
5245,2025-12-29,Beans,10.0,1510.0,East,CUST0055,POS,Completed,15100.0
2627,2025-06-15,Water,1.0,500.0,West,CUST0579,Transfer,Completed,500.0
5691,2025-09-08,Tomato Paste,4.0,610.0,South,CUST0517,Transfer,Completed,2440.0
4516,2025-12-21,Cabbage,11.0,900.0,East,CUST0594,Transfer,Pending,9900.0
5682,2025-12-31,Sugar,4.0,1250.0,West,CUST0044,POS,Completed,5000.0
4548,2025-01-25,Butter,5.0,1960.0,South,CUST0307,Cash,Completed,9800.0
1320,2025-08-13,Tea,7.0,1220.0,East,CUST0419,Cash,Completed,8540.0
1253,2025-11-23,Coffee,2.0,1770.0,North,CUST0484,Transfer,Pending,3540.0
5611,2025-07-16,Butter,2.0,1710.0,East,CUST0284,Transfer,Completed,3420.0
1429,2025-07-22,Milk,9.0,1350.0,West,CUST0124,POS,Completed,12150.0
4335,2025-09-26,Beans,3.0,1370.0,West,CUST0568,Cash,Completed,4110.0
1043,2025-03-24,Eggs,6.0,2170.0,South,CUST0575,Transfer,Completed,13020.0
3908,2025-12-08,Sugar,10.0,1240.0,East,CUST0338,Cash,Completed,12400.0
1668,2025-01-14,Sugar,7.0,1420.0,North,CUST0621,Cash,Completed,9940.0
4075,2025-05-04,Cabbage,3.0,860.0,East,CUST0138,POS,Pending,2580.0
4391,2025-08-18,Unknown,4.0,540.0,North,Unknown,Cash,Completed,2160.0
2605,2025-06-03,Juice,5.0,1560.0,South,CUST0252,Transfer,Completed,7800.0
5725,2025-11-02,Juice,8.0,1740.0,West,CUST0260,Transfer,Completed,13920.0
1922,2025-03-20,Water,2.0,460.0,South,CUST0318,POS,Completed,920.0
1661,2025-03-19,Coffee,3.0,1930.0,West,CUST0090,Cash,Completed,5790.0
1599,2025-01-15,Sugar,1.0,1320.0,North,CUST0488,Cash,Pending,1320.0
3371,2025-10-12,Toothpaste,9.0,1230.0,West,CUST0015,Transfer,Pending,11070.0
2250,2025-03-20,Milk,5.0,1450.0,East,CUST0016,Transfer,Pending,7250.0
1674,2025-05-06,Beans,4.0,1440.0,East,CUST0572,Transfer,Completed,5760.0
2211,2025-11-28,Sugar,3.0,1310.0,West,CUST0404,Cash,Completed,3930.0
5363,2025-03-18,Carrot,11.0,830.0,West,CUST0378,Cash,Completed,9130.0
6069,2025-10-14,detergent,7.0,1910.0,South,CUST0181,Cash,Completed,13370.0
4864,2025-08-08,Juice,3.0,1680.0,South,CUST0520,POS,Returned,5040.0
5165,2025-11-14,Toilet Roll,3.0,890.0,East,CUST0464,Transfer,Completed,2670.0
3863,2025-01-16,Groundnut Oil,4.0,2250.0,East,CUST0072,Transfer,Completed,9000.0
5197,2025-09-12,Detergent,3.0,1760.0,West,CUST0413,Transfer,Pending,5280.0
3927,2025-01-26,Rice,3.0,1930.0,Unknown,CUST0319,Transfer,Completed,5790.0
4339,2025-04-06,Detergent,5.0,1590.0,South,CUST0205,Transfer,Completed,7950.0
5575,2025-09-07,Maggi,12.0,560.0,North,CUST0202,Transfer,Completed,6720.0
3255,2025-12-24,Coffee,11.0,1930.0,South,CUST0320,POS,Completed,21230.0
1958,2025-11-25,Maggi,2.0,520.0,North,CUST0430,Transfer,Completed,1040.0
5117,2025-01-23,Carrot,5.0,840.0,North,CUST0634,Transfer,Completed,4200.0
1115,2025-10-10,Pepper,7.0,690.0,North,CUST0194,POS,Completed,4830.0
5336,2025-03-05,CARROT,2.0,850.0,east,CUST0610,POS,Pending,1700.0
5455,2025-10-25,Pepper,4.0,760.0,South,CUST0223,Transfer,Completed,3040.0
5081,2025-04-17,Soft Drink,2.0,810.0,West,CUST0223,POS,Completed,1620.0
ORD-3610,2025-01-25,Juice,4.0,1610.0,East,CUST0221,POS,Completed,6440.0
2579,2025-01-08,Cabbage,6.0,700.0,West,CUST0317,Transfer,Completed,4200.0
5849,2025-03-05,Toothpaste,1.0,1110.0,West,CUST0097,Transfer,Completed,1110.0
3032,2025-09-19,Eggs,2.0,2040.0,East,CUST0375,Transfer,Completed,4080.0
1240,2025-03-13,Toilet Roll,3.0,950.0,West,CUST0403,POS,Completed,2850.0
6110,2025-03-22,Water,1.0,420.0,North,CUST0528,Cash,Completed,420.0
1776,2025-12-28,Milk,6.0,1410.0,South,CUST0488,Cash,Unknown,8460.0
1719,2025-07-16,Detergent,1.0,1640.0,South,CUST0446,Cash,Completed,1640.0
5588,2025-12-10,Toilet Roll,6.0,880.0,West,CUST0601,Transfer,Completed,5280.0
5479,2025-04-11,Carrot,4.0,900.0,West,CUST0057,Cash,Completed,3600.0
1535,2025-02-09,Water,6.0,510.0,East, CUST0596 ,Cash,Completed,3060.0
3258,2025-05-07,Carrot,6.0,840.0,East,CUST0360,Transfer,Completed,5040.0
4928,2025-07-10,Toilet Roll,7.0,1010.0,Unknown,CUST0421,Cash,Pending,7070.0
2738,2025-11-16,Yam,4.0,1500.0,North,CUST0565,POS,Completed,6000.0
2571,2025-09-05,Coffee,2.0,1770.0,East,CUST0470,POS,Completed,3540.0
5322,2025-01-28,Rice,8.0,1800.0,West,CUST0406,Cash,Completed,14400.0
3999,2025-06-18,Beans,6.0,1670.0,North,CUST0070,Transfer,Completed,10020.0
2916,2025-05-16,Beans,6.0,1600.0,West,CUST0480,POS,Completed,9600.0
2896,2025-05-20,Sugar,4.0,1200.0,East,CUST0404,Transfer,Unknown,4800.0
4530,2025-01-01,Toothpaste,7.0,1090.0,West,CUST0158,Transfer,Completed,7630.0
1702,2025-07-10,Coffee,4.0,2240.0,West,CUST0538,Transfer,Completed,8960.0
1004,2025-03-23,Rice,6.0,1800.0,West,CUST0221,POS,Completed,10800.0
4929,2025-10-11,Soft Drink,6.0,870.0,West,CUST0170,Transfer,Completed,5220.0
2213,2025-11-05,Rice,1.0,1830.0,East,CUST0014,POS,Completed,1830.0
5177,2025-09-15,Yam,4.0,1650.0,West,CUST0506,POS,Completed,6600.0
5867,2025-06-16,Toothpaste,2.0,1130.0,East,CUST0080,POS,Completed,2260.0
5577,2025-02-10,Sugar,9.0,1530.0,South,CUST0309,POS,Completed,13770.0
1104,2025-09-23,Detergent,6.0,1990.0,West,CUST0600,Transfer,Pending,11940.0
4131,2025-06-29,Sugar,7.0,1400.0,Unknown,CUST0411,POS,Completed,9800.0
5102,2025-11-06,Soft Drink,3.0,780.0,North,CUST0008,Transfer,Completed,2340.0
3135,2025-11-27,Rice,-3.0,1760.0,South,CUST0573,Transfer,Completed,-5280.0
4115,2025-03-07,Tomato Paste,7.0,730.0,North,CUST0256,Transfer,Completed,5110.0
5186,2025-01-08,Bread,7.0,860.0,North,CUST0365,Transfer,Pending,6020.0
5557,2025-12-14,Toothpaste,5.0,1350.0,South,CUST0578,Cash,Pending,6750.0
3289,2025-08-06,Milk,3.0,1160.0,North,CUST0261,POS,Returned,3480.0
5156,2025-11-18,Maggi,5.0,500.0,South,CUST0620,Transfer,Completed,2500.0
1264,2025-12-20,Yam,2.0,1820.0,North,CUST0377,Cash,Completed,3640.0
3639,2025-01-23,Juice,4.0,1490.0,East,CUST0584,Transfer,Completed,5960.0
1532,2025-05-07,Pepper,7.0,760.0,South,CUST0284,POS,Completed,5320.0
4030,2025-04-09,Groundnut Oil,6.0,2370.0,West,CUST0605,Transfer,Returned,14220.0
3703,2025-08-23,Butter,1.0,1630.0,West,CUST0206,POS,Completed,1630.0
1136,2025-03-05,Toothpaste,4.0,1280.0,North,CUST0599,Transfer,Completed,5120.0
5953,2025-08-22,Toilet Roll,6.0,990.0,South,CUST0591,Cash,Completed,5940.0
2168,2025-03-11,Toilet Roll,4.0,920.0,East,CUST0416,Transfer,Completed,3680.0
3485,2025-02-02,Unknown,2.0,820.0,East,CUST0029,Transfer,Completed,1640.0
1339,2025-10-15,Cabbage,4.0,790.0,South,CUST0426,Cash,Completed,3160.0
2257,2025-04-25,Milk,3.0,1260.0,East,CUST0358,Cash,Completed,3780.0
3098,2025-10-01,Maggi,3.0,580.0,Unknown,CUST0208,Cash,Completed,1740.0
2789,2025-11-06,Pepper,8.0,660.0,West,CUST0612,Cash,Completed,5280.0
5957,2025-10-28,Butter,8.0,1670.0,South,CUST0576,Cash,Pending,13360.0
2145,2025-06-02,Tomato Paste,5.0,590.0,East,CUST0551,Unknown,Pending,2950.0
1906,2025-11-03,maggi,6.0,550.0,East,CUST0260,Cash,Completed,3300.0
2173,2025-01-02,Tea,6.0,1140.0,West,CUST0313,POS,Returned,6840.0
2222,2025-12-18,Maggi,3.0,550.0,North,CUST0107,Transfer,Completed,1650.0
1066,2025-05-20,Coffee,3.0,2200.0,East,CUST0142,Transfer,Completed,6600.0
1045,2025-07-03,Beans,2.0,1380.0,East,CUST0363,POS,Pending,2760.0
1153,2025-04-27,Groundnut Oil,4.0,2670.0,South,CUST0426,Cash,Completed,10680.0
3559,2025-04-15,Groundnut Oil,3.0,2450.0,West,CUST0352,Transfer,Completed,7350.0
6099,2025-10-23,Detergent,9.0,1610.0,South,CUST0175,Cash,Completed,14490.0
5254,2025-09-24,juice,11.0,1720.0,East,CUST0213,POS,Completed,18920.0
3594,2025-09-28,Groundnut Oil,6.0,2690.0,North,CUST0115,POS,Pending,16140.0
1840,2025-09-20,Maggi,5.0,510.0,North,CUST0045,Transfer,Completed,2550.0
4629,2025-10-05,Bread,1.0,930.0,East,CUST0350,POS,Completed,930.0
2629,2025-08-03,Sugar,2.0,1540.0,West,CUST0186,Transfer,Returned,3080.0
5657,2025-08-18,Pepper,6.0,650.0,West,CUST0648,POS,Completed,3900.0
1211,2025-12-14,Toilet Roll,2.0,800.0,South,CUST0036,Transfer,Unknown,1600.0
1606,2025-05-03,Water,4.0,500.0,North,CUST0292,Cash,Completed,2000.0
3004,2025-10-29,Water,8.0,510.0,East,CUST0349,POS,Completed,4080.0
2355,2025-09-23,Groundnut Oil,4.0,2150.0,East,CUST0277,POS,Completed,8600.0
3792,2025-05-24,Beans,3.0,1510.0,East,CUST0599,Transfer,Pending,4530.0
5309,2025-07-27,Sugar,4.0,1370.0,West,CUST0423,Card,Pending,5480.0
4040,2025-07-19,Water,2.0,500.0, West ,CUST0518,Transfer,Completed,1000.0
3067,2025-04-22,Sugar,3.0,1320.0,East,CUST0441,Cash,Completed,3960.0
2612,2025-09-30,Bread,2.0,970.0,East,CUST0588,POS,Completed,1940.0
3332,2025-11-09,Rice,2.0,1870.0,East,CUST0089,Transfer,Completed,3740.0
4968,2025-01-12,Groundnut Oil,3.0,2220.0,North,CUST0043,POS,Returned,6660.0
5789,2025-02-07,Eggs,11.0,1950.0,West,CUST0539,Transfer,Completed,21450.0
5022,2025-06-11,Carrot,12.0,770.0,East,CUST0590,POS,Pending,9240.0
5200,2025-08-01,Toilet Roll,8.0,930.0,South,CUST0569,POS,Completed,7440.0
4320,2025-04-28,Toothpaste,6.0,1370.0,South,CUST0646,Transfer,Completed,8220.0
4491,2025-02-08,Maggi,9.0,580.0,South,CUST0339,Transfer,Completed,5220.0
3842,2025-05-31,Carrot,7.0,840.0,West,CUST0388,POS,Pending,5880.0
1931,2025-10-28,Pepper,6.0,760.0,Unknown,CUST0639,POS,Completed,4560.0
1968,2025-08-21,Carrot,1.0,920.0,South,CUST0084,Transfer,Completed,920.0
1605,2025-05-08,Cabbage,2.0,850.0,South,CUST0388,Transfer,Completed,1700.0
5745,2025-10-31,Unknown,2.0,1320.0,South,CUST0490,Cash,Completed,2640.0
2449,2025-07-14,Soft Drink,5.0,760.0,North,CUST0496,Cash,Returned,3800.0
1579,2025-01-04,Soft Drink,7.0,830.0,East,CUST0494,Transfer,Completed,5810.0
2499,2025-08-16,Beans,5.0,1300.0,East,CUST0558,Transfer,Pending,6500.0
4583,2025-06-26,Coffee,7.0,2130.0,East,CUST0077,Transfer,Completed,14910.0
5329,2025-04-06,Tea,8.0,1190.0,South,CUST0434,Transfer,Returned,9520.0
4475,2025-12-16,Bread,8.0,970.0,South,CUST0284,Transfer,Completed,7760.0
1878,2025-05-03,Cabbage,2.0,730.0,West,CUST0318,Transfer,Completed,1460.0
1936,2025-05-04,Water,4.0,470.0,West,CUST0089,Transfer,Completed,1880.0
2983,2025-05-10,Tea,0.0,1150.0,East,CUST0255,Transfer,Completed,0.0
4363,2025-06-28,Maggi,3.0,450.0,West,CUST0246,Unknown,Completed,1350.0
6150,2025-12-23,Carrot,8.0,900.0,Northh,CUST0231,POS,Completed,7200.0
2439,2025-10-10,Tea,8.0,1200.0,East,CUST0613,POS,Returned,9600.0
2215,2025-02-24,Rice,5.0,2050.0,East,CUST0208,Transfer,Completed,10250.0
1298,2025-04-02,Tomato Paste,2.0,590.0,West,CUST0247,Transfer,Completed,1180.0
3925,2025-02-18,Milk,3.0,1390.0,North,CUST0278,Cash,Completed,4170.0
4949,2025-04-01,Maggi,7.0,570.0,South,CUST0070,Cash,Completed,3990.0
4045,2025-01-19,Soft Drink,8.0,710.0,West,CUST0225,Cash,Returned,5680.0
3555,2025-08-28,Butter,5.0,2070.0,East,CUST0472,POS,Completed,10350.0
4143,2025-10-26,Bread,6.0,1080.0,East,CUST0139,Transfer,Completed,6480.0
4609,2025-02-28,Maggi,6.0,520.0,East,CUST0127,Unknown,Completed,3120.0
3330,2025-07-19,Milk,10.0,1290.0,North,Unknown,Cash,Completed,12900.0
4337,2025-02-11,Water,5.0,440.0,East,CUST0489,Cash,Returned,2200.0
4161,2025-02-21,Eggs,4.0,2160.0,East,CUST0484,Transfer,Completed,8640.0
5963,2025-01-19,Eggs,7.0,2070.0,East,CUST0153,Transfer,Pending,14490.0
5251,2025-06-21,Detergent,4.0,1770.0,South,CUST0088,Cash,Pending,7080.0
4074,2025-07-13,Soft Drink,12.0,800.0,East,CUST0002,Transfer,Completed,9600.0
1275,2025-08-06,Toothpaste,5.0,1330.0,West,CUST0472,Transfer,Completed,6650.0
2985,2025-11-30,Rice,2.0,1690.0,East,CUST0424,Transfer,Completed,3380.0
5952,2025-01-17,Tea,4.0,1190.0,West,CUST0107,POS,Completed,4760.0
3508,2025-05-14,Pepper,4.0,740.0,West,CUST0271,Transfer,Completed,2960.0
2865,2025-11-01,Yam,4.0,1550.0,North,CUST0246,Cash,Completed,6200.0
1042,2025-11-21,milk,4.0,1200.0,East,CUST0342,POS,Completed,4800.0
1474,2025-02-21,Milk,9.0,1330.0,South,CUST0304,Transfer,Completed,11970.0
4643,2025-12-15,Coffee,9.0,1930.0,North,CUST0134,Transfer,Completed,17370.0
1818,2025-04-11,Eggs,1.0,2160.0,South,Unknown,POS,Completed,2160.0
1203,2025-12-17,Sugar,4.0,1450.0,West,CUST0139,Transfer,Pending,5800.0
4458,2025-03-17,Tomato Paste,1.0,610.0,South,CUST0221,Transfer,Completed,610.0
1102,2025-11-03,Milk,1.0,1250.0,North,CUST0619,Transfer,Completed,1250.0
4174,2025-12-11,Rice,12.0,1870.0,East,CUST0150,Transfer,Pending,22440.0
5922,2025-12-31,Unknown,2.0,2130.0,East,CUST0238,POS,Completed,4260.0
4456,2025-01-01,Tea,7.0,1170.0,North,CUST0151,POS,Pending,8190.0
2722,2025-02-12,sugar,7.0,1490.0,West,CUST0447,Cash,Completed,10430.0
3919,2025-05-31,Sugar,8.0,1310.0,South,CUST0294,Cash,Completed,10480.0
3802,2025-11-25,Unknown,1.0,1970.0,South,CUST0351,Cash,Pending,1970.0
1336,2025-04-04,Bread,3.0,870.0,South,CUST0429,Cash,Completed,2610.0
1662,2025-11-10,Maggi,8.0,540.0,Unknown,CUST0247,Card,Completed,4320.0
4805,2025-08-01,Soft Drink,7.0,760.0,North,CUST0255,POS,Completed,5320.0
1706,2025-01-03,Bread,3.0,850.0,East,CUST0342,Cash,Completed,2550.0
4441,2025-10-29,Groundnut Oil,5.0,2500.0,South,CUST0017,Transfer,Completed,12500.0
3315,2025-11-11,Detergent,1.0,1560.0,South,CUST0185,Transfer,Pending,1560.0
1534,2025-02-11,Soft Drink,8.0,900.0,West,CUST0552,Transfer,Completed,7200.0
5384,2025-11-25,Pepper,4.0,640.0,South,CUST0383,Transfer,Completed,2560.0
4595,2025-12-07,Toothpaste,8.0,1360.0,North,CUST0088,Transfer,Returned,10880.0
2891,2025-03-18,Groundnut Oil,3.0,2690.0,Noth,CUST0191,Transfer,Completed,8070.0
3865,2025-10-02,Juice,10.0,1530.0,West,CUST0429,Cash,Returned,15300.0
3718,2025-12-04,Cabbage,6.0,860.0,East,CUST0127,Transfer,Completed,5160.0
2844,2025-01-21, Sugar ,3.0,1310.0,East,Unknown,POS,Completed,3930.0
4686,2025-04-25,Soft Drink,2.0,780.0,North,CUST0460,POS,Completed,1560.0
4277,2025-02-16,Tea,10.0,1260.0,West,CUST0418,Transfer,Completed,12600.0
3909,2025-01-29,Butter,4.0,1700.0,West,CUST0032,Cash,Completed,6800.0
3953,2025-12-05,Yam,3.0,1770.0,West,Unknown,Transfer,Completed,5310.0
2021,2025-04-06,Groundnut Oil,3.0,2650.0,East,CUST0131,Transfer,Completed,7950.0
3095,2025-01-30,Sugar,6.0,1360.0,West,CUST0413,POS,Completed,8160.0
3091,2025-01-25,Rice,10.0,1820.0,East,CUST0627,Cash,Completed,18200.0
3477,2025-04-24,Yam,3.0,1520.0,East,CUST0313,Cash,Completed,4560.0
2850,2025-03-03,Butter,1.0,1630.0,West,CUST0202,Transfer,Returned,1630.0
4689,2025-03-27,Sugar,4.0,1530.0,North,CUST0477,Cash,Completed,6120.0
2469,2025-08-17,Coffee,3.0,2020.0,North,CUST0341,Transfer,Completed,6060.0
3942,2025-07-19,Yam,6.0,1780.0,North,CUST0250,Cash,Completed,10680.0
5944,2025-04-07,Unknown,2.0,940.0,South,CUST0243,Transfer,Pending,1880.0
2436,2025-03-15,Sugar,1.0,1550.0,West,CUST0441,Cash,Completed,1550.0
1766,2025-07-19,Detergent,1.0,1800.0,North,CUST0512,Cash,Pending,1800.0
4720,2025-09-03,Rice,10.0,2000.0,West,CUST0002,Cash,Returned,20000.0
1031,2025-08-05,Yam,6.0,1740.0,South,CUST0159,Transfer,Completed,10440.0
1168,2025-01-10,Tomato Paste,4.0,590.0,North,CUST0590,Transfer,Completed,2360.0
1163,2025-12-12,Beans,1.0,1460.0,South,CUST0498,Cash,Completed,1460.0
4790,2025-01-28,Cabbage,1.0,830.0,East,CUST0057,Transfer,Completed,830.0
2377,2025-03-24,Tea,4.0,1130.0,WEST,CUST0089,Transfer,Completed,4520.0
3362,2025-10-19,Detergent,10.0,1550.0,East,CUST0408,Cash,Returned,15500.0
3525,2025-06-28,Cabbage,5.0,720.0,Unknown,CUST0029,Cash,Completed,3600.0
5845,2025-07-27,Carrot,6.0,830.0,North,Unknown,Cash,Completed,4980.0
1583,2025-07-14,Tea,5.0,1070.0,North,CUST0192,Cash,Completed,5350.0
1395,2025-01-12,Milk,12.0,1170.0,South,CUST0132,Transfer,Pending,14040.0
4467,2025-09-03,Rice,4.0,1810.0,North,CUST0612,Transfer,Completed,7240.0
3298,2025-11-27,Bread,6.0,970.0,South,CUST0161,POS,Completed,5820.0
5906,2025-08-21,Pepper,5.0,800.0,Unknown,CUST0156,Transfer,Completed,4000.0
3451,2025-12-04,Rice,1.0,2030.0,West,CUST0411,Cash,Completed,2030.0
3774,2025-03-22,Yam,5.0,1650.0,East,CUST0296,Transfer,Completed,8250.0
5106,2025-04-15,Groundnut Oil,6.0,2670.0,West,CUST0210,Transfer,Completed,16020.0
4439,2025-10-09,Bread,4.0,840.0,North,CUST0281,Transfer,Completed,3360.0
1883,2025-05-09,Toilet Roll,4.0,810.0,East,CUST0321,Transfer,Completed,3240.0
2880,2025-04-24,Tomato Paste,3.0,680.0,west,CUST0226,Transfer,Completed,2040.0
3233,2025-07-26,Soft Drink,1.0,850.0,East,CUST0162,Cash,Completed,850.0
1694,2025-06-29,Pepper,5.0,740.0,East,CUST0207,Cash,Completed,3700.0
5413,2025-05-19,Pepper,2.0,660.0,West,CUST0446,Transfer,Completed,1320.0
2376,2025-11-23,Butter,5.0,1680.0,North,CUST0503,Transfer,Completed,8400.0
5547,2025-01-16,Soft Drink,2.0,750.0,East,CUST0445,POS,Pending,1500.0
1628,2025-07-18,Water,6.0,460.0,North,CUST0051,Transfer,Completed,2760.0
2179,2025-07-03,Rice,8.0,2000.0,East,CUST0195,Transfer,Completed,16000.0
5426,2025-03-12,Pepper,2.0,690.0,West,CUST0242,Transfer,Completed,1380.0
4568,2025-05-02,Butter,8.0,1850.0,North,CUST0358,Cash,Pending,14800.0
5826,2025-12-19,butter,4.0,1930.0,South,CUST0463,POS,Completed,7720.0
2616,2025-05-13,Unknown,8.0,1880.0,North,CUST0546,Cash,Completed,15040.0
5511,2025-04-19,Groundnut Oil,3.0,2640.0,North,CUST0135,Transfer,Completed,7920.0
5404,2025-07-16,Sugar,2.0,1500.0,North,CUST0332,Transfer,Returned,3000.0
6087,2025-12-20,Butter,5.0,1860.0,East,CUST0448,Transfer,Pending,9300.0
4308,2025-09-25,Sugar,10.0,1400.0,South,CUST0358,Cash,Returned,14000.0
4964,2025-11-21,Water,3.0,510.0,North,Unknown,Transfer,Pending,1530.0
4938,2025-08-05,Sugar,4.0,1540.0,South,CUST0635,POS,Completed,6160.0
2947,2025-10-03,Yam,12.0,1610.0,North,CUST0341,Transfer,Completed,19320.0
1069,2025-06-02,Carrot,7.0,950.0,South,CUST0552,Cash,Completed,6650.0
1301,2025-01-29,DETERGENT,5.0,1880.0,East,CUST0512,POS,Completed,9400.0
3739,2025-04-06,Cabbage,2.0,870.0,South,CUST0600,Transfer,Returned,1740.0
3742,2025-12-23,Carrot,6.0,960.0,West,CUST0092,Transfer,Completed,5760.0
5238,2025-10-25,Cabbage,2.0,840.0,East,CUST0254,Transfer,Completed,1680.0
3701,2025-05-27,Rice,6.0,2090.0,East,CUST0033,Transfer,Completed,12540.0
4163,2025-03-31,Sugar,5.0,1300.0,North,CUST0483,Transfer,Completed,6500.0
4708,2025-12-21,Pepper,4.0,760.0,North,CUST0509,POS,Pending,3040.0
1242,2025-06-19,Carrot,6.0,980.0,Unknown,CUST0645,Transfer,Completed,5880.0
6147,2025-01-22,Beans,1.0,1610.0,North,CUST0566,Transfer,Returned,1610.0
2859,2025-03-07,Coffee,4.0,2230.0,South,CUST0162,Unknown,Completed,8920.0
5387,2025-10-29,Maggi,2.0,540.0,East,CUST0463,Transfer,Returned,1080.0
1828,2025-11-03,Milk,6.0,1300.0,South,Unknown,Cash,Completed,7800.0
6109,2025-06-13,Juice,2.0,1520.0,South,CUST0489,Cash,Completed,3040.0
2391,2025-03-01,Butter,4.0,2040.0,North,CUST0361,Transfer,Completed,8160.0
4100,2025-02-18,rice,12.0,1840.0,West,CUST0211,POS,Completed,22080.0
5112,2025-02-19,Detergent,9.0,1680.0,North,CUST0573,Transfer,Completed,15120.0
3521,2025-01-06,Sugar,8.0,1420.0,South,CUST0520,Cash,Completed,11360.0
2535,2025-08-06,Sugar,5.0,1330.0,East,CUST0154,Transfer,Returned,6650.0
4381,2025-08-23,Milk,4.0,1130.0,North,CUST0179,Cash,Completed,4520.0
3968,2025-08-28,Maggi,1.0,470.0,West, CUST0490 ,POS,Pending,470.0
3065,2025-04-09,Beans,8.0,1300.0,West,CUST0370,Transfer,Pending,10400.0
1819,2025-06-12,Detergent,5.0,1790.0,East,CUST0370,Transfer,Completed,8950.0
2586,2025-06-13,Beans,7.0,1310.0,South,CUST0120,Transfer,Completed,9170.0
4672,2025-06-04,Groundnut Oil,6.0,2190.0,North,CUST0188,Transfer,Pending,13140.0
4053,2025-10-03,Toilet Roll,2.0,1040.0,North,CUST0066,Transfer,Completed,2080.0
1844,2025-03-29,Yam,9.0,1650.0,East,CUST0220,POS,Pending,14850.0
5331,2025-01-01,Bread,4.0,1080.0,East,CUST0503,Transfer,Completed,4320.0
6046,2025-04-21,Unknown,6.0,710.0,East,CUST0231,POS,Completed,4260.0
2963,2025-04-19,Cabbage,2.0,820.0,South,CUST0601,Cash,Completed,1640.0
3715,2025-03-16,Yam,2.0,1550.0,North,CUST0215,Transfer,Completed,3100.0
5612,2025-06-10,Detergent,3.0,1960.0,North,CUST0068,Cash,Pending,5880.0
1116,2025-04-30,Cabbage,8.0,780.0,North,Unknown,Cash,Unknown,6240.0
4935,2025-06-06,Groundnut Oil,3.0,2310.0,West,CUST0467,POS,Completed,6930.0
3100,2025-10-06,Groundnut Oil,7.0,2420.0,West,CUST0169,Cash,Completed,16940.0
5661,2025-10-07,Milk,1.0,1230.0,South,CUST0173,Cash,Completed,1230.0
4316,2025-05-22,Water,3.0,520.0,North,CUST0418,Cash,Pending,1560.0
1938,2025-10-27,Groundnut Oil,3.0,2310.0,South,CUST0053,Transfer,Completed,6930.0
5669,2025-07-07,Toilet Roll,2.0,790.0,West,CUST0247,Cash,Completed,1580.0
4341,2025-08-06,Sugar,3.0,1230.0,South,Unknown,Cash,Unknown,3690.0
2038,2025-09-27,Carrot,6.0,920.0,South,CUST0486,Transfer,Completed,5520.0
2127,2025-07-14,Pepper,5.0,620.0,East,CUST0605,Cash,Pending,3100.0
5668,2025-02-16,Rice,7.0,2080.0,West,CUST0029,Transfer,Completed,14560.0
5218,2025-07-21,Toilet Roll,1.0,1030.0,North,CUST0472,Cash,Completed,1030.0
5997,2025-04-22,Pepper,1.0,810.0,South,CUST0203,Transfer,Pending,810.0
3403,2025-04-07,Soft Drink,6.0,830.0,North,CUST0009,Transfer,Completed,4980.0
1371,2025-01-30,Coffee,3.0,2220.0,East,CUST0465,Cash,Completed,6660.0
1645,2025-06-17,Butter,4.0,1700.0,East,CUST0403,POS,Completed,6800.0
2867,2025-04-07,Maggi,7.0,560.0,West,CUST0303,Transfer,Completed,3920.0
2648,2025-07-05,Toothpaste,5.0,1290.0,West,CUST0384,Transfer,Completed,6450.0
1321,2025-05-04,Yam,3.0,1480.0,South,CUST0387,Transfer,Returned,4440.0
5823,2025-10-25,Pepper,4.0,680.0,West,CUST0206,POS,Completed,2720.0
2333,2025-02-09,Eggs,2.0,2300.0,east,CUST0609,Transfer,Completed,4600.0
4691,2025-08-10,Beans,3.0,1460.0,East,CUST0320,Transfer,Unknown,4380.0
5157,2025-04-10,Carrot,1.0,840.0,North,CUST0508,Transfer,Returned,840.0
4931,2025-12-21,Eggs,10.0,2160.0,East,CUST0160,Unknown,Pending,21600.0
5307,2025-09-24,Groundnut Oil,1.0,2620.0,South,CUST0443,Transfer,Completed,2620.0
4940,2025-05-13,Toilet Roll,8.0,980.0,East,CUST0242,Transfer,Completed,7840.0
4219,2025-07-30,Detergent,3.0,1760.0,North,CUST0603,Transfer,Completed,5280.0
3921,2025-01-03,Milk,6.0,1260.0,North,CUST0079,POS,Completed,7560.0
5342,2025-12-12,Unknown,3.0,1530.0,South,CUST0059,Transfer,Completed,4590.0
6006,2025-01-22,Toilet Roll,5.0,860.0,West,CUST0222,POS,Pending,4300.0
4979,2025-02-16,Detergent,8.0,1720.0,West,CUST0254,Transfer,Completed,13760.0
3334,2025-01-17,Beans,4.0,1600.0,Unknown,CUST0016,Unknown,Completed,6400.0
2063,2025-08-01,Sugar,3.0,1530.0,South,CUST0469,Transfer,Pending,4590.0
2931,2025-03-29,Tea,9.0,1220.0,South,UNKNOWN,Transfer,Completed,10980.0
5206,2025-03-02,Sugar,1.0,1330.0,West,CUST0479,Cash,Completed,1330.0
1224,2025-05-26,Toilet Roll,8.0,860.0,North,CUST0129,Cash,Completed,6880.0
5119,2025-03-26,Water,3.0,420.0,West,CUST0367,Transfer,Completed,1260.0
2274,2025-08-12,Maggi,5.0,540.0,East,CUST0090,POS,Completed,2700.0
4624,2025-08-21,Toothpaste,7.0,1190.0,South,CUST0447,POS,Completed,8330.0
3167,2025-12-03,Pepper,8.0,630.0,North,CUST0242,Cash,Completed,5040.0
2607,2025-07-04,Pepper,9.0,700.0,West,CUST0189,Transfer,Completed,6300.0
2761,2025-11-20,Groundnut Oil,8.0,2640.0,East,CUST0628,Transfer,Completed,21120.0
1436,2025-01-26,Coffee,6.0,2220.0,North,CUST0021,Transfer,Pending,13320.0
1027,2025-05-08,Bread,2.0,980.0,West,CUST0433,Transfer,Completed,1960.0
2167,2025-10-22,Sugar,1.0,1470.0,South,CUST0011,POS,Completed,1470.0
3877,2025-04-15,Beans,1.0,1530.0,east,CUST0531,Cash,Pending,1530.0
2778,2025-12-07,Detergent,1.0,2010.0,East,CUST0332,Cash,Completed,2010.0
1149,2025-09-24,Maggi,3.0,530.0,East,CUST0063,POS,Pending,1590.0
3109,2025-10-04,Coffee,3.0,1780.0,West,Unknown,Cash,Completed,5340.0
2169,2025-08-06,Rice,6.0,2020.0,West,CUST0541,Cash,Completed,12120.0
5509,2025-11-18,Maggi,3.0,530.0,East,CUST0345,Transfer,Pending,1590.0
3473,2025-10-31,Carrot,4.0,750.0,North,CUST0359,Unknown,Completed,3000.0
1609,2025-04-06,Rice,11.0,1770.0,West,CUST0449,Cash,Completed,19470.0
3978,2025-06-15,Groundnut Oil,4.0,2580.0,East,CUST0207,Cash,Completed,10320.0
6139,2025-06-29,Carrot,5.0,850.0,West,CUST0335,Transfer,Pending,4250.0
5911,2025-11-17,Cabbage,4.0,810.0,North,CUST0482,POS,Completed,3240.0
2634,2025-06-09,Rice,4.0,2090.0,North,CUST0132,Transfer,Completed,8360.0
3373,2025-06-21,Maggi,10.0,570.0,South,CUST0343,POS,Returned,5700.0
2498,2025-12-28,Butter,6.0,2020.0,West,CUST0085,Transfer,Pending,12120.0
5723,2025-11-17,Sugar,7.0,1330.0,East,CUST0376,Transfer,Completed,9310.0
4002,2025-08-08,Toilet Roll,6.0,950.0,South,CUST0198,POS,Completed,5700.0
4154,2025-11-03,Juice,2.0,1340.0,North,CUST0109,Cash,Completed,2680.0
2682,2025-08-09,EGGS,3.0,2380.0,West,CUST0328,Cash,Completed,7140.0
1660,2025-05-22,Toilet Roll,7.0,950.0,South,CUST0031,POS,Returned,6650.0
4150,2025-07-30,Beans,5.0,1450.0,West,CUST0398,Transfer,Completed,7250.0
4126,2025-10-24,Butter,12.0,1900.0,South,CUST0304,Transfer,Completed,22800.0
1823,2025-06-21,Toilet Roll,1.0,1030.0,South,CUST0091,Transfer,Completed,1030.0
2279,2025-12-04,Eggs,3.0,2340.0,South,CUST0248,Transfer,Pending,7020.0
5314,2025-07-26,Unknown,3.0,600.0,North,CUST0011,POS,Completed,1800.0
2101,2025-05-11,Butter,3.0,1880.0,West,CUST0013,Transfer,Completed,5640.0
3867,2025-05-15,Soft Drink,2.0,840.0,West,CUST0031,Transfer,Completed,1680.0
5982,2025-06-13,Bread,6.0,1020.0,EAST,CUST0190,Transfer,Unknown,6120.0
5507,2025-11-10,Eggs,5.0,2350.0,North,CUST0033,Transfer,Completed,11750.0
4785,2025-07-18,Bread,2.0,840.0,West,CUST0380,POS,Completed,1680.0
1356,2025-12-07,Carrot,9.0,790.0,South,CUST0641,Transfer,Completed,7110.0
4421,2025-01-04,Carrot,6.0,820.0,South,CUST0360,Cash,Returned,4920.0
6126,2025-12-10,Yam,1.0,1570.0,South,CUST0124,Transfer,Completed,1570.0
1765,2025-08-13,Water,6.0,410.0,West,CUST0026,Cash,Completed,2460.0
2726,2025-08-13,Maggi,1.0,500.0,West,CUST0617,Unknown,Completed,500.0
3053,2025-02-12,Milk,9.0,1310.0,South,CUST0336,Unknown,Completed,11790.0
2734,2025-07-25,Coffee,2.0,2060.0,West,CUST0416,Transfer,Completed,4120.0
3506,2025-12-05,Sugar,7.0,1300.0,North,CUST0060,Transfer,Pending,9100.0
2467,2025-05-26,Detergent,9.0,1800.0,West,CUST0392,Transfer,Completed,16200.0
1636,2025-11-08,Pepper,3.0,720.0,South,CUST0564,POS,Completed,2160.0
1565,2025-09-24,Water,3.0,520.0, East ,CUST0180,Cash,Unknown,1560.0
4236,2025-07-15,Tea,1.0,1070.0,North,CUST0622,POS,Pending,1070.0
3563,2025-08-23,Soft Drink,3.0,860.0,North,CUST0573,Transfer,Completed,2580.0
1970,2025-10-27,Eggs,4.0,2100.0,South,CUST0502,Cash,Completed,8400.0
1896,2025-08-20,Pepper,4.0,760.0,North,CUST0178,Cash,Pending,3040.0
3467,2025-08-04,Butter,11.0,1820.0,North,CUST0317,Cash,Completed,20020.0
5743,2025-03-28,Carrot,4.0,970.0,North,CUST0614,Cash,Completed,3880.0
6137,2025-12-16,Eggs,9.0,1970.0,Noth,CUST0529,POS,Completed,17730.0
3524,2025-08-31,Detergent,3.0,1620.0,North,CUST0581,Transfer,Completed,4860.0
3117,2025-10-30,Toothpaste,5.0,1290.0,West,CUST0441,Cash,Completed,6450.0
1933,2025-03-01,Cabbage,1.0,830.0,South,CUST0415,POS,Returned,830.0
5731,2025-09-02,Coffee,5.0,2090.0,South,CUST0173,Transfer,Completed,10450.0
2065,2025-12-08,Yam,9.0,1720.0,West,CUST0506,Transfer,Completed,15480.0
5548,2025-02-04,Yam,4.0,1410.0,North,CUST0125,POS,Returned,5640.0
4311,2025-01-12,Juice,4.0,1590.0,North,CUST0153,POS,Completed,6360.0
5713,2025-10-13,Juice,2.0,1620.0,South,CUST0356,Transfer,Completed,3240.0
3874,2025-04-24,Maggi,6.0,490.0,East,CUST0106,Transfer,Pending,2940.0
3843,2025-10-18,Toothpaste,1.0,1290.0,West,CUST0203,Cash,Completed,1290.0
2112,2025-11-05,Cabbage,4.0,900.0,North,CUST0498,Cash,Completed,3600.0
4769,2025-11-29,Rice,3.0,2050.0,East,CUST0055,POS,Completed,6150.0
4333,2025-01-15,Juice,3.0,1680.0,South,CUST0367,Transfer,Completed,5040.0
3239,2025-08-04,Soft Drink,6.0,770.0,South,CUST0393,Cash,Completed,4620.0
1664,2025-03-12,Tea,3.0,1190.0,Unknown,CUST0441,POS,Returned,3570.0
3494,2025-06-10,Water,6.0,510.0,North,CUST0391,POS,Returned,3060.0
5118,2025-06-15,Sugar,1.0,1280.0,South,CUST0288,Transfer,Unknown,1280.0
5514,2025-09-19, Toothpaste ,9.0,1190.0,South,Unknown,POS,Completed,10710.0
4249,2025-08-13,Cabbage,3.0,850.0,West,CUST0204,Transfer,Returned,2550.0
6063,2025-11-19,Milk,9.0,1320.0,East,CUST0423,Transfer,Completed,11880.0
4786,2025-04-17,Cabbage,7.0,800.0,South,CUST0016,Transfer,Completed,5600.0
2369,2025-12-02,Carrot,6.0,830.0,West,CUST0286,POS,Completed,4980.0
4988,2025-07-21,Milk,6.0,1130.0,East,CUST0625,Cash,Completed,6780.0
3816,2025-11-22,Pepper,4.0,770.0,West,CUST0555,Transfer,Completed,3080.0
5769,2025-04-29,Maggi,1.0,550.0,North,CUST0289,Transfer,Completed,550.0
4870,2025-10-25,Tomato Paste,5.0,630.0,North,CUST0045,Cash,Completed,3150.0
1513,2025-04-24,Carrot,8.0,910.0,North,CUST0370,Transfer,Returned,7280.0
2405,2025-09-23,Unknown,3.0,1720.0,South,CUST0244,Transfer,Completed,5160.0
2751,2025-11-15,Rice,9.0,1840.0,West,CUST0374,POS,Completed,16560.0
2297,2025-05-09,Tea,2.0,1180.0,North,CUST0403,Transfer,Unknown,2360.0
4042,2025-07-24,Unknown,6.0,1400.0,East,CUST0648,POS,Completed,8400.0
5033,2025-07-23,Sugar,4.0,1280.0,North,CUST0238,Cash,Completed,5120.0
1569,2025-10-09,Milk,3.0,1390.0,North,CUST0356,POS,Completed,4170.0
3936,2025-12-25,Soft Drink,5.0,830.0,Unknown,CUST0228,Transfer,Completed,4150.0
4903,2025-09-22,Water,10.0,400.0,South,CUST0408,Cash,Completed,4000.0
2840,2025-05-04,Pepper,5.0,710.0,North,CUST0318,Cash,Completed,3550.0
2812,2025-09-09,Sugar,4.0,1410.0,West,CUST0080,Cash,Pending,5640.0
2361,2025-06-03,Bread,4.0,1100.0,West,CUST0560,Transfer,Completed,4400.0
5730,2025-01-14,Milk,6.0,1130.0,North,CUST0415,POS,Pending,6780.0
3497,2025-01-25,Carrot,2.0,940.0,North,CUST0433,Transfer,Completed,1880.0
4621,2025-07-30,Carrot,4.0,960.0,North,CUST0076,Transfer,Pending,3840.0
4166,2025-05-07,Bread,3.0,840.0,North,CUST0199,Transfer,Pending,2520.0
4578,2025-01-18,Juice,4.0,1500.0,West,Unknown,Transfer,Completed,6000.0
3134,2025-07-09,Maggi,2.0,560.0,East,CUSTOMER-0574,Cash,Completed,1120.0
2805,2025-12-26,Carrot,1.0,960.0,West,CUST0407,Transfer,Completed,960.0
1058,2025-12-04,Sugar,1.0,1380.0,North,CUST0096,POS,Completed,1380.0
2266,2025-10-15,Rice,7.0,1940.0,East,CUST0593,Cash,Completed,13580.0
4406,2025-06-25,Unknown,2.0,770.0,East,CUST0615,Cash,Completed,1540.0
1132,2025-03-09,Carrot,1.0,820.0,South,CUST0180,Transfer,Pending,820.0
4477,2025-10-26,Groundnut Oil,4.0,2560.0,South,CUST0561,POS,Completed,10240.0
4233,2025-05-30,Toilet Roll,4.0,860.0,South,CUST0260,POS,Pending,3440.0
2674,2025-06-29,Detergent,3.0,1750.0,North,CUST0164,Transfer,Completed,5250.0
2957,2025-03-21,Milk,8.0,1400.0,East,CUST0246,Transfer,Pending,11200.0
2442,2025-08-16,Bread,8.0,970.0,East,CUST0141,POS,Completed,7760.0
1160,2025-06-23,Yam,3.0,1490.0,West,CUST0580,Cash,Completed,4470.0
1926,2025-09-27,Detergent,5.0,1800.0,North,CUST0480,Transfer,Pending,9000.0
4856,2025-11-11,Toothpaste,4.0,1230.0,East,CUST0560,POS,Completed,4920.0
4269,2025-03-07,Sugar,8.0,1410.0,North,CUST0250,POS,Completed,11280.0
3035,2025-11-22,Soft Drink,10.0,900.0,West,CUST0129,Transfer,Completed,9000.0
1456,2025-10-25,Juice,10.0,1350.0,West,CUST0513,Transfer,Completed,13500.0
1805,2025-02-25,Milk,2.0,1140.0,West,CUST0509,Transfer,Completed,2280.0
2009,2025-07-05,Detergent,4.0,1560.0,West,CUST0049,Transfer,Completed,6240.0
5797,2025-09-15,Sugar,6.0,1440.0,West,CUST0129,POS,Completed,8640.0
2129,2025-07-22,Bread,1.0,1060.0,North,CUST0149,POS,Completed,1060.0
2969,2025-01-20,Yam,8.0,1430.0,North,CUST0141,Cash,Pending,11440.0
6077,2025-12-19,Tea,6.0,1200.0,West,CUST0619,Transfer,Returned,7200.0
1564,2025-02-02,Milk,3.0,1230.0,East,CUST0394,Unknown,Completed,3690.0
4426,2025-01-14,Milk,5.0,1210.0,North,CUST0632,Transfer,Completed,6050.0
2958,2025-04-02,Eggs,2.0,2110.0,East,CUST0513,POS,Pending,4220.0
1490,2025-06-19,Groundnut Oil,5.0,2530.0,South,CUST0373,Cash,Completed,12650.0
1685,2025-01-04,Soft Drink,3.0,830.0,West,CUST0051,Transfer,Completed,2490.0
2163,2025-09-20,Maggi,6.0,530.0,West,CUST0388,Cash,Completed,3180.0
3803,2025-03-09,Juice,2.0,1510.0, West ,CUST0103,Unknown,Completed,3020.0
1821,2025-02-14,Toothpaste,2.0,1350.0,South,CUST0454,Transfer,Pending,2700.0
1404,2025-04-23,Beans,5.0,1670.0,South,CUST0364,POS,Returned,8350.0
5924,2025-05-09,Detergent,5.0,1940.0,Unknown,CUST0575,Transfer,Returned,9700.0
ORD-7441,2025-09-10,Unknown,8.0,2760.0,East,CUST0383,POS,Completed,22080.0
1329,2025-01-12,Bread,8.0,1010.0,West,CUST0250,Cash,Completed,8080.0
4502,2025-11-02,Sugar,5.0,1240.0,North,CUST0350,Transfer,Completed,6200.0
1095,2025-11-07,Tomato Paste,5.0,680.0,South,CUST0462,Unknown,Completed,3400.0
3587,2025-01-29,Soft Drink,1.0,760.0,West,CUST0190,POS,Returned,760.0
3302,2025-12-13,Toothpaste,4.0,1190.0,East,CUST0561,Transfer,Completed,4760.0
5163,2025-09-12, Carrot ,10.0,800.0,West,CUST0331,Transfer,Completed,8000.0
4566,2025-06-22,Toilet Roll,4.0,820.0,North,Unknown,Cash,Completed,3280.0
4768,2025-11-22,Cabbage,5.0,860.0,North,CUST0521,Transfer,Completed,4300.0
3441,2025-03-03,Detergent,7.0,1940.0,West,CUST0391,Transfer,Completed,13580.0
1988,2025-04-14,Beans,2.0,1520.0,West,CUST0505,Cash,Completed,3040.0
2370,2025-02-04,Cabbage,9.0,830.0,South,CUST0484,Cash,Completed,7470.0
1709,2025-11-15,Rice,5.0,1680.0,North,CUST0563,Transfer,Completed,8400.0
3814,2025-10-29,Juice,12.0,1500.0,East,CUST0367,POS,Returned,18000.0
1867,2025-12-23,Rice,4.0,1640.0,North,CUST0387,Cash,Completed,6560.0
1036,2025-07-22,Eggs,2.0,2230.0,South,CUST0324,POS,Returned,4460.0
3890,2025-07-12,Coffee,3.0,2180.0,North,CUST0044,Transfer,Completed,6540.0
4875,2025-03-18,Beans,1.0,1440.0,South,CUST0258,Transfer,Completed,1440.0
3562,2025-02-02,Yam,7.0,1670.0,South,CUST0497,Transfer,Completed,11690.0
1912,2025-01-19,Sugar,4.0,1250.0,South,CUST0447,Transfer,Pending,5000.0
2244,2025-07-02,Rice,7.0,2120.0,Unknown,CUST0323,POS,Completed,14840.0
5744,2025-06-15,groundnut oil,6.0,2580.0,WEST,CUST0502,Cash,Completed,15480.0
2312,2025-01-25,coffee,7.0,1790.0,North,CUST0447,Transfer,Completed,12530.0
5383,2025-12-14,Coffee,1.0,2060.0,West,CUST0569,Cash,Completed,2060.0
5437,2025-09-19,Sugar,5.0,1530.0,West,CUST0642,Transfer,Pending,7650.0
2731,2025-12-16,Coffee,4.0,1850.0,South,CUST0491,POS,Completed,7400.0
4390,2025-08-17,Bread,6.0,1040.0,South,CUST0055,POS,Completed,6240.0
3454,2025-02-14,Carrot,4.0,920.0,East,CUST0080,Cash,Pending,3680.0
1288,2025-07-23,Tea,9.0,1140.0,North,CUST0390,Cash,Completed,10260.0
4449,2025-09-06,Coffee,3.0,1740.0,North,Unknown,POS,Completed,5220.0
5073,2025-11-03,Milk,4.0,1280.0,South,CUST0601,Transfer,Completed,5120.0
4099,2025-09-03, Tomato Paste ,1.0,630.0,North,CUST0328,Cash,Completed,630.0
4759,2025-05-20,Cabbage,3.0,710.0,West,CUST0469,Transfer,Returned,2130.0
3904,2025-01-26,Yam,6.0,1700.0,South,CUST0409,Transfer,Completed,10200.0
1555,2025-08-08,Toilet Roll,2.0,990.0,South,CUST0359,Cash,Unknown,1980.0
2876,2025-01-06,Beans,2.0,1670.0,North,CUST0292,Transfer,Completed,3340.0
4103,2025-11-11,Maggi,7.0,560.0,East,CUST0213,Transfer,Completed,3920.0
5726,2025-11-30,Tea,9.0,1160.0,South,CUST0384,POS,Completed,10440.0
2304,2025-04-19,Soft Drink,4.0,730.0,North,CUST0623,POS,Pending,2920.0
4619,2025-10-26,Water,6.0,470.0,East,CUST0226,Transfer,Completed,2820.0
4783,2025-11-08,Detergent,4.0,2000.0,South,CUST0007,Transfer,Completed,8000.0
6080,2025-08-31,Beans,1.0,1350.0,South,CUST0624,POS,Returned,1350.0
3396,2025-08-01,Milk,6.0,1380.0,East,CUST0481,Transfer,Pending,8280.0
4424,2025-04-09,Milk,4.0,1210.0,West,CUST0308,POS,Returned,4840.0
1183,2025-07-20,Maggi,2.0,540.0,East,CUST0318,Cash,Completed,1080.0
2868,2025-10-11,Toothpaste,3.0,1320.0,Unknown,CUST0121,Cash,Pending,3960.0
3492,2025-05-16,Sugar,4.0,1440.0,East,CUST0309,Transfer,Completed,5760.0
4831,2025-05-11,Rice,3.0,2100.0,East,CUST0020,Transfer,Completed,6300.0
3366,2025-07-13,Groundnut Oil,7.0,2680.0,North,CUST0336,Transfer,Completed,18760.0
5970,2025-04-07,Pepper,11.0,760.0,West,CUST0364,Cash,Completed,8360.0
3274,2025-04-11,Butter,8.0,1670.0,North,CUST0455,POS,Pending,13360.0
4815,2025-12-12,Detergent,2.0,1730.0,South,CUST0013,Transfer,Completed,3460.0
4365,2025-02-21,Pepper,3.0,670.0,East,CUST0103,Cash,Completed,2010.0
1869,2025-03-27,Pepper,5.0,690.0,South,CUST0207,Cash,Pending,3450.0
4582,2025-08-21,Beans,2.0,1490.0,West,CUST0277,POS,Returned,2980.0
4501,2025-05-02,Tomato Paste,6.0,630.0,North,CUST0123,POS,Completed,3780.0
5735,2025-01-19,Water,3.0,400.0,East,CUST0273,Transfer,Completed,1200.0
6012,2025-01-27,Sugar,4.0,1490.0,North,CUST0599,POS,Completed,5960.0
4838,2025-11-28,Groundnut Oil,4.0,2320.0,North,CUST0278,Cash,Returned,9280.0
5037,2025-09-25,Coffee,3.0,2040.0,North,CUST0129,Cash,Completed,6120.0
4069,2025-02-20,Yam,2.0,1750.0,North,CUST0492,Transfer,Pending,3500.0
1414,2025-02-09,Pepper,2.0,810.0,West,CUST0091,Unknown,Completed,1620.0
1643,2025-06-28,Pepper,50.0,700.0,East,CUST0233,Cash,Pending,35000.0
1550,2025-08-30,Unknown,8.0,740.0,South,CUST0616,Transfer,Completed,5920.0
2842,2025-08-16,Toilet Roll,1.0,840.0,North,Unknown,Transfer,Returned,840.0
3237,2025-11-25,Toothpaste,3.0,1220.0,West,CUST0342,Cash,Completed,3660.0
5816,2025-03-31,Toilet Roll,6.0,870.0,South,CUST0212,Cash,Completed,5220.0
5628,2025-12-11,Water,3.0,410.0,East,Unknown,POS,Completed,1230.0
3340,2025-04-04,Maggi,1.0,560.0,West,CUST0369,Transfer,Completed,560.0
3607,2025-09-03,Pepper,2.0,620.0,West,CUST0349,Transfer,Completed,1240.0
5272,2025-10-18,Beans,2.0,1670.0,North,CUST0305,Cash,Completed,3340.0
5587,2025-07-17,Tomato Paste,4.0,620.0,South,CUST0048,Cash,Completed,2480.0
3992,2025-04-17,Maggi,2.0,500.0,South,CUST0304,Transfer,Completed,1000.0
1670,2025-07-11,Water,2.0,440.0,South,CUST0141,Transfer,Completed,880.0
1193,2025-06-28,Groundnut Oil,10.0,2390.0,South,CUST0515,Transfer,Completed,23900.0
2993,2025-07-16,Detergent,2.0,2000.0,West,CUST0113,Transfer,Completed,4000.0
1654,2025-10-08,Eggs,4.0,2280.0,West,CUST0019,Transfer,Pending,9120.0
4290,2025-06-05,Juice,7.0,1700.0,North,CUST0469,POS,Pending,11900.0
3066,2025-01-14,Milk,3.0,1340.0,East,CUST0329,POS,Completed,4020.0
2635,2025-12-09,Soft Drink,6.0,810.0,West,CUST0129,Transfer,Completed,4860.0
2550,2025-08-25,Butter,8.0,1840.0,West,CUST0400,Transfer,Completed,14720.0
3776,2025-04-02,Juice,2.0,1700.0,South,CUST0583,POS,Completed,3400.0
5627,2025-02-15,Milk,4.0,1340.0,West,CUST0035,POS,Completed,5360.0
5127,2025-12-05,Tomato Paste,4.0,590.0,West,CUST0528,Transfer,Completed,2360.0
3231,2025-08-13,Carrot,10.0,880.0,East,CUST0027,Transfer,Completed,8800.0
4378,2025-02-20,Groundnut Oil,2.0,2680.0,South,CUST0294,POS,Unknown,5360.0
3071,2025-09-28,Toothpaste,2.0,1070.0,West,CUST0384,Cash,Completed,2140.0
5886,2025-07-13,Water,5.0,450.0,NORTH,CUST0493,Transfer,Pending,2250.0
3427,2025-09-13,Maggi,1.0,510.0,West,CUST0026,Cash,Completed,510.0
5777,2025-04-09,Unknown,6.0,1680.0,East,CUST0211,Transfer,Unknown,10080.0
2696,2025-01-11,Eggs,8.0,1880.0,East,Unknown,Transfer,Unknown,15040.0
3763,2025-03-15,Tea,4.0,990.0,West,CUST0347,Transfer,Completed,3960.0
3821,2025-08-17,Yam,2.0,1590.0,North,CUST0185,Cash,Completed,3180.0
3481,2025-10-26,Toilet Roll,8.0,860.0,West,CUST0162,Transfer,Completed,6880.0
5574,2025-05-07,Coffee,8.0,1730.0,East,CUST0285,Cash,Completed,13840.0
2623,2025-11-06,Detergent,3.0,2030.0,South,CUST0196,Transfer,Completed,6090.0
3145,2025-06-28,Toothpaste,4.0,1360.0,North,CUST0571,POS,Pending,5440.0
5894,2025-10-24,Groundnut Oil,7.0,2480.0,South,CUST0369,Transfer,Completed,17360.0
2483,2025-10-27,Tomato Paste,6.0,640.0,South,CUST0261,Cash,Completed,3840.0
2912,2025-09-17,Juice,1.0,1730.0,South,CUST0339,Cash,Completed,1730.0
1207,2025-06-23,Cabbage,11.0,790.0,South,CUST0377,POS,Completed,8690.0
3048,2025-12-11,Beans,6.0,1290.0,East,CUST0299,Transfer,Pending,7740.0
2902,2025-07-08,Soft Drink,8.0,730.0,South,CUST0392,Transfer,Completed,5840.0
4682,2025-04-24,Beans,4.0,1520.0,East,CUST0610,POS,Completed,6080.0
1696,2025-11-12,Juice,11.0,1670.0,West,CUST0339,POS,Returned,18370.0
4060,2025-09-17,Detergent,6.0,1970.0,North,CUST0597,POS,Completed,11820.0
5065,2025-10-09,Tea,12.0,1220.0,North,CUST0471,Transfer,Completed,14640.0
5926,2025-11-02,Tea,5.0,1050.0,North,CUST0538,Transfer,Completed,5250.0
2886,2025-07-14,Coffee,5.0,1970.0,East,CUST0577,Transfer,Unknown,9850.0
6098,2025-04-30,Coffee,3.0,1960.0,North,CUST0588,Transfer,Completed,5880.0
4544,2025-05-21,Beans,1.0,1360.0,North,CUST0567,Transfer,Pending,1360.0
1825,2025-09-09,Toothpaste,1.0,1330.0,North,CUST0506,Cash,Completed,1330.0
3154,2025-03-15,Detergent,4.0,1960.0,West,CUST0434,Transfer,Completed,7840.0
3273,2025-02-25,Rice,4.0,1900.0,South,CUST0493,Cash,Returned,7600.0
4702,2025-07-07,Milk,10.0,1210.0,South,CUST0056,POS,Returned,12100.0
4909,2025-01-21,Sugar,4.0,1430.0,Unknown,CUST0483,POS,Completed,5720.0
2989,2025-03-23,Groundnut Oil,1.0,2710.0,East,CUST0470,Cash,Completed,2710.0
3434,2025-07-23,Tea,4.0,1160.0,East,CUST0507,POS,Pending,4640.0
2462,2025-01-18,Coffee,3.0,1780.0,South,Unknown,Transfer,Completed,5340.0
1119,2025-07-29,Butter,8.0,2070.0,East,CUST0481,POS,Completed,16560.0
3063,2025-07-07,Beans,5.0,1590.0,North,CUST0244,Cash,Completed,7950.0
5263,2025-10-28,Pepper,2.0,660.0,West,CUST0641,Transfer,Completed,1320.0
2748,2025-09-09,Rice,10.0,1920.0,North,CUST0088,POS,Completed,19200.0
3074,2025-05-11,Unknown,5.0,2220.0,South,CUST0640,Cash,Completed,11100.0
4600,2025-02-26,Bread,2.0,880.0,West,CUST0399,Transfer,Completed,1760.0
4900,2025-09-21,Soft Drink,4.0,810.0,West,CUST0559,Transfer,Completed,3240.0
2901,2025-05-09,Cabbage,4.0,780.0,South,CUST0130,POS,Completed,3120.0
1657,2025-07-17,Water,2.0,440.0,East,CUST0324,Cash,Completed,880.0
1176,2025-01-20,Groundnut Oil,1.0,2670.0,East,CUST0093,Cash,Completed,2670.0
1626,2025-03-20,Toothpaste,5.0,1160.0,North,CUST0114,Transfer,Completed,5800.0
4015,2025-11-08,Rice,7.0,1770.0,East,CUST0218,Transfer,Completed,12390.0
3575,2025-07-02,Soft Drink,5.0,710.0,North,CUST0397,Transfer,Completed,3550.0
4494,2025-04-11,Beans,11.0,1300.0,North,CUST0395,Transfer,Completed,14300.0
3110,2025-06-23,Rice,2.0,2020.0,East,CUST0505,POS,Completed,4040.0
5813,2025-04-16,Detergent,5.0,1710.0,South,CUST0383,Transfer,Completed,8550.0
4107,2025-08-08,Groundnut Oil,7.0,2230.0,South,CUST0440,Transfer,Completed,15610.0
4918,2025-05-13,Soft Drink,6.0,740.0,North,CUST0086,Transfer,Completed,4440.0
6023,2025-07-10,Cabbage,3.0,730.0,North,CUST0613,Transfer,Completed,2190.0
2272,2025-06-30,Tomato Paste,3.0,670.0,Unknown,CUST0117,POS,Completed,2010.0
3533,2025-08-02,Toothpaste,5.0,1390.0,North,CUST0009,Transfer,Completed,6950.0
5463,2025-05-24,Rice,2.0,1790.0,South,CUST0262,Transfer,Completed,3580.0
4447,2025-11-09,Carrot,8.0,980.0,North,CUST0020,POS,Returned,7840.0
5091,2025-08-26,Coffee,5.0,1800.0,North, CUST0031 ,Unknown,Completed,9000.0
4343,2025-05-04,Tomato Paste,1.0,730.0,North,CUST0076,Transfer,Completed,730.0
1629,2025-01-07,Milk,10.0,1170.0,Unknown,CUST0082,Cash,Completed,11700.0
1111,2025-03-02,GROUNDNUT OIL,5.0,2220.0,North,CUST0522,Cash,Completed,11100.0
2329,2025-07-20,Cabbage,4.0,730.0,North,CUST0508,Transfer,Pending,2920.0
5311,2025-08-15,Coffee,5.0,2070.0,East,CUST0563,Cash,Pending,10350.0
1017,2025-11-17,Bread,3.0,1010.0,West,CUST0157,Transfer,Completed,3030.0
3335,2025-02-14,Water,8.0,470.0,North,CUST0576,Cash,Completed,3760.0
4011,2025-04-14,Tea,4.0,1250.0,South,CUST0018,Cash,Completed,5000.0
6127,2025-10-27,Tea,5.0,1210.0,South,CUST0169,Transfer,Completed,6050.0
3152,2025-06-15,Rice,3.0,1650.0,West,CUST0649,Cash,Completed,4950.0
3892,2025-05-05,Rice,8.0,2060.0,North,CUST0523,Cash,Completed,16480.0
5303,2025-04-11,Toothpaste,5.0,1090.0,North,CUST0210,Transfer,Completed,5450.0
4134,2025-05-25,Bread,1.0,990.0,North,CUST0091,Cash,Returned,990.0
1861,2025-10-19,Bread,6.0,1010.0,South,CUST0488,Cash,Completed,6060.0
5233,2025-05-03,Water,3.0,450.0,North,CUST0328,Card,Completed,1350.0
5256,2025-07-27,Water,0.0,440.0,East,Unknown,Transfer,Completed,0.0
1813,2025-10-01,Sugar,3.0,1540.0,Unknown,CUST0512,Transfer,Returned,4620.0
1528,2025-04-10,Eggs,2.0,2240.0,East,CUST0563,Cash,Completed,4480.0
6103,2025-10-16,Water,4.0,470.0,North,CUST0364,POS,Completed,1880.0
1983,2025-08-16,Juice,1.0,1540.0,North,CUST0412,Cash,Completed,1540.0
2962,2025-01-16,Carrot,3.0,840.0,Unknown,CUST0107,POS,Pending,2520.0
5960,2025-12-28,Beans,7.0,1360.0,South,CUST0209,Transfer,Completed,9520.0
3256,2025-12-19,Yam,9.0,1450.0,North,CUST0603,Transfer,Completed,13050.0
5408,2025-06-24,Soft Drink,8.0,760.0,East,CUST0052,Transfer,Pending,6080.0
3188,2025-06-22,Cabbage,2.0,690.0,West,CUST0467,Cash,Completed,1380.0
5312,2025-05-20,Yam,5.0,1480.0,South,CUST0540,Transfer,Completed,7400.0
1954,2025-01-04,Tomato Paste,3.0,720.0,North,CUST0294,Cash,Completed,2160.0
3864,2025-01-08,Maggi,4.0,570.0,West,CUST0522,POS,Completed,2280.0
2203,2025-10-10,Eggs,2.0,1980.0,West,CUST0299,Transfer,Completed,3960.0
4748,2025-05-01,Groundnut Oil,4.0,2310.0,East,CUST0232,POS,Pending,9240.0
3513,2025-09-20,Groundnut Oil,1.0,2580.0,South,CUST0629,Transfer,Pending,2580.0
3225,2025-10-04,Groundnut Oil,8.0,2180.0,Unknown,CUST0057,POS,Completed,17440.0
1130,2025-04-28,Yam,5.0,1570.0,West,CUST0636,Transfer,Completed,7850.0
4755,2025-11-21,Toothpaste,2.0,1060.0,North,CUST0088,Cash,Completed,2120.0
5914,2025-01-08,Water,6.0,490.0,North,CUST0025,Transfer,Completed,2940.0
3261,2025-01-26,Rice,1.0,1970.0,North,CUST0140,Transfer,Returned,1970.0
2724,2025-03-20,Rice,3.0,2120.0,West,CUST0359,Cash,Pending,6360.0
3580,2025-10-14,Tomato Paste,9.0,640.0,North,CUST0169,Transfer,Completed,5760.0
5904,2025-07-18,Bread,4.0,1040.0,South,CUST0184,POS,Returned,4160.0
4366,2025-02-20,Rice,2.0,1970.0,West,CUST0371,POS,Completed,3940.0
5980,2025-05-20,Tomato Paste,8.0,590.0,South,CUST0056,POS,Completed,4720.0
1799,2025-09-21,Beans,10.0,1550.0,East,CUST0114,Transfer,Completed,15500.0
2752,2025-09-24,Eggs,9.0,1860.0,North,CUST0171,Transfer,Completed,16740.0
1851,2025-02-22,Juice,6.0,1690.0,West,CUST0067,Transfer,Completed,10140.0
2219,2025-12-17,Coffee,3.0,2200.0, East ,CUST0504,Transfer,Completed,6600.0
5402,2025-02-09,Water,2.0,440.0,South,CUST0039,POS,Completed,880.0
3603,2025-07-15,Eggs,4.0,2280.0,South,CUST0388,POS,Completed,9120.0
3370,2025-01-17,Rice,5.0,1960.0,South,CUST0048,Transfer,Completed,9800.0
2595,2025-07-22,Tea,7.0,1230.0,West,CUST0334,POS,Returned,8610.0
2763,2025-01-26,Tea,6.0,1090.0,West,CUST0488,POS,Completed,6540.0
1909,2025-01-23,Pepper,11.0,710.0,North,CUST0370,POS,Completed,7810.0
3876,2025-02-28,Beans,4.0,1660.0,West,CUST0423,Cash,Completed,6640.0
5257,2025-09-28,Groundnut Oil,2.0,2470.0,North,CUST0452,Cash,Completed,4940.0
3193,2025-03-07,Carrot,7.0,890.0,East,CUST0100,Transfer,Completed,6230.0
4215,2025-04-18,Pepper,9.0,640.0,East,CUST0101,POS,Completed,5760.0
1355,2025-11-29,Butter,3.0,2020.0, North ,CUST0096,Cash,Completed,6060.0
5301,2025-11-12,Beans,6.0,1370.0,East,CUST0431,Unknown,Completed,8220.0
3736,2025-06-23,Detergent,8.0,1560.0,South,Unknown,POS,Completed,12480.0
4034,2025-11-16,Groundnut Oil,4.0,2500.0,West,CUST0176,Transfer,Completed,10000.0
1834,2025-07-30,Detergent,3.0,1990.0,East,CUST0224,Transfer,Completed,5970.0
3663,2025-06-11,Eggs,8.0,2270.0,North,CUST0418,POS,Returned,18160.0
2236,2025-07-22,Rice,8.0,1980.0,South,CUST0568,Cash,Completed,15840.0
1332,2025-04-16,Tea,3.0,1180.0,East,CUST0592,Transfer,Pending,3540.0
2798,2025-02-22,Butter,4.0,2060.0,West,CUST0095,POS,Returned,8240.0
4581,2025-05-03,Detergent,3.0,1870.0,North,CUST0540,Cash,Completed,5610.0
5471,2025-11-26,Unknown,5.0,2220.0,North,Unknown,Cash,Returned,11100.0
5846,2025-06-12,Beans,3.0,1610.0,West,CUST0616,Transfer,Completed,4830.0
5931,2025-05-10,Detergent,3.0,1770.0,West,CUST0582,Transfer,Completed,5310.0
2504,2025-08-27,Pepper,5.0,750.0,South,CUST0091,Transfer,Completed,3750.0
1210,2025-06-30,Beans,5.0,1450.0,East,CUST0077,Cash,Completed,7250.0
5205,2025-09-24,Bread,6.0,1100.0,South,CUST0360,Transfer,Returned,6600.0
4877,2025-02-25,Sugar,5.0,1280.0,East,CUST0152,Cash,Completed,6400.0
5915,2025-06-27,Rice,5.0,2020.0,South,CUST0445,Transfer,Completed,10100.0
5308,2025-03-11,Eggs,6.0,2170.0,North,CUST0525,Cash,Completed,13020.0
6148,2025-10-28,Toothpaste,2.0,1270.0,East,CUST0416,POS,Completed,2540.0
1618,2025-03-21,Soft Drink,3.0,720.0,West,CUST0512,Transfer,Completed,2160.0
5535,2025-01-07,Beans,2.0,1280.0,South,CUST0170,Transfer,Completed,2560.0
5076,2025-03-06,Tea,8.0,1090.0,North,CUST0354,Transfer,Returned,8720.0
5623,2025-11-13,Detergent,8.0,1800.0,North,CUST0517,Transfer,Completed,14400.0
3093,2025-09-25,Water,2.0,470.0,South,CUST0422,Cash,Completed,940.0
1927,2025-06-03,Detergent,2.0,1600.0,North,Unknown,Cash,Unknown,3200.0
2836,2025-07-18,Pepper,3.0,680.0,South,CUST0630,Cash,Completed,2040.0
2087,2025-05-05,Pepper,2.0,630.0,West,CUST0228,Cash,Completed,1260.0
4563,2025-07-04,Tea,5.0,1110.0,East,CUST0049,Transfer,Returned,5550.0
3885,2025-07-15,Soft Drink,5.0,750.0,NORTH,CUST0343,POS,Completed,3750.0
6138,2025-04-12,Sugar,5.0,1350.0,South,CUST0048,POS,Completed,6750.0
1596,2025-04-18,Milk,2.0,1140.0,East,CUST0485,Cash,Completed,2280.0
2668,2025-04-21,Rice,5.0,1640.0,North,CUST0102,Transfer,Completed,8200.0
2937,2025-02-07,Butter,3.0,1750.0,North,CUST0594,Transfer,Completed,5250.0
3691,2025-03-18,Yam,11.0,1490.0,North,CUST0013,Transfer,Completed,16390.0
1872,2025-06-27,tea,7.0,1170.0,North,CUST0517,POS,Completed,8190.0
3378,2025-04-26,Sugar,6.0,1400.0,West,CUST0194,Transfer,Returned,8400.0
4500,2025-07-04,Tomato Paste,5.0,630.0,North,CUST0328,Cash,Completed,3150.0
2357,2025-12-12,Juice,4.0,1620.0,West,CUST0529,Transfer,Completed,6480.0
1278,2025-10-04,Coffee,2.0,2190.0,East,CUST0144,Cash,Completed,4380.0
2531,2025-08-27,Bread,7.0,930.0,East,CUST0415,POS,Completed,6510.0
1171,2025-06-23,Yam,2.0,1760.0,East,CUST0523,Cash,Completed,3520.0
2058,2025-07-19,Milk,10.0,1400.0,Sout,CUST0211,Transfer,Pending,14000.0
3018,2025-02-27,Toothpaste,5.0,1190.0,West,CUST0055,Cash,Unknown,5950.0
4422,2025-12-09,Bread,6.0,950.0,East,CUST0345,Transfer,Completed,5700.0
1091,2025-12-29,Rice,5.0,1770.0,East,CUST0567,Transfer,Returned,8850.0
4659,2025-12-23,Maggi,1.0,560.0,North,Unknown,Transfer,Pending,560.0
4085,2025-10-09,Eggs,4.0,1930.0,West,Unknown,Transfer,Completed,7720.0
5893,2025-09-16,Sugar,2.0,25.0,North,CUST0311,POS,Completed,50.0
1380,2025-02-05,Cabbage,8.0,880.0,North,CUST0336,Transfer,Returned,7040.0
4994,2025-10-10,Milk,9.0,1230.0,West,CUST0363,Cash,Completed,11070.0
5487,2025-03-06,Tomato Paste,7.0,630.0,South,CUST0061,Cash,Completed,4410.0
3101,2025-01-01,Sugar,3.0,1270.0,South,CUST0244,POS,Returned,3810.0
5583,2025-05-13,Toilet Roll,9.0,880.0,South,CUST0495,Transfer,Pending,7920.0
3174,2025-03-12,Pepper,5.0,730.0,West,CUST0134,Transfer,Pending,3650.0
4546,2025-06-17,Carrot,3.0,850.0,East,CUST0354,Transfer,Completed,2550.0
5409,2025-10-20,Coffee,4.0,2250.0,East,CUST0453,Cash,Pending,9000.0
1501,2025-10-20,Juice,10.0,1620.0,west ,Unknown,POS,Completed,16200.0
4828,2025-05-21,Water,2.0,450.0,West,CUST0589,Transfer,Completed,900.0
4951,2025-03-08,Bread,5.0,890.0,East,CUST0504,Cash,Completed,4450.0
4190,2025-09-26,Butter,3.0,1610.0,East,CUST0144,Cash,Completed,4830.0
4132,2025-05-20,Soft Drink,6.0,710.0,East,CUST0200,Transfer,Completed,4260.0
3265,2025-08-19,Juice,7.0,1450.0,North,CUST0227,Transfer,Completed,10150.0
1377,2025-05-06,Unknown,1.0,1820.0,West,CUST0184,POS,Pending,1820.0
1331,2025-07-22,Tomato Paste,1.0,680.0,West,CUST0461,Cash,Completed,680.0
4818,2025-07-23,Carrot,10.0,760.0,West,Unknown,POS,Completed,7600.0
2036,2025-03-06,Eggs,8.0,2420.0,Unknown,CUST0215,Cash,Pending,19360.0
6140,2025-11-24,Pepper,6.0,700.0,West,CUST0363,POS,Completed,4200.0
6066,2025-05-29,Sugar,7.0,1330.0,South,CUST0513,Cash,Completed,9310.0
4879,2025-10-05,Butter,5.0,1910.0,East,CUST0374,Transfer,Completed,9550.0
5464,2025-03-08,Yam,2.0,1590.0,East,CUST0047,POS,Completed,3180.0
3612,2025-12-06,Maggi,8.0,560.0,West,CUST0307,Cash,Completed,4480.0
2515,2025-08-04,Sugar,4.0,1320.0,East,CUST0192,POS,Completed,5280.0
2310,2025-07-24,Carrot,1.0,930.0,South,CUST0628,Transfer,Completed,930.0
2478,2025-12-17,Toilet Roll,2.0,950.0,North,CUST0532,POS,Unknown,1900.0
3197,2025-11-03,Sugar,5.0,1360.0,East,CUST0442,Transfer,Completed,6800.0
1574,2025-04-23,Water,6.0,420.0,North,CUST0423,Cash,Completed,2520.0
2518,2025-01-21,Yam,11.0,1800.0,East,CUST0432,Transfer,Completed,19800.0
5250,2025-04-04,Maggi,4.0,470.0,South,cust0030,Cash,Pending,1880.0
5252,2025-12-15,Toothpaste,10.0,1370.0,West,CUST0245,POS,Completed,13700.0
4185,2025-01-17,Rice,3.0,1860.0,West,CUST0316,Transfer,Completed,5580.0
5942,2025-04-28,Toilet Roll,7.0,850.0,West,CUST0640,POS,Completed,5950.0
4542,2025-04-21,Toothpaste,3.0,1280.0,West,CUST0492,Transfer,Completed,3840.0
1011,2025-04-19,Pepper,6.0,690.0,South,CUST0147,Transfer,Completed,4140.0
2334,2025-09-08,Rice,8.0,1870.0,East,CUST0018,Cash,Returned,14960.0
3054,2025-07-28,Toilet Roll,7.0,970.0,East,CUST0011,POS,Completed,6790.0
1675,2025-04-08,Beans,3.0,1440.0,North,CUST0293,Cash,Completed,4320.0
3092,2025-11-07,Water,1.0,490.0,East,CUST0465,Transfer,Completed,490.0
1656,2025-02-04,Rice,3.0,1770.0,North,CUST0111,Transfer,Pending,5310.0
3882,2025-07-17,Soft Drink,8.0,740.0,South,CUST0416,Transfer,Completed,5920.0
4961,2025-12-26,Toothpaste,6.0,1170.0,South,CUST0148,Cash,Completed,7020.0
2260,2025-08-29,Butter,2.0,1690.0,East,CUST0616,POS,Completed,3380.0
3926,2025-07-07,MAGGI,3.0,530.0,South,CUST0049,Cash,Pending,1590.0
4611,2025-05-22,Groundnut Oil,2.0,2760.0,West,CUST0069,Cash,Completed,5520.0
5928,2025-10-30,Butter,5.0,1840.0,East,CUST0341,POS,Completed,9200.0
3220,2025-08-13,Unknown,6.0,1660.0,South,CUST0618,Cash,Completed,9960.0
3980,2025-11-17,Tomato Paste,6.0,600.0,West,CUST0505,Transfer,Completed,3600.0
3081,2025-09-24,Coffee,5.0,1890.0,North,CUST0250,POS,Completed,9450.0
3221,2025-07-15,Tomato Paste,10.0,600.0,South,CUST0294,POS,Completed,6000.0
1860,2025-06-05,Maggi,8.0,460.0,Unknown,CUST0138,Transfer,Completed,3680.0
3795,2025-05-26,Pepper,3.0,760.0,East,CUST0232,POS,Completed,2280.0
2224,2025-03-17,Water,3.0,450.0,South,CUST0069,Transfer,Completed,1350.0
3841,2025-09-14,Tea,7.0,1140.0,South,CUST0584,POS,Completed,7980.0
4152,2025-07-06,Water,3.0,490.0,East,CUST0478,Unknown,Completed,1470.0
2343,2025-03-17,Unknown,4.0,460.0,North,CUST0639,Cash,Completed,1840.0
3235,2025-10-24,Cabbage,10.0,830.0,South,CUST0052,Transfer,Completed,8300.0
1485,2025-03-26,Detergent,1.0,1780.0,West,CUST0339,POS,Completed,1780.0
1205,2025-10-06,Cabbage,4.0,690.0,West,CUST0293,Transfer,Pending,2760.0
5489,2025-05-05,Coffee,2.0,1970.0,East,CUST0293,Cash,Completed,3940.0
1196,2025-05-12,Rice,2.0,1710.0,South,CUST0114,POS,Completed,3420.0
5239,2025-01-22,Toilet Roll,6.0,860.0,East,CUST0487,Transfer,Completed,5160.0
5292,2025-09-09,Butter,2.0,1830.0,North,CUST0203,POS,Returned,3660.0
1466,2025-04-19,Butter,6.0,1880.0,West,CUST0127,Transfer,Completed,11280.0
2509,2025-05-16,Groundnut Oil,1.0,2350.0,North,CUST0358,POS,Completed,2350.0
2743,2025-02-03,Yam,3.0,1820.0,South,CUST0487,Transfer,Completed,5460.0
2866,2025-04-09,Yam,7.0,1640.0,South,CUST0286,Transfer,Completed,11480.0
1655,2025-01-23,Toilet Roll,3.0,810.0,West,CUST0633,Transfer,Pending,2430.0
1097,2025-03-22,Milk,2.0,1290.0,West,CUST0003,Transfer,Completed,2580.0
3364,2025-09-03,Coffee,4.0,2100.0,West,CUST0224,Cash,Completed,8400.0
3170,2025-04-23,Detergent,2.0,1730.0,West,CUST0021,Unknown,Completed,3460.0
3002,2025-07-31,Groundnut Oil,5.0,2610.0,East,CUST0562,Transfer,Completed,13050.0
1519,2025-02-23,Tomato Paste,2.0,720.0,South,CUST0074,Cash,Completed,1440.0
5519,2025-01-16,Groundnut Oil,4.0,2210.0,West,CUST0370,Cash,Pending,8840.0
2925,2025-08-31,Tomato Paste,11.0,630.0,North,CUST0122,Unknown,Completed,6930.0
4245,2025-09-22,Cabbage,10.0,770.0,South,CUST0113,Cash,Pending,7700.0
5746,2025-11-25,Soft Drink,5.0,890.0,South,CUST0455,Transfer,Completed,4450.0
1994,2025-07-14,Maggi,12.0,560.0,Unknown,CUST0600,POS,Completed,6720.0
3272,2025-10-01,Eggs,7.0,2220.0,East,CUST0007,POS,Returned,15540.0
2290,2025-07-20,Tea,2.0,1210.0,South,CUST0076,Cash,Completed,2420.0
3611,2025-10-31,Bread,1.0,870.0,South,CUST0598,Cash,Completed,870.0
4255,2025-04-14,Rice,1.0,2040.0,North,Unknown,Transfer,Pending,2040.0
4367,2025-04-11,Toothpaste,6.0,1080.0,South,CUST0536,Transfer,Pending,6480.0
2158,2025-07-28,Toothpaste,1.0,1270.0,North,CUST0342,POS,Completed,1270.0
1022,2025-09-22,Groundnut Oil,4.0,2280.0,East,CUST0347,Transfer,Completed,9120.0
3556,2025-10-31,Carrot,4.0,950.0,West,CUST0555,Cash,Completed,3800.0
4760,2025-05-18,Soft Drink,7.0,810.0,North,CUST0028,Transfer,Pending,5670.0
4410,2025-04-30,Pepper,1.0,690.0,East,CUST0618,Transfer,Pending,690.0
5054,2025-10-12,Juice,2.0,1410.0,West,CUST0425,POS,Completed,2820.0
5537,2025-04-21,PEPPER,8.0,630.0,North,CUST0488,Transfer,Returned,5040.0
3634,2025-02-09,Tomato Paste,1.0,590.0,South,CUST0332,Cash,Completed,590.0
2573,2025-01-19,Soft Drink,7.0,740.0,North,CUST0027,Transfer,Completed,5180.0
3685,2025-05-01,BUTTER,2.0,1830.0,South,CUST0596,Cash,Returned,3660.0
5991,2025-09-12,Carrot,1.0,980.0,West,CUST0638,POS,Completed,980.0
3576,2025-04-09,Juice,7.0,1730.0,North,CUST0443,Transfer,Completed,12110.0
3496,2025-04-07,Eggs,12.0,2030.0,North,CUST0060,Transfer,Completed,24360.0
3186,2025-04-03,Butter,1.0,1900.0,East,CUST0458,Unknown,Completed,1900.0
1006,2025-02-10,Cabbage,5.0,870.0,North,CUST0592,Transfer,Completed,4350.0
5027,2025-03-08,Milk,1.0,1180.0,South,CUST0341,Transfer,Completed,1180.0
3965,2025-03-05,Groundnut Oil,5.0,2610.0,South,CUST0446,POS,Returned,13050.0
4608,2025-10-19,Eggs,1.0,2180.0,South,CUST0016,Transfer,Completed,2180.0
2764,2025-11-06,Detergent,6.0,1770.0,East,CUST0454,Transfer,Completed,10620.0
3959,2025-01-06,Groundnut Oil,3.0,2690.0,West,CUST0432,POS,Completed,8070.0
3997,2025-03-24,Water,3.0,490.0,South,CUST0066,POS,Pending,1470.0
5706,2025-12-07,Butter,2.0,1590.0,North,CUST0236,Transfer,Completed,3180.0
3239,2025-08-04,SOFT DRINK,6.0,770.0,South,CUST0393,Cash,Completed,4620.0
3309,2025-11-28,Rice,4.0,1820.0,East,CUST0093,Cash,Pending,7280.0
4853,2025-05-07,Bread,6.0,990.0,South,Unknown,POS,Pending,5940.0
2177,2025-12-03,Butter,3.0,1820.0,North,CUST0307,Transfer,Pending,5460.0
3111,2025-08-08,Water,4.0,510.0,East,CUST0465,Cash,Completed,2040.0
4822,2025-10-09,Rice,3.0,1910.0,North,CUST0072,Transfer,Completed,5730.0
5154,2025-11-08,Butter,12.0,1620.0,West,CUST0634,Cash,Completed,19440.0
2322,2025-02-05,Tea,3.0,1020.0,North,CUST0592,Cash,Completed,3060.0
4306,2025-08-14,Toothpaste,1.0,1090.0,North,CUST0539,Transfer,Completed,1090.0
3924,2025-01-19,Eggs,5.0,1890.0,North,CUST0522,Transfer,Completed,9450.0
5827,2025-01-25,Pepper,7.0,780.0,west ,CUST0056,Transfer,Completed,5460.0
5020,2025-06-21,Groundnut Oil,5.0,2120.0,South,CUST0191,Transfer,Pending,10600.0
3738,2025-01-08,Beans,2.0,1380.0,North,CUST0199,POS,Completed,2760.0
4372,2025-06-14,Soft Drink,2.0,750.0,East,CUST0542,Transfer,Completed,1500.0
1820,2025-07-09,Tomato Paste,3.0,570.0,North,CUST0360,Transfer,Completed,1710.0
1397,2025-01-16,Detergent,3.0,1750.0,North,CUST0220,POS,Completed,5250.0
5801,2025-10-17,Beans,2.0,1660.0,West,CUST0398,Transfer,Completed,3320.0
4996,2025-05-02,Water,9.0,440.0,South,CUST0009,Transfer,Pending,3960.0
1837,2025-09-25,Soft Drink,7.0,780.0,North,CUST0030,Cash,Completed,5460.0
6125,2025-03-17,Carrot,4.0,790.0,North,CUST0396,Transfer,Completed,3160.0
5907,2025-02-23,Milk,5.0,1280.0,South,CUST0082,Transfer,Completed,6400.0
5136,2025-04-23,juice,2.0,1380.0,West,CUST0287,Cash,Completed,2760.0
4282,2025-11-27,Beans,6.0,1360.0,West,CUST0328,Unknown,Pending,8160.0
2099,2025-12-23,Carrot,1.0,840.0,South,CUST0253,Transfer,Completed,840.0
3517,2025-08-21,Toothpaste,2.0,1060.0,North,CUST0154,Transfer,Completed,2120.0
4725,2025-08-11,Beans,3.0,1490.0,South,CUST0461,Transfer,Pending,4470.0
1081,2025-08-24,Water,6.0,450.0,North,CUST0631,POS,Completed,2700.0
4444,2025-02-22,Groundnut Oil,3.0,2430.0,North,CUST0429,Transfer,Completed,7290.0
4018,2025-11-09,Cabbage,3.0,690.0,North,CUST0044,Unknown,Completed,2070.0
ORD-5476,2025-11-03,Beans,3.0,1480.0,East,CUST0281,POS,Completed,4440.0
2337,2025-06-04,Carrot,6.0,960.0,South,CUST0116,Transfer,Completed,5760.0
4275,2025-02-25,Sugar,3.0,1340.0,East,CUST0259,Transfer,Returned,4020.0
5460,2025-03-20,Toilet Roll,3.0,970.0,East,CUST0558,Transfer,Completed,2910.0
4032,2025-07-15,Butter,7.0,2000.0,North,CUST0425,Cash,Completed,14000.0
1592,2025-08-26,Yam,5.0,1470.0,West,CUST0346,Transfer,Completed,7350.0
6120,2025-05-07,Tomato Paste,1.0,740.0,South,Unknown,Cash,Pending,740.0
3748,2025-10-09,Carrot,12.0,910.0,South,CUST0251,Transfer,Pending,10920.0
3104,2025-07-22,Butter,3.0,1610.0,East,CUST0442,Transfer,Returned,4830.0
2539,2025-11-02,Beans,2.0,1570.0,South,CUST0255,Transfer,Completed,3140.0
4740,2025-11-20,Pepper,4.0,620.0,West,CUST0256,Transfer,Completed,2480.0
5264,2025-08-12,Carrot,1.0,920.0,North,CUST0159,Transfer,Completed,920.0
1544,2025-09-07,Carrot,7.0,960.0,East,CUST0514,POS,Completed,6720.0
3717,2025-11-06,Eggs,6.0,2060.0,North,CUST0263,Cash,Completed,12360.0
5690,2025-06-15,Groundnut Oil,7.0,2110.0,North,CUST0514,Transfer,Completed,14770.0
1790,2025-07-30,Milk,8.0,1270.0,West,CUST0606,Cash,Completed,10160.0
2625,2025-02-21,Cabbage,3.0,890.0,Unknown,Unknown,POS,Completed,2670.0
2663,2025-12-07,Tomato Paste,3.0,750.0,South,CUST0575,Cash,Completed,2250.0
3346,2025-03-23,Cabbage,2.0,730.0,East,CUST0609,Transfer,Returned,1460.0
1622,2025-10-18,Tea,2.0,1080.0,South,CUST0282,POS,Completed,2160.0
2694,2025-04-04,Pepper,1.0,690.0,South,CUST0259,Cash,Completed,690.0
5618,2025-08-12,Detergent,3.0,1670.0,South,CUST0067,Transfer,Completed,5010.0
5917,2025-06-12,Juice,3.0,1630.0,East,CUST0175,Cash,Pending,4890.0
3400,2025-07-21,Tomato Paste,4.0,710.0,East,CUST0393,Transfer,Completed,2840.0
5087,2025-03-07,Milk,3.0,1270.0,East,CUST0276,Cash,Completed,3810.0
1505,2025-12-21,Yam,6.0,1820.0,South,CUST0427,POS,Returned,10920.0
2303,2025-06-18,Rice,2.0,1920.0,North,CUST0239,Cash,Completed,3840.0
1433,2025-08-01,Bread,2.0,990.0,East,CUST0109,Cash,Completed,1980.0
5573,2025-01-23,Detergent,4.0,1550.0,North,CUST0387,Transfer,Completed,6200.0
2441,2025-08-07,Juice,6.0,1540.0,South,CUST0303,POS,Completed,9240.0
5262,2025-09-15,Soft Drink,7.0,920.0,North,CUST0043,Cash,Completed,6440.0
5972,2025-02-24,Water,4.0,510.0,East,CUST0264,Transfer,Returned,2040.0
1928,2025-10-10,Beans,1.0,1290.0,East,CUST0523,Transfer,Completed,1290.0
5132,2025-02-18,Juice,6.0,1630.0,West,CUST0591,Transfer,Completed,9780.0
4557,2025-12-11,Tea,2.0,1250.0,West,CUST0533,POS,Completed,2500.0
1987,2025-06-13,Bread,2.0,1070.0,North,CUST0385,POS,Pending,2140.0
2632,2025-09-26,Soft Drink,2.0,730.0,North,CUST0229,Transfer,Returned,1460.0
1194,2025-07-11,Milk,2.0,1210.0,East,CUST0344,POS,Completed,2420.0
2653,2025-03-24,Detergent,7.0,1940.0,West,CUST0401,POS,Completed,13580.0
3943,2025-07-18,Detergent,12.0,1600.0,South,CUST0185,Unknown,Completed,19200.0
1158,2025-07-08,Toothpaste,2.0,1150.0,West,CUST0440,POS,Returned,2300.0
3011,2025-07-07,Tea,5.0,1240.0,North,CUST0443,Transfer,Completed,6200.0
4164,2025-07-03,Tea,12.0,1150.0,North,CUST0033,Transfer,Completed,13800.0
5536,2025-11-17,Water,3.0,520.0,South,CUST0583,Cash,Completed,1560.0
4927,2025-08-14,Butter,6.0,1640.0,East,CUST0093,Cash,Completed,9840.0
3292,2025-06-14,Maggi,3.0,520.0,West,CUST0550,Cash,Completed,1560.0
5018,2025-05-08,Tea,2.0,1060.0,East,CUST0416,Transfer,Completed,2120.0
1394,2025-03-08,COFFEE,2.0,1930.0,Unknown,CUST0597,Cash,Pending,3860.0
4137,2025-01-20,Sugar,2.0,1400.0,South,CUST0428,POS,Completed,2800.0
1886,2025-05-07,Maggi,11.0,560.0,Unknown,CUST0372,Cash,Completed,6160.0
3180,2025-04-18,Sugar,8.0,1400.0,East,CUST0024,POS,Completed,11200.0
5084,2025-12-24,Detergent,6.0,1570.0,North,CUST0146,Unknown,Completed,9420.0
1529,2025-12-10,Yam,1.0,1450.0,South,CUST0339,Transfer,Completed,1450.0
2402,2025-09-30,Tomato Paste,1.0,630.0,North,CUST0027,POS,Completed,630.0
5355,2025-08-19,Coffee,9.0,1730.0,West,CUST0099,POS,Completed,15570.0
1723,2025-11-22,Juice,7.0,1640.0,West,CUST0464,Cash,Completed,11480.0
5074,2025-01-02,Carrot,8.0,940.0,West,CUST0315,Transfer,Completed,7520.0
3779,2025-08-17,Tea,8.0,980.0,North,CUST0012,POS,Completed,7840.0
3210,2025-06-28,Sugar,5.0,1390.0,North,CUST0458,Transfer,Completed,6950.0
3421,2025-10-06,Water,5.0,430.0,West,CUST0426,POS,Completed,2150.0
2602,2025-12-04,Beans,4.0,1670.0,South,CUST0256,Transfer,Completed,6680.0
ORD-8921,2025-01-08,Coffee,2.0,2240.0,North,CUST0014,Transfer,Completed,4480.0
5126,2025-03-04,Yam,3.0,1680.0,West,CUST0222,Transfer,Pending,5040.0
2174,2025-01-19,Toilet Roll,10.0,1020.0,Unknown,CUST0059,Transfer,Completed,10200.0
2097,2025-02-06,Juice,4.0,1340.0,EAST,CUST0395,POS,Completed,5360.0
3393,2025-09-15,Butter,1.0,1750.0,East,CUST0417,Transfer,Completed,1750.0
3429,2025-07-28,Pepper,2.0,710.0,East,CUST0286,POS,Completed,1420.0
2415,2025-08-01, Maggi ,1.0,500.0,North,CUST0147,Transfer,Completed,500.0
5012,2025-12-06,Tea,4.0,1170.0,east,CUST0096,Cash,Pending,4680.0
4771,2025-04-12,Soft Drink,7.0,890.0,East,CUST0455,Cash,Pending,6230.0
4078,2025-08-20,Detergent,5.0,1700.0,North,CUST0283,POS,Completed,8500.0
3361,2025-12-18,Carrot,5.0,780.0,North,CUST0398,Transfer,Completed,3900.0
4291,2025-02-07,Coffee,12.0,2190.0,East,CUST0038,POS,Completed,26280.0
1223,2025-03-05,Beans,4.0,1400.0,West,CUST0331,POS,Completed,5600.0
2149,2025-10-15,Milk,3.0,1360.0,East,CUST0128,Cash,Completed,4080.0
2732,2025-07-04,Toothpaste,2.0,1150.0,West,CUST0398,POS,Pending,2300.0
1804,2025-04-07,Milk,9.0,1260.0,East,CUST0401,POS,Completed,11340.0
2988,2025-12-06,Maggi,3.0,510.0,Unknown,CUST0448,Transfer,Completed,1530.0
3549,2025-09-16,Milk,3.0,1140.0,South,CUST0182,Transfer,Returned,3420.0
2490,2025-02-10,Toilet Roll,8.0,1000.0,West,CUST0649,POS,Completed,8000.0
5240,2025-02-14,Eggs,3.0,2270.0,South,CUST0224,Transfer,Returned,6810.0
4670,2025-02-22,Juice,3.0,1730.0,North,CUST0331,POS,Unknown,5190.0
2485,2025-09-25,Butter,5.0,1970.0,North,CUST0590,POS,Completed,9850.0
1454,2025-12-15,Sugar,9.0,1440.0,West,CUSTOMER-0364,Transfer,Pending,12960.0
4272,2025-07-23,Milk,6.0,1420.0,South,CUST0010,Transfer,Completed,8520.0
3425,2025-08-17,Toothpaste,1.0,1370.0,North,CUST0326,Transfer,Completed,1370.0
5877,2025-06-11,Bread,6.0,960.0,Unknown,CUST0238,Cash,Completed,5760.0
5046,2025-01-04,Toilet Roll,11.0,820.0,East,CUST0458,Transfer,Completed,9020.0
3925,2025-02-18,Milk,3.0,1390.0,North,CUST0278,Cash,Unknown,4170.0
2061,2025-09-27,Coffee,3.0,2030.0,South,Unknown,Cash,Completed,6090.0
1481,2025-09-05,Butter,9.0,1640.0,South,CUST0452,Transfer,Completed,14760.0
4948,2025-08-19,Butter,5.0,1730.0,West,CUST0055,Transfer,Completed,8650.0
4634,2025-01-13,Maggi,7.0,520.0,North,CUST0390,Cash,Completed,3640.0
1953,2025-02-20,Detergent,2.0,1720.0,West,Unknown,POS,Completed,3440.0
4238,2025-04-07,Bread,2.0,1000.0,East,CUST0578,POS,Completed,2000.0
3833,2025-05-13,Soft Drink,3.0,720.0,South,CUST0307,Transfer,Completed,2160.0
4010,2025-06-04,Eggs,3.0,2300.0,South,CUST0304,Transfer,Pending,6900.0
3475,2025-11-14,Toilet Roll,8.0,1000.0,North,CUST0627,Transfer,Returned,8000.0
4639,2025-05-03,Groundnut Oil,12.0,2190.0,South,CUST0177,Transfer,Pending,26280.0
1538,2025-11-11,Coffee,6.0,2130.0,West,CUST0457,Transfer,Completed,12780.0
3000,2025-06-22,Beans,3.0,1580.0,North,CUST0505,Transfer,Returned,4740.0
4396,2025-08-25,Soft Drink,12.0,790.0,North,CUST0460,POS,Completed,9480.0
4835,2025-01-10,Pepper,6.0,810.0,South,CUST0631,Transfer,Completed,4860.0
1188,2025-08-16,Coffee,5.0,2130.0,South,CUST0240,Cash,Completed,10650.0
2976,2025-02-18,Milk,10.0,1310.0,East,CUST0489,Transfer,Pending,13100.0
2980,2025-09-10,Tea,5.0,990.0,West,CUST0628,Cash,Completed,4950.0
2753,2025-05-15,Yam,4.0,1600.0,East,CUST0280,Cash,Completed,6400.0
4405,2025-03-20,Bread,4.0,910.0,West,CUST0619,Cash,Completed,3640.0
3169,2025-10-12,Pepper,10.0,670.0,East,CUST0501,Cash,Completed,6700.0
4348,2025-10-11,Butter,2.0,1950.0,East,CUST0253,Unknown,Completed,3900.0
2790,2025-04-10,Beans,4.0,1480.0,West,CUST0386,Transfer,Pending,5920.0
2871,2025-05-10,Milk,2.0,1230.0,South,CUST0004,Card,Pending,2460.0
5192,2025-09-26,Toilet Roll,4.0,1000.0,South,CUST0525,Transfer,Returned,4000.0
5821,2025-11-05,Detergent,1.0,2000.0,South,CUST0435,Transfer,Completed,2000.0
2164,2025-07-09,Water,6.0,430.0,South,CUST0469,Transfer,Returned,2580.0
5465,2025-01-01,Cabbage,1.0,820.0,East,CUST0205,Transfer,Completed,820.0
2026,2025-08-03,Yam,3.0,1450.0,East,CUST0508,Transfer,Completed,4350.0
3268,2025-11-08,Soft Drink,3.0,910.0,East,CUST0436,Transfer,Completed,2730.0
2939,2025-03-22,Carrot,4.0,830.0,East,CUST0033,POS,Pending,3320.0
5230,2025-03-28,Beans,3.0,1340.0,South,CUST0505,Cash,Pending,4020.0
3815,2025-06-24,Sugar,4.0,1390.0,North,CUST0444,Transfer,Pending,5560.0
1025,2025-10-23,Juice,4.0,1650.0,South,CUST0195,Transfer,Completed,6600.0
5959,2025-05-30,Toilet Roll,1.0,970.0,North,CUST0377,Transfer,Completed,970.0
4487,2025-06-04,Detergent,1.0,1580.0,West,CUST0376,Transfer,Completed,1580.0
2425,2025-10-03,Butter,3.0,2040.0,West,CUST0621,Transfer,Completed,6120.0
1330,2025-10-14,Pepper,4.0,710.0,South,CUST0645,Transfer,Completed,2840.0
1057,2025-11-07,Juice,6.0,1520.0,South,CUST0219,Cash,Pending,9120.0
4744,2025-02-28,Toothpaste,8.0,1130.0,West,CUST0500,Cash,Completed,9040.0
4604,2025-01-22,Butter,3.0,1850.0,South,CUST0575,Transfer,Completed,5550.0
1155,2025-02-19,Tomato Paste,6.0,640.0,West,CUST0570,Transfer,Returned,3840.0
ORD-1829,2025-03-08,Unknown,2.0,930.0,South,CUST0636,Cash,Pending,1860.0
1343,2025-12-01,Bread,7.0,920.0,East,CUST0461,Transfer,Pending,6440.0
2881,2025-06-07,Maggi,4.0,560.0,South,CUST0457,Transfer,Unknown,2240.0
1498,2025-08-20,Yam,7.0,1470.0,North,CUST0561,POS,Completed,10290.0
2031,2025-01-12,Tea,2.0,1050.0,East,CUST0022,POS,Completed,2100.0
2282,2025-11-22,Butter,4.0,1950.0,South,CUST0326,Cash,Completed,7800.0
1195,2025-08-30, Yam ,6.0,1470.0,South,CUST0460,Cash,Pending,8820.0
5650,2025-01-14,Eggs,4.0,2100.0,North,CUST0203,Cash,Returned,8400.0
3822,2025-03-25,Sugar,3.0,1290.0,North,CUST0584,Cash,Completed,3870.0
2604,2025-08-30,Bread,2.0,1040.0,North,CUST0424,POS,Pending,2080.0
6067,2025-04-22,Beans,2.0,1580.0,South,CUST0587,Transfer,Completed,3160.0
1925,2025-02-17,Tomato Paste,1.0,630.0,South,CUST0230,Cash,Completed,630.0
3752,2025-03-12,Bread,5.0,860.0,South,CUST0505,Transfer,Pending,4300.0
4210,2025-05-27,Milk,8.0,1310.0,West,CUST0023,Transfer,Returned,10480.0
5368,2025-10-29,Milk,3.0,1300.0,East,CUST0479,Transfer,Pending,3900.0
4536,2025-05-30,Water,11.0,440.0,West,CUST0439,Transfer,Completed,4840.0
4471,2025-12-02,Pepper,6.0,690.0,NORTH,CUST0185,POS,Pending,4140.0
2745,2025-07-29,Soft Drink,2.0,830.0,South,CUST0288,Cash,Pending,1660.0
1901,2025-05-17,Tea,3.0,1120.0,West,CUST0442,POS,Completed,3360.0
2085,2025-05-02,Beans,9.0,1520.0,South,CUST0337,Transfer,Completed,13680.0
1319,2025-07-06,Cabbage,2.0,810.0,West,CUST0564,Transfer,Completed,1620.0
3191,2025-03-18,BUTTER,5.0,1770.0,East,CUST0606,Transfer,Pending,8850.0
2758,2025-12-08,Milk,9.0,1400.0,East,CUST0024,POS,Pending,12600.0
1181,2025-11-20,Beans,5.0,1300.0,East,CUST0572,Cash,Completed,6500.0
1044,2025-10-07,Butter,1.0,1770.0,Unknown,CUST0441,Transfer,Completed,1770.0
4855,2025-04-19,Coffee,4.0,1980.0,North,CUST0150,Cash,Completed,7920.0
4848,2025-06-16,Eggs,7.0,2250.0,East,CUST0399,Transfer,Completed,15750.0
3702,2025-01-29,Coffee,3.0,1940.0,East,CUST0088,Transfer,Completed,5820.0
2566,2025-01-04,Milk,6.0,1340.0,South,CUST0533,POS,Pending,8040.0
4008,2025-07-17,Beans,4.0,1410.0,South,CUST0544,POS,Completed,5640.0
4830,2025-08-07,Tomato Paste,5.0,720.0,South,Unknown,Transfer,Completed,3600.0
3916,2025-04-11,Detergent,5.0,1580.0,North,CUST0064,Transfer,Completed,7900.0
1477,2025-05-18,Soft Drink,8.0,720.0,North,CUST0188,Transfer,Completed,5760.0
4684,2025-08-24,Bread,2.0,880.0,North,CUST0068,Transfer,Returned,1760.0
5714,2025-10-11,Milk,6.0,1250.0,South,CUST0415,Transfer,Returned,7500.0
3308,2025-01-11,Pepper,9.0,630.0,South,CUST0400,Transfer,Completed,5670.0
1258,2025-09-26,Toothpaste,4.0,1370.0,South,CUST0280,Card,Completed,5480.0
4588,2025-09-20,Rice,2.0,2070.0,West,CUST0426,Transfer,Completed,4140.0
4401,2025-08-04,Tea,9.0,1220.0,west,CUST0079,Cash,Pending,10980.0
2202,2025-09-20,Rice,4.0,1990.0,North,CUST0311,POS,Completed,7960.0
6081,2025-05-30,Pepper,6.0,650.0,South,CUST0010,Transfer,Completed,3900.0
5896,2025-01-31, Carrot ,4.0,790.0,South,CUST0550,Transfer,Completed,3160.0
4361,2025-01-29,Carrot,2.0,820.0,South,CUST0464,POS,Completed,1640.0
2033,2025-09-27,Unknown,11.0,1570.0,South,CUST0067,Transfer,Pending,17270.0
4695,2025-12-17,Coffee,5.0,2040.0,North,CUST0328,POS,Completed,10200.0
4763,2025-02-06,YAM,1.0,1580.0,West,CUST0172,Transfer,Pending,1580.0
4535,2025-12-25,Toilet Roll,5.0,860.0,South,CUST0284,Transfer,Completed,4300.0
5751,2025-03-29,Milk,1.0,1130.0,North,CUST0133,Transfer,Completed,1130.0
5806,2025-10-24,Cabbage,4.0,750.0,South,CUST0585,POS,Completed,3000.0
1266,2025-12-07,Toothpaste,7.0,1310.0,East,CUST0539,Transfer,Completed,9170.0
1179,2025-02-13,Pepper,4.0,650.0,West,CUST0449,POS,Completed,2600.0
2420,2025-09-15,Juice,12.0,1580.0,South,CUST0552,Cash,Pending,18960.0
4985,2025-05-03,Water,6.0,440.0,East,CUST0454,Transfer,Completed,2640.0
4910,2025-04-26,Coffee,4.0,2020.0,North,CUST0454,Cash,Completed,8080.0
4303,2025-07-09,Toothpaste,10.0,1230.0,North,CUST0031,POS,Pending,12300.0
1077,2025-03-25,Bread,11.0,860.0,East,CUST0320,Cash,Pending,9460.0
3578,2025-02-27,Rice,5.0,1730.0,North,CUST0126,Transfer,Completed,8650.0
3023,2025-01-16,Pepper,1.0,620.0,East,CUST0025,POS,Completed,620.0
2657,2025-06-02,Groundnut Oil,7.0,2480.0,South,CUST0158,Transfer,Returned,17360.0
6027,2025-09-21,Butter,1.0,2020.0,South,CUST0083,Cash,Completed,2020.0
4654,2025-10-18,Yam,3.0,1590.0,East,CUST0486,POS,Completed,4770.0
2225,2025-03-16,Eggs,1.0,2430.0,West,CUST0395,Transfer,Completed,2430.0
1375,2025-11-18,JUICE,1.0,1510.0,North,CUST0057,Cash,Completed,1510.0
3963,2025-04-18,Milk,3.0,1210.0,South,CUST0581,Transfer,Completed,3630.0
2076,2025-02-25,Toilet Roll,7.0,870.0,West,CUST0640,Transfer,Completed,6090.0
1192,2025-05-20,Sugar,4.0,1380.0,South,CUST0094,POS,Completed,5520.0
2336,2025-09-09,Groundnut Oil,6.0,2780.0,North,CUST0499,Transfer,Completed,16680.0
2563,2025-03-31,Coffee,4.0,2110.0,West,CUST0331,Transfer,Completed,8440.0
5389,2025-05-06,Rice,5.0,1770.0,South,CUST0383,POS,Completed,8850.0
3015,2025-12-05,Toothpaste,5.0,1380.0,South,CUST0177,Cash,Pending,6900.0
5062,2025-03-03,Toothpaste,5.0,1170.0,West,CUST0343,Cash,Completed,5850.0
4803,2025-03-18,Toothpaste,8.0,1270.0,South,CUST0466,POS,Completed,10160.0
1173,2025-11-05,Sugar,2.0,1470.0,East,CUST0182,POS,Completed,2940.0
5053,2025-04-14,Toothpaste,5.0,1220.0,South,CUST0368,POS,Completed,6100.0
5784,2025-07-04,Coffee,4.0,1830.0,South,CUST0115,Transfer,Completed,7320.0
2353,2025-02-15,Tomato Paste,7.0,680.0,North,CUST0249,Cash,Completed,4760.0
3750,2025-09-13,Eggs,4.0,2300.0,West,CUST0503,Cash,Pending,9200.0
5903,2025-12-29,Water,2.0,520.0,East,CUST0235,POS,Completed,1040.0
3325,2025-10-23,Rice,2.0,2070.0,North,CUST0509,POS,Completed,4140.0
5737,2025-01-23,Tomato Paste,1.0,620.0,East,CUST0192,POS,Completed,620.0
2512,2025-05-18,Toothpaste,1.0,1320.0,North,CUST0224,Cash,Completed,1320.0
4916,2025-12-06,Water,8.0,440.0,West,CUST0614,Transfer,Completed,3520.0
3286,2025-04-10,Water,1.0,470.0,West,CUST0333,Cash,Completed,470.0
3301,2025-08-11,Groundnut Oil,3.0,2140.0,East,CUST0521,POS,Completed,6420.0
6009,2025-05-01,Bread,12.0,860.0,South,CUST0583,Transfer,Completed,10320.0
5993,2025-10-28,Maggi,5.0,560.0,South,CUST0178,POS,Completed,2800.0
3044,2025-07-08,Maggi,3.0,540.0,North,CUST0197,POS,Pending,1620.0
5187,2025-07-15,Soft Drink,10.0,780.0,South,CUST0320,Transfer,Completed,7800.0
5920,2025-07-01,Maggi,2.0,560.0,South,CUST0561,Transfer,Returned,1120.0
3123,2025-11-12,Rice,4.0,1830.0,East,CUST0629,Cash,Completed,7320.0
1434,2025-10-02,Yam,8.0,1800.0,North,CUST0393,Cash,Completed,14400.0
2057,2025-06-17,Sugar,8.0,1340.0,West,CUST0114,Transfer,Completed,10720.0
2383,2025-05-28,Sugar,1.0,1410.0,North,CUST0409,Cash,Completed,1410.0
5880,2025-04-25, Juice ,3.0,1460.0,East,CUST0182,POS,Completed,4380.0
4017,2025-09-07,Juice,2.0,1430.0,West,CUST0569,Transfer,Completed,2860.0
5636,2025-03-26,Detergent,5.0,1690.0,South,CUST0029,Transfer,Completed,8450.0
3836,2025-08-05,Beans,8.0,1360.0,North,CUST0619,Transfer,Completed,10880.0
3716,2025-07-13,Tomato Paste,5.0,740.0,West,CUST0089,Transfer,Completed,3700.0
5232,2025-07-17,Cabbage,5.0,870.0,North,CUST0454,Cash,Completed,4350.0
2585,2025-02-01,Yam,2.0,1520.0,South,CUST0476,Transfer,Returned,3040.0
5045,2025-12-23,Milk,4.0,1340.0,North,CUST0446,Transfer,Completed,5360.0
5659,2025-08-28,Eggs,2.0,2310.0,West,CUST0260,Cash,Pending,4620.0
2642,2025-09-21,Water,9.0,440.0,West,CUST0262,Transfer,Pending,3960.0
2148,2025-10-12,rice,4.0,1790.0,East,CUST0132,Unknown,Completed,7160.0
1736,2025-02-09,Maggi,6.0,520.0,North,CUST0628,Transfer,Completed,3120.0
1693,2025-08-27,Rice,5.0,1690.0,West,CUST0631,POS,Completed,8450.0
2120,2025-10-08,Maggi,12.0,510.0,South,CUST0119,Cash,Completed,6120.0
5359,2025-02-18,Soft Drink,4.0,870.0,West,CUST0032,Unknown,Completed,3480.0
2434,2025-10-29,Toilet Roll,3.0,990.0,West,CUST0305,Cash,Completed,2970.0
2935,2025-08-03,Cabbage,7.0,740.0,North,CUST0335,Transfer,Completed,5180.0
5873,2025-02-02,Groundnut Oil,2.0,2380.0,South,CUST0489,POS,Completed,4760.0
1614,2025-12-07,Toilet Roll,12.0,910.0,North,CUST0331,Transfer,Completed,10920.0
2541,2025-09-26,Coffee,5.0,1740.0,North,CUST0382,Transfer,Completed,8700.0
5060,2025-09-22,Maggi,9.0,560.0,North,CUST0190,Transfer,Returned,5040.0
3058,2025-06-27,Soft Drink,2.0,720.0,North,CUST0619,Transfer,Completed,1440.0
4738,2025-07-31,Water,3.0,430.0,South,CUST0157,Cash,Completed,1290.0
2341,2025-06-19,Carrot,4.0,850.0,North,CUST0317,Transfer,Completed,3400.0
1204,2025-01-19,Groundnut Oil,3.0,2140.0,West,CUST0043,Transfer,Completed,6420.0
2709,2025-10-20,Juice,5.0,1590.0,East,CUST0548,Transfer,Returned,7950.0
2791,2025-06-02,Rice,3.0,1700.0,East,CUST0030,Cash,Completed,5100.0
4683,2025-11-19,Eggs,11.0,2380.0,North,CUST0152,Cash,Completed,26180.0
2986,2025-03-17,Butter,6.0,1980.0,North,CUST0333,POS,Completed,11880.0
3026,2025-01-14,Soft Drink,6.0,930.0,North,CUST0389,Cash,Pending,5580.0
5291,2025-11-16,Eggs,6.0,1860.0,North,CUST0127,POS,Pending,11160.0
3879,2025-06-01,Water,8.0,500.0,North,CUST0031,Cash,Completed,4000.0
4021,2025-03-13,Beans,6.0,1450.0,West,CUST0632,Transfer,Completed,8700.0
3460,2025-10-17,Beans,10.0,1470.0,East,CUST0169,Transfer,Pending,14700.0
2664,2025-09-23,Soft Drink,8.0,850.0,East,CUST0617,Transfer,Pending,6800.0
2974,2025-10-05,Toothpaste,9.0,1080.0,North,CUST0566,Cash,Completed,9720.0
1619,2025-01-31,Water,1.0,480.0,East,CUST0129,Cash,Completed,480.0
1239,2025-01-20,Beans,2.0,1410.0,South,Unknown,Cash,Completed,2820.0
4801,2025-10-30,Soft Drink,1.0,890.0,South,CUST0281,Transfer,Completed,890.0
3569,2025-07-23,Beans,4.0,1500.0,East,CUST0019,POS,Completed,6000.0
5807,2025-07-29,Soft Drink,6.0,720.0,South,CUST0230,Transfer,Completed,4320.0
5148,2025-04-22,Beans,7.0,1280.0,East,CUST0415,POS,Pending,8960.0
5822,2025-11-12,Water,3.0,420.0,East,CUST0253,Transfer,Returned,1260.0
1287,2025-01-08,Yam,2.0,1490.0,East,CUST0491,POS,Completed,2980.0
4191,2025-11-04,Soft Drink,1.0,740.0,South,CUST0303,POS,Completed,740.0
1340,2025-02-12,Sugar,5.0,1490.0,West,CUST0300,Transfer,Completed,7450.0
5173,2025-03-17,Toilet Roll,2.0,850.0,East,CUST0515,Transfer,Completed,1700.0
5990,2025-07-29,Butter,2.0,1640.0,South,CUST0012,POS,Completed,3280.0
1134,2025-06-23,Yam,7.0,1620.0,East,CUST0145,POS,Completed,11340.0
1127,2025-12-20,Tomato Paste,3.0,730.0,West,CUST0394,POS,Completed,2190.0
3914,2025-06-07,Coffee,4.0,1780.0,West,CUST0326,Transfer,Completed,7120.0
3282,2025-12-16,Detergent,10.0,1900.0,East,CUST0462,Transfer,Pending,19000.0
1263,2025-12-08,Beans,2.0,1400.0,South,CUST0515,POS,Pending,2800.0
5704,2025-06-23,Juice,2.0,1560.0,East,CUST0099,Cash,Completed,3120.0
2930,2025-06-08,Sugar,3.0,1200.0,East,CUST0041,Cash,Pending,3600.0
2134,2025-03-23,Maggi,12.0,520.0,North,CUST0433,Cash,Returned,6240.0
1170,2025-02-15,Carrot,4.0,770.0,South,CUST0604,Transfer,Completed,3080.0
4727,2025-07-07,Soft Drink,7.0,750.0,North,CUST0255,POS,Completed,5250.0
3223,2025-12-09,Toilet Roll,5.0,860.0,Unknown,CUST0626,Transfer,Completed,4300.0
5955,2025-08-14,Pepper,12.0,800.0,South,CUST0461,Transfer,Completed,9600.0
2023,2025-07-08,Yam,11.0,1640.0,West,CUST0059,Transfer,Pending,18040.0
2110,2025-02-02,Eggs,3.0,2190.0,South,CUST0497,Cash,Completed,6570.0
1349,2025-12-13,Coffee,4.0,1790.0,North,CUST0643,Transfer,Completed,7160.0
2283,2025-12-30,Bread,7.0,970.0,South,CUST0643,POS,Pending,6790.0
3664,2025-10-19,Bread,2.0,1050.0,Unknown,CUST0486,POS,Unknown,2100.0
5580,2025-09-15,Soft Drink,4.0,740.0,West,CUST0265,Cash,Completed,2960.0
2651,2025-09-01,Tomato Paste,4.0,600.0,North,CUST0001,Transfer,Completed,2400.0
5625,2025-04-24,Beans,4.0,1320.0,East,CUST0152,POS,Completed,5280.0
4690,2025-01-06,Pepper,1.0,660.0,East,CUST0589,Transfer,Returned,660.0
5290,2025-06-18,Butter,3.0,1700.0,East,CUST0173,POS,Completed,5100.0
4995,2025-02-01,Juice,6.0,1440.0,South,CUST0623,POS,Completed,8640.0
2371,2025-12-04,Toilet Roll,4.0,820.0,North,CUST0603,POS,Completed,3280.0
5090,2025-06-04,Yam,6.0,1720.0,East,CUST0377,Cash,Completed,10320.0
4606,2025-07-25,Pepper,3.0,700.0,North,CUST0112,Cash,Completed,2100.0
5040,2025-02-13,Juice,4.0,1710.0,North,CUST0034,Cash,Completed,6840.0
2704,2025-09-03,Beans,7.0,1650.0,East,CUST0533,Transfer,Completed,11550.0
1001,2025-02-27,Water,1.0,430.0,West,CUST0143,Cash,Completed,430.0
5417,2025-03-01,Unknown,5.0,1360.0,North,CUST0164,Cash,Pending,6800.0
2070,2025-03-29,Sugar,8.0,1420.0,West,CUST0302,Transfer,Unknown,11360.0
3775,2025-10-11,Juice,2.0,1480.0,East,CUST0436,POS,Completed,2960.0
3974,2025-06-23,Toothpaste,6.0,1070.0,West,CUST0187,Transfer,Completed,6420.0
1653,2025-06-06,BREAD,4.0,840.0,West,CUST0551,Transfer,Completed,3360.0
4113,2025-04-23,Carrot,3.0,950.0,North,CUST0164,Transfer,Completed,2850.0
4797,2025-03-06,Butter,12.0,1970.0,West,CUST0144,Transfer,Completed,23640.0
1315,2025-05-09,Carrot,10.0,920.0,South,CUST0609,Cash,Completed,9200.0
1704,2025-09-05,Pepper,6.0,720.0,North,CUST0147,POS,Completed,4320.0
3318,2025-01-03,Toothpaste,7.0,1390.0,North,CUST0143,POS,Pending,9730.0
4627,2025-06-20,Groundnut Oil,9.0,2770.0,North,CUST0349,Transfer,Completed,24930.0
1024,2025-02-06,Pepper,4.0,25.0,South,CUST0220,Cash,Completed,100.0
4112,2025-09-19,Unknown,1.0,510.0,South,CUST0308,Transfer,Completed,510.0
1182,2025-11-05,Maggi,8.0,490.0,West,CUST0359,Transfer,Completed,3920.0
3700,2025-12-18,Bread,4.0,850.0,West,CUST0647,POS,Completed,3400.0
4151,2025-06-22,Carrot,2.0,820.0,South,CUST0320,Unknown,Completed,1640.0
4732,2025-03-15,Bread,3.0,850.0,North,CUST0298,Transfer,Completed,2550.0
4972,2025-07-20,Toilet Roll,8.0,1040.0,North,CUST0390,Cash,Completed,8320.0
1967,2025-12-11,Juice,2.0,1480.0,WEST,CUST0108,Transfer,Completed,2960.0
2857,2025-11-17,Tomato Paste,3.0,610.0,North,CUST0417,Transfer,Completed,1830.0
5399,2025-03-18,Juice,2.0,1720.0,East,CUST0538,POS,Completed,3440.0
5341,2025-05-09,Butter,4.0,1750.0,West,CUST0432,Cash,Completed,7000.0
3891,2025-05-11,Tomato Paste,4.0,590.0,Sout,CUST0377,POS,Completed,2360.0
1425,2025-11-25,Milk,5.0,1160.0,South,CUST0379,Transfer,Completed,5800.0
5533,2025-04-18,Soft Drink,3.0,760.0,West,CUST0468,Transfer,Pending,2280.0
6053,2025-11-02,tomato paste,1.0,610.0,East,CUST0330,Cash,Completed,610.0
1956,2025-07-31,Tomato Paste,9.0,740.0,North,CUST0031,Transfer,Pending,6660.0
3047,2025-09-23,Toilet Roll,2.0,1040.0,North,CUST0138,Cash,Pending,2080.0
4418,2025-02-01,Coffee,4.0,2210.0,West,CUST0241,Transfer,Completed,8840.0
5211,2025-07-24,Detergent,4.0,1790.0,South,CUST0500,Transfer,Completed,7160.0
2473,2025-09-08,Toothpaste,5.0,1160.0,West,CUST0330,Cash,Completed,5800.0
2848,2025-11-22,Carrot,5.0,850.0,East,CUST0286,Transfer,Completed,4250.0
1378,2025-12-02,Toothpaste,4.0,1160.0,South,CUST0328,Transfer,Unknown,4640.0
1781,2025-09-12,Detergent,2.0,1870.0,East,CUST0056,Cash,Completed,3740.0
3324,2025-06-27,Toothpaste,6.0,1180.0,East,CUST0327,Transfer,Completed,7080.0
2128,2025-06-13,Tomato Paste,7.0,720.0,West,CUST0533,Cash,Completed,5040.0
2889,2025-03-28,Sugar,2.0,1410.0,West,CUST0038,POS,Completed,2820.0
3839,2025-12-24,Yam,2.0,1800.0,North,CUST0574,Transfer,Completed,3600.0
4956,2025-10-29,Cabbage,9.0,820.0,North,CUST0180,Cash,Pending,7380.0
1269,2025-08-21,Beans,2.0,1440.0,East,CUST0573,Cash,Unknown,2880.0
3857,2025-10-08,Bread,10.0,880.0,West,CUST0431,Transfer,Pending,8800.0
5632,2025-09-17,Water,9.0,510.0,North,CUST0494,Transfer,Completed,4590.0
4354,2025-02-02,Pepper,9.0,660.0,West,CUST0522,Transfer,Completed,5940.0
1236,2025-07-26,Carrot,3.0,840.0,West,CUST0372,Cash,Completed,2520.0
5613,2025-03-14,Beans,8.0,1490.0,Unknown,CUST0355,Transfer,Completed,11920.0
5881,2025-01-27,Tomato Paste,3.0,690.0,North,CUST0386,Transfer,Completed,2070.0
1376,2025-03-22,Carrot,3.0,770.0,East,CUST0234,Cash,Completed,2310.0
1923,2025-12-07,Carrot,1.0,840.0,West,CUST0502,Transfer,Pending,840.0
4108,2025-10-26,Beans,10.0,1380.0,South,CUST0485,Cash,Pending,13800.0
4059,2025-01-12,Yam,1.0,1510.0,West,CUST0628,Transfer,Completed,1510.0
2513,2025-09-22,Bread,6.0,890.0,West,CUST0479,Cash,Completed,5340.0
5261,2025-07-19,Maggi,7.0,480.0,East,CUST0439,Cash,Completed,3360.0
4147,2025-11-06,Tea,1.0,1140.0,East,CUST0039,POS,Completed,1140.0
2325,2025-08-09,Toilet Roll,4.0,810.0,North,CUST0379,Transfer,Completed,3240.0
1467,2025-07-12,Beans,8.0,1380.0,East,CUST0609,POS,Completed,11040.0
5129,2025-02-05,Rice,2.0,1780.0,North,CUST0477,Transfer,Completed,3560.0
4908,2025-08-30,Bread,1.0,970.0,South,CUST0498,POS,Completed,970.0
3711,2025-07-20,Toilet Roll,8.0,970.0,South,CUST0360,POS,Pending,7760.0
1259,2025-08-23,Sugar,5.0,1460.0,East,Unknown,POS,Completed,7300.0
1857,2025-09-24,Maggi,7.0,550.0,West,CUST0301,Cash,Completed,3850.0
4890,2025-11-02,Milk,2.0,1420.0,West,CUST0116,Transfer,Completed,2840.0
5181,2025-08-14,Eggs,4.0,2100.0,South,CUST0046,Cash,Completed,8400.0
3386,2025-03-28,Butter,6.0,1820.0,East,CUST0056,Transfer,Completed,10920.0
1324,2025-11-27,Juice,6.0,1490.0,Unknown,CUST0441,Transfer,Completed,8940.0
1123,2025-05-31,Beans,3.0,1450.0,West,CUST0544,Transfer,Completed,4350.0
2302,2025-02-07,Coffee,2.0,1920.0,West,CUST0322,Transfer,Completed,3840.0
2465,2025-08-06,Pepper,4.0,620.0,North,CUST0470,Transfer,Completed,2480.0
1910,2025-11-10,Eggs,7.0,2390.0,North,CUST0447,POS,Completed,16730.0
2621,2025-04-17,Groundnut Oil,3.0,2410.0,South,CUST0204,Transfer,Completed,7230.0
ORD-1076,2025-12-16,Rice,5.0,2070.0,North,CUST0370,Cash,Completed,10350.0
4572,2025-06-04,Water,4.0,430.0,South,CUST0105,Transfer,Pending,1720.0
5683,2025-02-20,Bread,4.0,990.0,North,CUST0170,Cash,Pending,3960.0
2794,2025-05-26,Groundnut Oil,2.0,2200.0,East,CUST0127,Transfer,Completed,4400.0
5231,2025-11-01,Carrot,4.0,960.0,North,CUST0343,Cash,Completed,3840.0
5195,2025-04-28,Sugar,8.0,1310.0,East,CUST0450,Transfer,Completed,10480.0
4681,2025-03-27, Yam ,4.0,1720.0,West,CUST0129,Transfer,Completed,6880.0
5607,2025-03-07,Maggi,8.0,470.0,South,CUST0163,Transfer,Completed,3760.0
2870,2025-05-06,Carrot,4.0,920.0,Unknown,CUST0551,Transfer,Completed,3680.0
2018,2025-07-16,Groundnut Oil,4.0,2400.0,East,CUST0348,Cash,Completed,9600.0
3820,2025-01-05,Carrot,7.0,870.0,North,CUST0416,Transfer,Pending,6090.0
2022,2025-07-03,Water,3.0,510.0,West,CUST0151,Cash,Completed,1530.0
2147,2025-03-05,Water,7.0,420.0,East,CUST0186,POS,Completed,2940.0
3438,2025-04-27,Groundnut Oil,6.0,2240.0,West,CUST0002,Transfer,Pending,13440.0
5069,2025-03-26,Coffee,1.0,2150.0,East,CUST0585,POS,Pending,2150.0
3322,2025-03-12,Cabbage,4.0,730.0,West,CUST0618,POS,Completed,2920.0
1419,2025-02-08,Sugar,5.0,1530.0,East,CUST0347,Cash,Completed,7650.0
2885,2025-07-26,Sugar,2.0,1310.0,South,CUST0281,Transfer,Completed,2620.0
1033,2025-03-22,Toilet Roll,1.0,920.0,West,CUST0071,Cash,Completed,920.0
3886,2025-01-04,Detergent,1.0,1550.0,North,CUST0147,Transfer,Completed,1550.0
2081,2025-06-20,Butter,2.0,1970.0,North,CUST0494,Transfer,Completed,3940.0
5790,2025-05-11,Pepper,4.0,620.0,East,CUST0515,Cash,Completed,2480.0
2171,2025-06-30,Toilet Roll,10.0,900.0,South,CUST0175,Transfer,Completed,9000.0
4474,2025-02-09,Tomato Paste,1.0,700.0,Unknown,CUST0322,POS,Completed,700.0
1206,2025-06-19,Water,3.0,500.0,South,CUST0410,Cash,Pending,1500.0
6090,2025-11-03,Carrot,5.0,820.0,West,Unknown,Cash,Completed,4100.0
3727,2025-04-18,Rice,3.0,2110.0,Unknown,CUST0247,Transfer,Completed,6330.0
5876,2025-10-21,Soft Drink,11.0,860.0,North,CUST0107,POS,Completed,9460.0
2991,2025-10-28,Unknown,4.0,1210.0, West ,CUST0461,Transfer,Pending,4840.0
5987,2025-08-11,Toilet Roll,9.0,910.0,East,CUST0375,Cash,Completed,8190.0
4047,2025-08-12,Maggi,6.0,530.0, South ,CUST0048,Transfer,Completed,3180.0
1411,2025-06-12,Water,2.0,520.0,North,CUST0229,Cash,Pending,1040.0
4506,2025-03-06,Toilet Roll,2.0,810.0,South,CUST0365,POS,Completed,1620.0
1749,2025-12-02,Eggs,5.0,2120.0,West,CUST0603,Unknown,Completed,10600.0
2285,2025-11-13,Rice,6.0,2100.0,East,CUST0586,Transfer,Completed,12600.0
5528,2025-05-19,TOMATO PASTE,6.0,710.0,North,CUST0042,Transfer,Returned,4260.0
2545,2025-05-21,Tomato Paste,6.0,710.0,North,CUST0514,Cash,Completed,4260.0
4867,2025-12-18,Bread,8.0,960.0,South,CUST0097,POS,Completed,7680.0
3888,2025-01-05,Coffee,2.0,2210.0,South,CUST0415,POS,Returned,4420.0
2555,2025-10-20,Bread,3.0,1070.0,South,CUST0564,Transfer,Completed,3210.0
2815,2025-08-02,Eggs,6.0,2020.0,East,CUST0123,Transfer,Completed,12120.0
1074,2025-10-04,Rice,1.0,2120.0,West,CUST0071,POS,Completed,2120.0
4847,2025-10-08,Juice,2.0,1620.0,Unknown,CUST0479,Transfer,Completed,3240.0
1342,2025-10-06,Eggs,7.0,2060.0,East,CUST0452,Card,Returned,14420.0
3526,2025-03-19,Sugar,5.0,1230.0,North,CUST0421,POS,Completed,6150.0
2572,2025-05-14,Coffee,3.0,2090.0,North,CUST0462,Cash,Completed,6270.0
ORD-5706,2025-10-08,Tea,6.0,1030.0,West,CUST0149,POS,Completed,6180.0
2054,2025-07-17,Toothpaste,2.0,1090.0,South,CUST0312,Transfer,Completed,2180.0
2967,2025-09-24,Soft Drink,5.0,730.0,West,CUST0485,Cash,Returned,3650.0
5274,2025-03-18,Toilet Roll,3.0,970.0,North,CUST0243,Cash,Completed,2910.0
3075,2025-06-01,Maggi,8.0,530.0, South ,CUST0092,POS,Completed,4240.0
1679,2025-12-31,Water,7.0,490.0,East,CUST0094,Transfer,Completed,3430.0
2813,2025-11-14,Rice,1.0,1630.0,North,CUST0001,Transfer,Completed,1630.0
4508,2025-09-12,Eggs,5.0,2400.0,East,CUST0004,Transfer,Completed,12000.0
4130,2025-10-09,Maggi,2.0,490.0,East,CUST0034,Transfer,Completed,980.0
5642,2025-12-28,Coffee,2.0,2120.0,West,CUST0187,Cash,Completed,4240.0
5036,2025-02-17,Milk,5.0,1240.0,Unknown,CUST0156,Cash,Completed,6200.0
3436,2025-11-04,Rice,5.0,1930.0,South,CUST0253,Transfer,Completed,9650.0
3333,2025-07-05,Beans,2.0,1610.0,South,CUST0055,POS,Completed,3220.0
3157,2025-02-24,Toothpaste,6.0,1120.0,east,CUST0130,Transfer,Completed,6720.0
4887,2025-12-14,Pepper,2.0,620.0,West,CUST0599,POS,Completed,1240.0
3090,2025-09-15,Cabbage,2.0,700.0,West,CUST0627,Transfer,Returned,1400.0
4409,2025-10-20,Coffee,5.0,1910.0,East,CUST0213,Cash,Completed,9550.0
1986,2025-03-28,Maggi,1.0,570.0,West,CUST0028,Cash,Completed,570.0
3414,2025-08-12,coffee,3.0,1970.0,North,CUST0403,Transfer,Completed,5910.0
2997,2025-08-03,Toothpaste,5.0,1060.0,West,CUST0192,Transfer,Completed,5300.0
3898,2025-10-19,Groundnut Oil,5.0,2230.0,North,CUST0387,Cash,Completed,11150.0
4123,2025-05-21,Bread,5.0,950.0,Unknown,CUST0568,POS,Completed,4750.0
2890,2025-02-16,Coffee,6.0,1800.0,East,CUST0257,Transfer,Returned,10800.0
5068,2025-02-01,Toilet Roll,4.0,920.0, South ,CUST0446,POS,Returned,3680.0
5276,2025-03-09,Eggs,5.0,2360.0,East,CUST0517,Transfer,Pending,11800.0
5973,2025-07-13,Carrot,10.0,760.0,North,CUST0124,Transfer,Completed,7600.0
6003,2025-05-09,Maggi,3.0,550.0,North,CUST0568,Cash,Pending,1650.0
2909,2025-12-31,Butter,5.0,1610.0,West,CUST0646,Cash,Completed,8050.0
3831,2025-03-30,Groundnut Oil,2.0,2400.0,South,CUST0436,Cash,Pending,4800.0
5732,2025-02-06,Water,9.0,480.0,East,CUST0436,Transfer,Completed,4320.0
3094,2025-04-23,Carrot,5.0,810.0,South,CUST0452,Transfer,Completed,4050.0
3880,2025-09-22,Butter,4.0,1880.0,North,CUST0579,Transfer,Completed,7520.0
4204,2025-08-30,Maggi,5.0,550.0,East,CUST0129,Transfer,Completed,2750.0
5759,2025-06-17,Tomato Paste,8.0,610.0,Unknown,CUST0509,Transfer,Pending,4880.0
3596,2025-04-15, Soft Drink ,1.0,760.0,East,CUST0228,Transfer,Completed,760.0
1597,2025-09-26,Cabbage,7.0,700.0,North,CUST0633,Transfer,Completed,4900.0
4309,2025-04-30,Water,5.0,490.0,West,CUST0019,Transfer,Completed,2450.0
3529,2025-12-06,Pepper,3.0,720.0,North,CUST0100,Transfer,Completed,2160.0
4787,2025-11-27,Water,3.0,460.0,West,CUST0614,Unknown,Completed,1380.0
2739,2025-08-10,Toilet Roll,2.0,900.0,West,CUST0396,Cash,Completed,1800.0
1647,2025-01-26,Juice,5.0,1430.0,South,CUST0514,Transfer,Completed,7150.0
4256,2025-09-03,Sugar,7.0,1350.0,West,CUST0262,POS,Completed,9450.0
4753,2025-07-29,Detergent,5.0,1870.0,West,CUST0297,Transfer,Completed,9350.0
4496,2025-10-28,Beans,6.0,1320.0,East,CUST0528,Transfer,Completed,7920.0
2466,2025-10-23,Water,4.0,430.0,East,CUST0228,POS,Completed,1720.0
1649,2025-05-05,Coffee,1.0,2140.0, North ,UNKNOWN,Transfer,Completed,2140.0
2643,2025-08-22,Toothpaste,6.0,1280.0,North,CUST0532,Transfer,Pending,7680.0
1306,2025-09-14,Milk,6.0,1220.0,East,CUST0448,Transfer,Completed,7320.0
1838,2025-12-22,Butter,2.0,1700.0,West,CUST0215,Transfer,Completed,3400.0
4978,2025-04-26,Beans,8.0,1380.0,East,CUST0121,Transfer,Returned,11040.0
5695,2025-10-08,Butter,2.0,1600.0,West,Unknown,Transfer,Completed,3200.0
4775,2025-10-17,Maggi,6.0,580.0,Unknown,CUST0384,POS,Completed,3480.0
4734,2025-10-18,Tea,8.0,1090.0,South,CUST0243,Cash,Completed,8720.0
1560,2025-07-31,Tea,5.0,1140.0,West,CUST0380,Cash,Completed,5700.0
2946,2025-11-10,Juice,9.0,1400.0,Unknown,CUST0466,POS,Completed,12600.0
5442,2025-10-10,Toothpaste,9.0,1360.0,North,CUST0592,Cash,Pending,12240.0
1735,2025-08-27,Eggs,4.0,2160.0,East,CUST0252,Cash,Completed,8640.0
6025,2025-06-24,Detergent,2.0,1660.0,West,CUST0628,Cash,Completed,3320.0
4881,2025-10-25,Pepper,3.0,640.0,South,CUST0218,Cash,Completed,1920.0
1998,2025-12-21,Rice,2.0,2110.0,South,CUST0005,POS,Completed,4220.0
4012,2025-08-29,Pepper,8.0,760.0,South,CUST0021,POS,Completed,6080.0
5530,2025-06-29,Rice,1.0,1700.0,west ,CUST0545,Cash,Completed,1700.0
4641,2025-05-04,MAGGI,1.0,460.0,West,CUST0259,Transfer,Completed,460.0
4450,2025-12-26,Detergent,5.0,1620.0,North,CUST0457,Transfer,Returned,8100.0
3253,2025-05-20,Bread,1.0,910.0,East,Unknown,POS,Completed,910.0
3572,2025-05-02,Toothpaste,5.0,1300.0,North,CUST0109,Cash,Completed,6500.0
1989,2025-05-18,Bread,1.0,960.0,South,CUST0068,Cash,Completed,960.0
3948,2025-10-07,Soft Drink,5.0,710.0,West,CUST0601,Transfer,Completed,3550.0
2942,2025-08-01,Eggs,1.0,2360.0,North,CUST0152,Transfer,Completed,2360.0
1993,2025-05-29,Soft Drink,6.0,740.0,East,CUST0494,Transfer,Completed,4440.0
4837,2025-03-10,Sugar,6.0,1560.0,East,CUST0333,Cash,Completed,9360.0
2229,2025-07-05,Rice,5.0,2120.0,East,CUST0062,POS,Completed,10600.0
3052,2025-04-21,Detergent,2.0,1860.0,West,CUST0041,POS,Pending,3720.0
1652,2025-02-27,Milk,6.0,1190.0,West,CUST0295,Transfer,Completed,7140.0
5246,2025-09-08,Water,4.0,460.0,East,CUST0611,Transfer,Completed,1840.0
4957,2025-05-27,Toothpaste,4.0,1070.0,Unknown,CUST0046,Transfer,Completed,4280.0
5438,2025-11-30,Toothpaste,4.0,1060.0,East,CUST0281,Transfer,Pending,4240.0
4232,2025-03-12,Milk,8.0,1390.0,East,CUST0051,POS,Completed,11120.0
2973,2025-03-05,Pepper,2.0,660.0,east,CUST0238,Transfer,Completed,1320.0
3954,2025-05-25,Soft Drink,6.0,910.0,West,Unknown,Transfer,Completed,5460.0
1852,2025-11-01,Tea,8.0,1090.0,West,CUST0435,Cash,Completed,8720.0
3768,2025-06-17,Milk,5.0,1260.0,North,CUST0010,Transfer,Completed,6300.0
5199,2025-03-21,Toothpaste,2.0,1380.0,West,CUST0124,Cash,Returned,2760.0
1774,2025-10-11,Carrot,2.0,810.0,East,CUST0137,Transfer,Pending,1620.0
2189,2025-04-29,Water,2.0,450.0,East,CUST0523,Transfer,Completed,900.0
1889,2025-07-18,Groundnut Oil,1.0,2760.0,North,CUST0309,Transfer,Pending,2760.0
1632,2025-07-17,Toothpaste,2.0,1230.0,West,CUST0584,Cash,Completed,2460.0
3648,2025-02-13,Coffee,5.0,2110.0,North,CUST0462,Cash,Completed,10550.0
4735,2025-07-13,Yam,1.0,1500.0,West,Unknown,Transfer,Completed,1500.0
3786,2025-01-31,Tomato Paste,2.0,650.0,South,CUST0464,Transfer,Completed,1300.0
4274,2025-04-15,Toothpaste,2.0,1150.0,West,CUST0367,Cash,Completed,2300.0
2577,2025-07-27,Toilet Roll,4.0,1020.0,North,CUST0160,Cash,Completed,4080.0
3469,2025-07-17,Tea,9.0,1100.0,East,CUST0264,POS,Completed,9900.0
2506,2025-08-24,Carrot,1.0,920.0,West,CUST0316,POS,Completed,920.0
1244,2025-03-17,Cabbage,7.0,740.0,East,CUST0196,Transfer,Completed,5180.0
4070,2025-05-11,Juice,7.0,1410.0,South,CUST0461,Transfer,Completed,9870.0
4573,2025-11-21,Groundnut Oil,6.0,2280.0,Unknown,CUST0605,Cash,Pending,13680.0
6039,2025-09-27,Yam,3.0,1850.0,West,CUST0388,Transfer,Completed,5550.0
4723,2025-11-06,Cabbage,4.0,880.0,north,CUST0106,Cash,Completed,3520.0
5236,2025-06-20,Eggs,8.0,1990.0,North,CUST0287,Cash,Returned,15920.0
1595,2025-04-05,Sugar,8.0,1240.0,West,Unknown,Unknown,Completed,9920.0
3677,2025-06-03,Tomato Paste,1.0,650.0,West,CUST0403,Cash,Completed,650.0
1337,2025-04-06,Tomato Paste,4.0,670.0,West,CUST0569,Transfer,Completed,2680.0
1393,2025-10-09,Toothpaste,3.0,1210.0,West,CUST0125,Unknown,Pending,3630.0
4967,2025-08-25,Butter,2.0,1900.0,West,CUST0175,Cash,Pending,3800.0
2464,2025-03-19,Soft Drink,1.0,840.0,South,Unknown,POS,Pending,840.0
2781,2025-06-24,Yam,6.0,1770.0,West,CUST0379,Cash,Completed,10620.0
4921,2025-10-21,Cabbage,7.0,840.0,South,CUST0389,Cash,Completed,5880.0
1387,2025-03-08,Maggi,2.0,480.0,North,CUST0403,Cash,Completed,960.0
3456,2025-10-30,Tea,3.0,1140.0,North,CUST0190,Transfer,Pending,3420.0
4814,2025-11-26,Juice,7.0,1430.0,South,CUST0276,Cash,Completed,10010.0
3267,2025-11-21,Butter,2.0,1800.0,North,CUST0056,Transfer,Completed,3600.0
5696,2025-02-02,Sugar,7.0,1280.0,South,CUST0201,POS,Completed,8960.0
4675,2025-12-29,Tomato Paste,7.0,660.0,North,CUST0305,Transfer,Completed,4620.0
5394,2025-07-14,Tea,5.0,1230.0,South,CUST0361,POS,Completed,6150.0
1280,2025-09-24,Maggi,2.0,480.0,East,CUST0571,POS,Pending,960.0
5971,2025-12-21,Tomato Paste,7.0,660.0,North,CUST0200,Cash,Completed,4620.0
5513,2025-01-18,Coffee,3.0,1870.0,East,CUST0050,Transfer,Completed,5610.0
2077,2025-03-03,Tomato Paste,2.0,590.0,North,CUST0178,Transfer,Completed,1180.0
4637,2025-08-28,Carrot,1.0,900.0,South,CUST0148,Transfer,Completed,900.0
2231,2025-03-02,Butter,11.0,1940.0,South,CUST0027,Cash,Completed,21340.0
1715,2025-05-13,Soft Drink,9.0,790.0,North,CUST0333,Unknown,Completed,7110.0
4554,2025-01-02,Cabbage,4.0,820.0,East,CUST0493,POS,Completed,3280.0
3642,2025-11-25,Rice,11.0,2050.0,East,CUST0109,POS,Pending,22550.0
1484,2025-10-13,Butter,9.0,1890.0,East,CUST0161,Cash,Completed,17010.0
1483,2025-02-18,Soft Drink,4.0,870.0,South,CUST0355,Cash,Completed,3480.0
5755,2025-06-19,Juice,7.0,1510.0,South,CUST0372,POS,Completed,10570.0
3617,2025-10-03,Unknown,1.0,2000.0,North,CUST0591,Transfer,Pending,2000.0
3365,2025-06-07,Yam,5.0,1840.0,North,CUST0231,Transfer,Completed,9200.0
3756,2025-01-19,Butter,3.0,1810.0,Noth,CUST0472,Transfer,Pending,5430.0
2554,2025-07-12,Coffee,9.0,1790.0,East,CUST0100,Transfer,Completed,16110.0
1016,2025-01-02,Groundnut Oil,10.0,2700.0,North,CUST0513,POS,Completed,27000.0
5888,2025-07-31,Sugar,4.0,1400.0,West,CUST0126,POS,Completed,5600.0
1401,2025-09-06,Toothpaste,3.0,1250.0,North,CUST0398,Transfer,Completed,3750.0
2153,2025-04-21,Yam,10.0,1680.0,West,CUST0606,Transfer,Completed,16800.0
5545,2025-12-25,Water,3.0,450.0,East,CUST0135,Transfer,Completed,1350.0
2142,2025-12-04,Maggi,1.0,500.0,South,CUST0282,Cash,Completed,500.0
4196,2025-05-03,Juice,5.0,1410.0,Unknown,CUST0502,Cash,Completed,7050.0
4105,2025-04-20,Bread,2.0,1030.0,North,CUST0344,POS,Completed,2060.0
5498,2025-07-15,Carrot,7.0,860.0,East,CUST0339,Transfer,Completed,6020.0
5622,2025-02-20,Water,2.0,430.0,West,CUST0256,Unknown,Completed,860.0
3352,2025-10-17,Pepper,3.0,800.0,East,CUST0162,POS,Completed,2400.0
4383,2025-05-15,Tomato Paste,4.0,730.0,South,CUST0321,Transfer,Returned,2920.0
1729,2025-07-04,Cabbage,8.0,720.0,West,CUST0138,Transfer,Completed,5760.0
4301,2025-10-17,Pepper,5.0,640.0,North,CUST0638,Cash,Completed,3200.0
6041,2025-05-27,Maggi,4.0,570.0,Unknown,CUST0378,Cash,Pending,2280.0
5510,2025-01-24,Pepper,8.0,760.0,East,CUST0600,Cash,Pending,6080.0
1076,2025-04-22,Juice,4.0,1430.0,North,CUST0172,Cash,Returned,5720.0
4528,2025-09-22,Toilet Roll,4.0,950.0,South,CUST0340,Transfer,Completed,3800.0
4019,2025-12-20,Cabbage,4.0,900.0,East,CUST0587,Transfer,Completed,3600.0
2262,2025-05-10,Eggs,5.0,1900.0,East,CUST0281,Transfer,Pending,9500.0
5686,2025-01-04,Soft Drink,2.0,730.0,Unknown,CUST0520,Transfer,Returned,1460.0
4090,2025-09-21,Bread,2.0,1020.0,North,CUST0515,Transfer,Completed,2040.0
6062,2025-06-03,Rice,6.0,1930.0,East,CUST0263,Transfer,Pending,11580.0
4357,2025-09-05,Tomato Paste,2.0,580.0,West,CUST0579,Cash,Completed,1160.0
1260,2025-03-31,TEA,5.0,1160.0,South,CUST0438,Cash,Completed,5800.0
3146,2025-08-02,Tomato Paste,1.0,630.0,South,CUST0461,Cash,Completed,630.0
1087,2025-07-27,Unknown,6.0,1880.0,North,CUST0485,Cash,Completed,11280.0
1189,2025-04-10,Detergent,3.0,2000.0,South,CUST0473,POS,Pending,6000.0
3744,2025-01-24,Carrot,11.0,980.0,North,CUST0161,Transfer,Completed,10780.0
4344,2025-06-09,Unknown,3.0,1570.0,West,CUST0129,POS,Completed,4710.0
4794,2025-12-18,Maggi,10.0,570.0,South,CUST0490,Transfer,Completed,5700.0
5678,2025-09-30,Butter,11.0,2040.0,North,CUST0055,Transfer,Completed,22440.0
2968,2025-03-03,Pepper,5.0,620.0,North,CUST0252,Transfer,Pending,3100.0
5676,2025-09-04,Toilet Roll,2.0,1020.0,North,CUST0292,Cash,Completed,2040.0
4633,2025-08-22,Juice,2.0,1480.0,West,CUST0304,Cash,Completed,2960.0
2952,2025-06-06,Water,7.0,480.0,South,Unknown,Transfer,Completed,3360.0
3512,2025-02-09,Juice,7.0,1360.0,East,CUST0089,POS,Completed,9520.0
2429,2025-09-21,Unknown,8.0,2050.0,South,Unknown,Transfer,Completed,16400.0
6107,2025-12-02,Carrot,8.0,860.0,West,Unknown,POS,Completed,6880.0
3484,2025-03-06,Butter,1.0,1590.0,North,CUST0285,Cash,Pending,1590.0
2591,2025-09-07,Sugar,1.0,1530.0,South,CUST0508,Transfer,Completed,1530.0
1406,2025-10-16,Juice,2.0,1720.0,South,CUST0556,Transfer,Completed,3440.0
1148,2025-07-05,Groundnut Oil,4.0,2190.0,West,CUST0630,Transfer,Pending,8760.0
6144,2025-02-13,Yam,3.0,1760.0,North,CUST0594,Transfer,Completed,5280.0
3488,2025-10-12,Unknown,10.0,2130.0,East,CUST0588,Cash,Returned,21300.0
1712,2025-11-19,Juice,8.0,1610.0,North,CUST0320,Transfer,Completed,12880.0
4589,2025-05-16,Juice,6.0,1660.0,West,CUST0519,POS,Completed,9960.0
2929,2025-01-17,Sugar,2.0,1560.0,North,CUST0366,Cash,Completed,3120.0
3813,2025-08-09,Beans,4.0,1430.0,West,CUST0214,POS,Completed,5720.0
4746,2025-07-20,Detergent,5.0,1950.0,North,CUST0311,Transfer,Completed,9750.0
2367,2025-08-28,Butter,8.0,1820.0,East,CUST0163,Transfer,Pending,14560.0
5476,2025-03-13,Cabbage,1.0,880.0,North,CUST0616,Transfer,Completed,880.0
5772,2025-05-04,Juice,9.0,1520.0,South,CUST0511,POS,Pending,13680.0
1791,2025-08-08,Rice,6.0,1760.0,North,CUST0445,Cash,Pending,10560.0
1458,2025-08-23,Juice,2.0,1680.0,West,CUST0083,Cash,Completed,3360.0
3402,2025-06-03,Eggs,6.0,2110.0,South,Unknown,POS,Completed,12660.0
1265,2025-09-02,Butter,2.0,1960.0,North,Unknown,Cash,Pending,3920.0
3312,2025-08-03,Tomato Paste,5.0,630.0,West,CUST0387,Cash,Completed,3150.0
5271,2025-09-22,Cabbage,2.0,880.0,North,CUST0542,POS,Pending,1760.0
2721,2025-09-23,Butter,12.0,1820.0,East,CUST0115,Transfer,Pending,21840.0
1435,2025-01-20,Detergent,2.0,1740.0,South,CUST0040,Transfer,Pending,3480.0
3012,2025-08-31,Sugar,3.0,1250.0,East,CUST0546,Transfer,Pending,3750.0
2140,2025-11-29,Unknown,3.0,900.0,West,CUST0643,Cash,Completed,2700.0
4468,2025-02-08,Milk,3.0,1260.0,West,CUST0213,Transfer,Completed,3780.0
3153,2025-12-16,Sugar,2.0,1300.0,South,CUST0396,Cash,Returned,2600.0
2913,2025-05-17,Water,2.0,490.0,West,CUST0096,Cash,Completed,980.0
4199,2025-06-08,Soft Drink,1.0,800.0,West,CUST0233,Transfer,Unknown,800.0
4993,2025-05-29,Unknown,5.0,2150.0,East,CUST0590,Transfer,Completed,10750.0
4860,2025-10-25,Cabbage,9.0,720.0,South,CUST0139,Transfer,Pending,6480.0
2454,2025-07-29,Tea,1.0,1210.0,North,CUST0326,Transfer,Pending,1210.0
2771,2025-07-03,Groundnut Oil,6.0,2430.0,South,CUST0308,POS,Completed,14580.0
1421,2025-06-19,Bread,2.0,890.0,North,CUST0289,Transfer,Completed,1780.0
4285,2025-06-08,Rice,8.0,1900.0,East,CUST0178,Cash,Returned,15200.0
2631,2025-06-19,Rice,1.0,1870.0,West,CUST0418,Transfer,Completed,1870.0
5155,2025-08-21,Carrot,9.0,990.0,South,CUST0442,Transfer,Pending,8910.0
5887,2025-11-20,Tea,4.0,1030.0,North,CUST0286,Cash,Completed,4120.0
1232,2025-07-16,Yam,8.0,1600.0,West,CUST0336,POS,Completed,12800.0
2477,2025-12-13,Yam,3.0,1550.0,North,CUST0578,Cash,Completed,4650.0
1806,2025-01-12,Water,3.0,520.0,West,CUST0486,Transfer,Completed,1560.0
2170,2025-03-28,Groundnut Oil,6.0,2700.0,West,CUST0180,Transfer,Pending,16200.0
4294,2025-08-31,Coffee,12.0,2120.0,North,CUST0030,POS,Completed,25440.0
3458,2025-02-19,Detergent,2.0,1860.0,West,Unknown,Transfer,Completed,3720.0
3628,2025-11-17,Rice,3.0,1790.0,South,CUST0093,Transfer,Returned,5370.0
1707,2025-12-04,Toilet Roll,6.0,800.0,North,CUST0215,Transfer,Completed,4800.0
3216,2025-05-10,Bread,1.0,1040.0,North,CUST0600,Transfer,Completed,1040.0
2083,2025-01-11,Coffee,5.0,2210.0,North,CUST0243,Cash,Completed,11050.0
5770,2025-08-03,Coffee,6.0,2190.0,East,CUST0186,Cash,Completed,13140.0
4762,2025-02-24,Soft Drink,6.0,790.0,North,CUST0092,Transfer,Completed,4740.0
5116,2025-08-19,Yam,4.0,1670.0,West,Unknown,Transfer,Pending,6680.0
4187,2025-01-15,Juice,3.0,1670.0,South,CUST0016,Transfer,Unknown,5010.0
1768,2025-09-25,Maggi,4.0,530.0,West,CUST0594,Transfer,Completed,2120.0
3606,2025-10-28,Soft Drink,5.0,880.0,East,CUST0115,Transfer,Completed,4400.0
4228,2025-01-13,Groundnut Oil,2.0,2550.0,West,CUST0096,Transfer,Completed,5100.0
5128,2025-03-27,Rice,5.0,2030.0,South,CUST0198,POS,Completed,10150.0
6129,2025-01-04,Yam,4.0,1730.0,West,Unknown,POS,Completed,6920.0
3500,2025-04-23,Rice,2.0,1840.0,South,CUST0070,Cash,Completed,3680.0
4322,2025-08-24,Maggi,4.0,510.0,East,CUST0521,POS,Completed,2040.0
5995,2025-06-21,Sugar,6.0,1210.0,East,CUST0495,POS,Returned,7260.0
4617,2025-03-04,Carrot,1.0,790.0,East,CUST0312,Transfer,Pending,790.0
1094,2025-01-28,Maggi,2.0,550.0,North,CUST0088,POS,Completed,1100.0
5270,2025-01-03,Pepper,1.0,640.0,East,CUST0545,Transfer,Completed,640.0
5411,2025-01-01,Sugar,9.0,1250.0,East,CUST0500,Transfer,Completed,11250.0
6016,2025-06-26,Soft Drink,8.0,770.0,South,CUST0298,Cash,Completed,6160.0
1646,2025-09-16,Juice,1.0,1500.0,South,CUST0152,Transfer,Completed,1500.0
5848,2025-09-30,Water,4.0,520.0,East,CUST0363,Cash,Completed,2080.0
3275,2025-08-17,Eggs,2.0,2270.0,North,CUST0169,Cash,Completed,4540.0
3939,2025-12-17,Groundnut Oil,6.0,2220.0,East,Unknown,Transfer,Pending,13320.0
3040,2025-10-20,Toilet Roll,5.0,960.0,North,CUST0418,Transfer,Unknown,4800.0
3279,2025-09-15,Coffee,3.0,1850.0,North,CUST0049,Transfer,Returned,5550.0
3754,2025-01-24,Water,7.0,500.0,South,CUST0165,Transfer,Completed,3500.0
2340,2025-05-21,Bread,8.0,1020.0,South,CUST0540,Transfer,Pending,8160.0
3343,2025-04-10,Toilet Roll,5.0,1040.0,North,CUST0234,Transfer,Returned,5200.0
2594,2025-08-30,Toilet Roll,2.0,870.0,West,CUST0585,Cash,Completed,1740.0
2945,2025-04-14,Toilet Roll,2.0,880.0,North,CUST0544,Transfer,Completed,1760.0
3895,2025-09-28,Soft Drink,4.0,840.0,West,CUST0382,Cash,Completed,3360.0
3561,2025-01-12,Soft Drink,4.0,840.0,West,CUST0633,Transfer,Completed,3360.0
3163,2025-08-21,Maggi,3.0,530.0,West,CUST0105,Transfer,Completed,1590.0
1536,2025-01-19,Tea,5.0,1140.0,South,CUST0153,Transfer,Completed,5700.0
1897,2025-04-12,Yam,7.0,1570.0,South,CUST0387,POS,Returned,10990.0
4571,2025-03-02,Water,7.0,450.0,West,CUST0219,Cash,Completed,3150.0
2927,2025-03-23,Pepper,5.0,730.0,East,CUST0104,Transfer,Pending,3650.0
1658,2025-04-06,Milk,2.0,1440.0,East,CUST0041,Transfer,Completed,2880.0
3810,2025-08-25,Juice,5.0,1430.0,West,CUST0384,Cash,Completed,7150.0
5522,2025-05-13,Toilet Roll,10.0,1030.0,South,CUST0571,Cash,Completed,10300.0
5564,2025-09-18,Milk,8.0,1230.0,West,CUST0443,POS,Pending,9840.0
1884,2025-05-01,Cabbage,10.0,730.0,East,CUST0180,Transfer,Completed,7300.0
2399,2025-01-19,Butter,11.0,1940.0,South,CUST0117,Transfer,Pending,21340.0
3316,2025-08-21,Juice,9.0,1330.0,West,CUST0130,Transfer,Completed,11970.0
6007,2025-01-18,Pepper,5.0,760.0,East,CUST0348,Unknown,Returned,3800.0
1753,2025-02-14,Bread,8.0,870.0,West,CUST0114,Cash,Completed,6960.0
5452,2025-04-21,Sugar,5.0,1390.0,Unknown,CUST0529,Transfer,Completed,6950.0
3826,2025-10-22,Milk,2.0,1230.0,West,CUST0552,Cash,Completed,2460.0
4747,2025-05-13,Sugar,6.0,1240.0,South,CUST0196,Cash,Completed,7440.0
4392,2025-08-18,Soft Drink,5.0,720.0,West,CUST0139,Transfer,Completed,3600.0
4663,2025-09-10,Toilet Roll,2.0,850.0,West,CUST0408,Cash,Completed,1700.0
4532,2025-09-15,Detergent,1.0,2010.0,North,CUST0332,Transfer,Completed,2010.0
2680,2025-11-10,Rice,4.0,1860.0,West,CUST0423,Transfer,Completed,7440.0
3758,2025-12-07,Detergent,6.0,1650.0,South,CUST0326,Unknown,Completed,9900.0
5603,2025-06-06,Soft Drink,5.0,800.0,West,CUST0607,Transfer,Pending,4000.0
4414,2025-06-18,Tea,6.0,1200.0,Unknown,CUST0429,Transfer,Completed,7200.0
2599,2025-05-21,Groundnut Oil,1.0,2590.0,Unknown,CUST0263,Transfer,Completed,2590.0
2940,2025-04-06,Cabbage,7.0,790.0,South,CUST0332,Transfer,Pending,5530.0
3681,2025-01-01,Pepper,8.0,770.0,East,CUST0063,Transfer,Completed,6160.0
3741,2025-08-15,Cabbage,6.0,760.0,South,CUST0635,Cash,Returned,4560.0
3907,2025-08-29,Toothpaste,2.0,1250.0,South,CUST0336,POS,Completed,2500.0
5766,2025-11-03,Toilet Roll,4.0,920.0,South,CUST0148,Cash,Completed,3680.0
2103,2025-08-07,Sugar,3.0,1300.0,South,CUST0601,Transfer,Completed,3900.0
3252,2025-01-22,Water,5.0,520.0,EAST,CUST0411,Cash,Completed,2600.0
4057,2025-04-29,Butter,5.0,1740.0,North,CUST0366,Transfer,Completed,8700.0
2095,2025-03-11,Pepper,6.0,650.0,West,CUST0005,Transfer,Completed,3900.0
2059,2025-09-01,Maggi,2.0,520.0,North,CUST0602,Transfer,Completed,1040.0
1887,2025-01-11,Yam,5.0,1810.0,East,CUST0056,Cash,Pending,9050.0
4845,2025-12-05,Yam,6.0,1680.0,West,CUST0047,Transfer,Pending,10080.0
2596,2025-11-01,Water,7.0,490.0,North,CUST0235,POS,Completed,3430.0
5258,2025-01-06,Tea,2.0,1130.0,North,Unknown,Transfer,Returned,2260.0
1542,2025-05-15,Eggs,5.0,2180.0,South,CUST0388,Transfer,Completed,10900.0
2327,2025-12-15,Bread,1.0,900.0,East,CUST0225,Transfer,Pending,900.0
2878,2025-04-23,Pepper,2.0,810.0,South,CUST0209,Cash,Completed,1620.0
2314,2025-06-05,Beans,1.0,1410.0,South,CUST0277,Cash,Returned,1410.0
4564,2025-05-10,Water,4.0,500.0,North,CUST0630,POS,Completed,2000.0
3552,2025-06-28,Coffee,9.0,1970.0,East,CUST0542,Cash,Completed,17730.0
4550,2025-03-20,Maggi,7.0,490.0,East,CUST0175,POS,Pending,3430.0
3544,2025-10-04,Sugar,3.0,1390.0,West,CUST0099,Transfer,Completed,4170.0
6068,2025-06-16,Carrot,5.0,920.0,South,CUST0502,Transfer,Completed,4600.0
4403,2025-09-01,Coffee,6.0,2040.0,North,CUST0381,Cash,Completed,12240.0
3622,2025-02-10,Juice,1.0,1720.0,West,CUST0588,POS,Unknown,1720.0
5348,2025-10-25,Groundnut Oil,3.0,2210.0,East,CUST0541,Transfer,Completed,6630.0
6036,2025-03-14,Yam,2.0,1500.0,West,CUST0631,Transfer,Completed,3000.0
3531,2025-12-27,Coffee,8.0,1750.0,East,CUST0182,Unknown,Completed,14000.0
2049,2025-08-28,Toothpaste,6.0,1210.0,East,CUST0321,POS,Completed,7260.0
4792,2025-11-17,Soft Drink,4.0,740.0,East,CUST0237,Transfer,Completed,2960.0
2510,2025-12-18,Water,8.0,400.0,South,CUST0160,Cash,Completed,3200.0
2475,2025-03-04,Toilet Roll,2.0,900.0,East,CUST0040,POS,Completed,1800.0
1351,2025-02-17,Rice,6.0,1870.0,North,CUST0065,POS,Completed,11220.0
4912,2025-01-01,Juice,1.0,1520.0,East,Unknown,Cash,Completed,1520.0
5131,2025-03-01,Juice,2.0,1490.0,North,CUST0038,POS,Completed,2980.0
4072,2025-01-15,Tea,7.0,1100.0,North,CUST0031,Cash,Completed,7700.0
2496,2025-11-17,Eggs,1.0,2180.0,East,CUST0483,POS,Completed,2180.0
ORD-8347,2025-09-21,Groundnut Oil,2.0,2750.0,North,CUST0606,POS,Completed,5500.0
1227,2025-05-16,Juice,6.0,1640.0,South,CUST0633,Cash,Completed,9840.0
2918,2025-05-13,Detergent,5.0,1810.0,North,CUST0647,Cash,Completed,9050.0
4472,2025-07-30,Butter,4.0,1600.0,East,CUST0038,Transfer,Completed,6400.0
4729,2025-06-27,Toilet Roll,4.0,980.0,West,CUST0246,POS,Completed,3920.0
4959,2025-04-18,Sugar,6.0,1530.0,West,CUST0443,POS,Completed,9180.0
4298,2025-03-23,Juice,2.0,1500.0,South,CUST0528,POS,Completed,3000.0
2456,2025-08-18,Yam,4.0,1660.0,West,CUST0549,Transfer,Completed,6640.0
5715,2025-05-08,Detergent,3.0,2020.0,West,CUST0241,POS,Completed,6060.0
2113,2025-06-22,Tomato Paste,3.0,730.0,North,CUST0246,POS,Completed,2190.0
1455,2025-06-19,Tomato Paste,3.0,680.0,South,CUST0121,Cash,Pending,2040.0
2972,2025-11-05,Toilet Roll,5.0,820.0,East,CUST0098,POS,Completed,4100.0
4591,2025-11-17,Eggs,6.0,2040.0,West,CUST0387,Transfer,Completed,12240.0
2825,2025-12-12,Detergent,5.0,1720.0,South,CUST0089,Cash,Pending,8600.0
4216,2025-07-18,Rice,7.0,1710.0,South,CUST0403,Transfer,Completed,11970.0
2137,2025-08-15,Butter,6.0,1730.0,West,CUST0215,Unknown,Completed,10380.0
4854,2025-08-27,Butter,2.0,2040.0,North,Unknown,POS,Pending,4080.0
4947,2025-05-10,Soft Drink,4.0,900.0,West,CUST0105,Transfer,Completed,3600.0
2987,2025-12-15,Toilet Roll,3.0,960.0,West,CUST0212,Transfer,Completed,2880.0
6033,2025-12-31,Beans,9.0,1310.0,East,CUST0303,Transfer,Completed,11790.0
3749,2025-06-18,Soft Drink,2.0,830.0,East,CUST0004,Transfer,Pending,1660.0
5268,2025-05-21,Carrot,7.0,950.0,West,CUST0475,Transfer,Completed,6650.0
3422,2025-06-08,Pepper,2.0,770.0,South,CUST0581,Transfer,Completed,1540.0
4666,2025-01-04,Groundnut Oil,1.0,2140.0,East,CUST0580,Transfer,Completed,2140.0
5332,2025-11-05,Butter,1.0,1720.0,South,CUST0303,POS,Completed,1720.0
4221,2025-07-31,Rice,5.0,2130.0,South,CUST0335,Transfer,Returned,10650.0
4006,2025-12-07,Detergent,9.0,2000.0,North,CUST0336,POS,Unknown,18000.0
2787,2025-12-31,Eggs,2.0,2350.0,East,CUST0486,Transfer,Completed,4700.0
5774,2025-11-13,Pepper,8.0,660.0,East,CUST0629,Transfer,Pending,5280.0
4465,2025-10-28,Butter,3.0,1680.0,South,CUST0260,POS,Pending,5040.0
2536,2025-05-13,Juice,2.0,1660.0,south,CUST0446,Transfer,Completed,3320.0
1108,2025-07-05,Toilet Roll,5.0,920.0,South,CUST0053,Transfer,Completed,4600.0
1479,2025-03-09,Bread,6.0,850.0,West,CUST0107,Transfer,Completed,5100.0
5353,2025-01-04,Coffee,3.0,2100.0,North,CUST0310,Transfer,Completed,6300.0
2305,2025-02-08,Maggi,5.0,530.0,South,CUST0326,POS,Completed,2650.0
5234,2025-05-10,Butter,1.0,1770.0,EASTERN,CUST0508,Transfer,Completed,1770.0
4512,2025-03-16,Bread,5.0,860.0,North,CUST0191,POS,Pending,4300.0
4081,2025-03-07,Detergent,3.0,1570.0,North,CUST0391,POS,Unknown,4710.0
5392,2025-05-07,Carrot,4.0,910.0,East,CUST0339,Cash,Unknown,3640.0
5933,2025-09-28,Cabbage,6.0,800.0,North,CUST0543,Transfer,Completed,4800.0
3175,2025-03-10,Bread,7.0,940.0,East,CUST0562,Transfer,Completed,6580.0
5645,2025-08-21,Tea,5.0,1040.0,SOUTH,CUST0424,Transfer,Completed,5200.0
4565,2025-12-04,Milk,3.0,1290.0,West,CUST0178,Transfer,Completed,3870.0
4464,2025-11-10,Carrot,3.0,820.0,West,CUST0293,POS,Completed,2460.0
3033,2025-07-12,Juice,6.0,1550.0,East,CUST0641,Cash,Completed,9300.0
5863,2025-01-09,Yam,5.0,1660.0,South,CUST0564,Transfer,Completed,8300.0
5975,2025-03-21,BREAD,8.0,990.0,South,CUST0106,Transfer,Completed,7920.0
2837,2025-09-13,Beans,3.0,1290.0,South,CUST0393,POS,Completed,3870.0
1464,2025-08-22,Yam,6.0,1680.0,North,CUST0445,POS,Returned,10080.0
5992,2025-09-30,Cabbage,4.0,860.0,North,CUST0095,Transfer,Completed,3440.0
3504,2025-03-29,Detergent,2.0,1650.0,West,CUST0048,Transfer,Completed,3300.0
3657,2025-01-17,Beans,5.0,1590.0,West,CUST0401,POS,Completed,7950.0
2403,2025-05-15,Pepper,7.0,15000.0,East,CUST0350,Cash,Completed,105000.0
2037,2025-11-11,Maggi,1.0,510.0,North,CUST0511,Cash,Completed,510.0
4435,2025-06-18,Toothpaste,3.0,1210.0,West,CUST0349,POS,Completed,3630.0
5647,2025-03-21,Unknown,2.0,1810.0,East,CUST0017,Cash,Completed,3620.0
1671,2025-01-08,Tomato Paste,9.0,740.0,West,CUST0208,POS,Completed,6660.0
2495,2025-01-18,Eggs,5.0,2230.0,South,CUST0045,POS,Completed,11150.0
5323,2025-05-14,Tomato Paste,5.0,740.0,North,CUST0220,POS,Pending,3700.0
4869,2025-03-22,Juice,2.0,1400.0,North,CUST0290,Transfer,Pending,2800.0
1494,2025-12-11,Water,5.0,490.0,South,CUST0469,Cash,Returned,2450.0
3410,2025-12-08,Carrot,1.0,870.0,West,CUST0252,Transfer,Completed,870.0
1335,2025-12-28,Maggi,7.0,570.0,East,CUST0138,Transfer,Completed,3990.0
5543,2025-01-31,Soft Drink,4.0,740.0,South,CUST0088,POS,Returned,2960.0
3835,2025-08-26,Sugar,4.0,1530.0,North,CUST0489,POS,Pending,6120.0
1235,2025-12-11,Water,4.0,460.0,East,CUST0442,Transfer,Completed,1840.0
4932,2025-03-21,Unknown,3.0,2420.0,South,CUST0138,Transfer,Pending,7260.0
2640,2025-03-24,Coffee,4.0,1720.0,South,CUST0496,POS,Completed,6880.0
3844,2025-02-02,Eggs,6.0,2420.0,East,CUST0610,Transfer,Completed,14520.0
2742,2025-01-28,Unknown,3.0,1670.0,North,CUST0208,Cash,Returned,5010.0
2772,2025-04-27,Tea,5.0,980.0,North,CUST0420,Cash,Completed,4900.0
4826,2025-12-20,Tea,1.0,1030.0,East,CUST0463,Transfer,Completed,1030.0
4305,2025-02-05,Juice,10.0,1380.0,North,CUST0406,Transfer,Completed,13800.0
2783,2025-09-01,Water,7.0,470.0,North,CUST0200,Transfer,Returned,3290.0
2809,2025-04-16,Bread,2.0,990.0,North,CUST0220,POS,Pending,1980.0
2829,2025-01-03,Juice,3.0,1550.0,West,CUST0233,Cash,Pending,4650.0
6092,2025-05-06,Toilet Roll,2.0,790.0,East,CUST0564,POS,Completed,1580.0
3205,2025-02-16,Eggs,4.0,2100.0,East,CUST0558,Transfer,Completed,8400.0
2735,2025-08-16,Groundnut Oil,10.0,2420.0,North,CUST0334,Cash,Completed,24200.0
1520,2025-06-19,Groundnut Oil,1.0,2160.0,Unknown,CUST0258,Cash,Completed,2160.0
1503,2025-12-16,Yam,3.0,1780.0,North,CUST0209,POS,Completed,5340.0
2862,2025-06-05,Pepper,8.0,730.0,North,CUST0482,Cash,Unknown,5840.0
3204,2025-04-17,Beans,1.0,1650.0,South,CUST0568,Transfer,Completed,1650.0
4503,2025-02-12,Maggi,10.0,570.0,East,CUST0024,Unknown,Completed,5700.0
4697,2025-06-21,Coffee,4.0,1850.0,East,CUST0227,Transfer,Returned,7400.0
1457,2025-06-02,Toilet Roll,4.0,1010.0,West,CUST0141,POS,Completed,4040.0
2437,2025-06-10,Soft Drink,1.0,770.0,East,CUST0295,Transfer,Completed,770.0
5398,2025-03-16,Yam,8.0,1760.0,South,CUST0267,Cash,Completed,14080.0
2124,2025-10-22,Coffee,7.0,2040.0,North,CUST0387,POS,Completed,14280.0
2017,2025-07-25,Cabbage,1.0,850.0,West,CUST0614,POS,Completed,850.0
2318,2025-10-13,Carrot,8.0,810.0,West,CUST0080,Transfer,Completed,6480.0
3176,2025-05-16,Beans,7.0,1470.0,South,CUST0532,Cash,Pending,10290.0
2855,2025-10-11,Cabbage,5.0,800.0,East,CUST0150,Cash,Pending,4000.0
5111,2025-02-16,Eggs,4.0,2100.0,East,CUST0632,Cash,Completed,8400.0
4497,2025-06-01,Tea,1.0,990.0,South,CUST0091,Transfer,Completed,990.0
4819,2025-10-14,Water,2.0,450.0,West,CUST0114,Transfer,Completed,900.0
4289,2025-09-20,Rice,7.0,1670.0,West,CUST0440,Cash,Completed,11690.0
2956,2025-07-05,Sugar,1.0,1540.0,North,CUST0556,Cash,Completed,1540.0
5908,2025-01-23,Tomato Paste,6.0,720.0,West,CUST0399,POS,Completed,4320.0
3759,2025-04-06,Rice,8.0,1780.0,East,CUST0309,Cash,Completed,14240.0
3729,2025-07-18,Water,8.0,420.0,North,CUST0632,POS,Returned,3360.0
2628,2025-12-22,Butter,4.0,1600.0,West,CUST0301,Transfer,Completed,6400.0
2960,2025-07-18,Sugar,7.0,1390.0,North,CUST0019,POS,Completed,9730.0
6084,2025-02-08,Yam,3.0,1620.0,West,CUST0623,POS,Completed,4860.0
4080,2025-08-11,Carrot,8.0,780.0,South,CUST0054,Transfer,Completed,6240.0
4950,2025-05-26,Sugar,3.0,1520.0,North,CUST0429,Transfer,Completed,4560.0
5310,2025-08-26,Eggs,5.0,1960.0,Unknown, CUST0507 ,Cash,Completed,9800.0
1075,2025-05-07,rice,2.0,1640.0,West,Unknown,Transfer,Completed,3280.0
3025,2025-08-13,BREAD,7.0,980.0,North,CUST0059,Cash,Completed,6860.0
4925,2025-07-25,Toilet Roll,2.0,980.0,North,CUST0455,Transfer,Completed,1960.0
4840,2025-02-14,Bread,2.0,920.0,West,CUST0333,Transfer,Completed,1840.0
4037,2025-02-06,Eggs,5.0,2110.0,South,CUST0322,Transfer,Completed,10550.0
5852,2025-07-17,Yam,2.0,1550.0,South,CUST0014,Transfer,Completed,3100.0
4067,2025-09-07,Water,3.0,510.0,East,CUST0435,Transfer,Completed,1530.0
3640,2025-11-11,Eggs,4.0,2300.0,North,CUST0360,Transfer,Completed,9200.0
5835,2025-06-13,Eggs,4.0,2340.0,South,CUST0405,Transfer,Pending,9360.0
3376,2025-12-22,Rice,2.0,1820.0,West,CUST0080,Transfer,Returned,3640.0
5783,2025-08-12,Beans,5.0,1610.0,West,CUST0354,Transfer,Completed,8050.0
5824,2025-03-30,Beans,6.0,1520.0,East,CUST0231,Cash,Completed,9120.0
2660,2025-11-03,Soft Drink,8.0,760.0,South,CUST0443,Transfer,Completed,6080.0
2045,2025-06-20,Tea,2.0,1070.0,North,CUST0282,Transfer,Completed,2140.0
3230,2025-07-02,Groundnut Oil,4.0,2610.0,West,CUST0585,POS,Returned,10440.0
5335,2025-01-23,Tea,3.0,1240.0,South,CUST0491,Cash,Completed,3720.0
4116,2025-09-10,Cabbage,9.0,720.0,Unknown,CUST0347,Cash,Completed,6480.0
4485,2025-03-27,Maggi,9.0,470.0,South,CUST0232,POS,Returned,4230.0
2392,2025-05-02,Beans,2.0,1510.0,West,CUST0423,Cash,Returned,3020.0
2575,2025-12-22,Butter,2.0,1890.0,South,CUST0264,Cash,Completed,3780.0
4833,2025-02-21,rice,3.0,1970.0,South,CUST0417,Transfer,Completed,5910.0
4977,2025-01-13,Tomato Paste,5.0,680.0,West,CUST0061,Transfer,Returned,3400.0
3353,2025-02-10,Beans,3.0,1410.0,West,CUST0356,POS,Completed,4230.0
1021,2025-10-04,Tea,7.0,1180.0, North ,CUST0409,POS,Completed,8260.0
1082,2025-08-27,Detergent,4.0,1900.0,North,CUST0331,POS,Pending,7600.0
2253,2025-11-29,Groundnut Oil,9.0,2740.0,South,CUST0041,Transfer,Completed,24660.0
3357,2025-01-05,Beans,12.0,1390.0,West,CUST0312,POS,Completed,16680.0
6113,2025-06-15,Beans,5.0,1410.0,North,CUST0117,Transfer,Completed,7050.0
2227,2025-07-16,Coffee,4.0,1990.0,South,CUST0546,Cash,Completed,7960.0
5620,2025-07-28,Cabbage,4.0,760.0,West,CUST0595,Transfer,Pending,3040.0
2091,2025-08-18,Juice,11.0,1400.0,South,CUST0082,POS,Completed,15400.0
3940,2025-01-04,Maggi,4.0,570.0,North,CUST0286,Transfer,Completed,2280.0
5635,2025-09-01,Water,10.0,510.0,North,CUST0413,Transfer,Completed,5100.0
5496,2025-09-19,Bread,7.0,880.0,North,CUST0609,Transfer,Pending,6160.0
5347,2025-10-26,Yam,6.0,1840.0,South,CUST0339,Cash,Completed,11040.0
4065,2025-01-13,Cabbage,10.0,890.0,North,CUST0299,POS,Pending,8900.0
5454,2025-12-16,Groundnut Oil,8.0,2330.0,West,CUST0123,Transfer,Completed,18640.0
5837,2025-12-29,BEANS,9.0,1620.0,Unknown,CUST0609,Transfer,Completed,14580.0
5333,2025-11-13,Carrot,5.0,830.0,West,CUST0485,Transfer,Completed,4150.0
1644,2025-11-21,Rice,7.0,1830.0,North,CUST0537,Transfer,Completed,12810.0
4347,2025-03-16,Beans,3.0,1610.0,South,CUST0305,Transfer,Pending,4830.0
3440,2025-07-23,Detergent,1.0,1560.0,South,CUST0047,Cash,Completed,1560.0
3918,2025-10-30,Milk,2.0,1270.0,West,CUST0471,Transfer,Completed,2540.0
6070,2025-06-02,SOFT DRINK,7.0,890.0,North,CUST0426,Cash,Returned,6230.0
4144,2025-03-24,Rice,11.0,1900.0,East,CUST0297,Transfer,Completed,20900.0
5194,2025-09-21,Coffee,2.0,2210.0,East,CUST0216,Transfer,Completed,4420.0
3789,2025-08-11,Toothpaste,3.0,1060.0,South,CUST0373,POS,Pending,3180.0
3797,2025-07-21,Coffee,9.0,2040.0,West,CUST0008,POS,Completed,18360.0
ORD-3496,2025-04-16,Eggs,12.0,2150.0,North,CUST0593,POS,Completed,25800.0
4999,2025-02-14,Tomato Paste,2.0,620.0,West,CUST0119,POS,Completed,1240.0
3592,2025-01-29,Milk,3.0,1120.0,Unknown,CUST0372,Transfer,Completed,3360.0
2819,2025-07-31,Groundnut Oil,2.0,2120.0,East,Unknown,POS,Pending,4240.0
4539,2025-08-14,Cabbage,4.0,780.0,East,CUST0052,Cash,Completed,3120.0
5640,2025-07-07,Toilet Roll,2.0,980.0,South,CUST0406,Cash,Completed,1960.0
4257,2025-03-26,Beans,3.0,1630.0,North,CUST0308,Transfer,Returned,4890.0
5293,2025-02-27,Carrot,6.0,800.0,East,CUST0509,POS,Completed,4800.0
4507,2025-07-15,Water,8.0,470.0,South,CUST0150,Transfer,Completed,3760.0
1361,2025-11-29,Soft Drink,2.0,780.0,West,CUST0644,Cash,Pending,1560.0
4551,2025-06-14,Carrot,6.0,950.0,West,CUST0571,Unknown,Completed,5700.0
1276,2025-01-17,Bread,7.0,950.0,East,CUST0247,Transfer,Completed,6650.0
5658,2025-10-04,Tomato Paste,7.0,680.0,West,CUST0485,POS,Completed,4760.0
5520,2025-12-28,Bread,4.0,890.0,South,CUST0059,Transfer,Completed,3560.0
1934,2025-09-07,Soft Drink,3.0,890.0,North,CUST0405,POS,Completed,2670.0
5977,2025-11-08,Juice,9.0,1610.0,West,CUST0525,Cash,Completed,14490.0
1345,2025-12-30,Carrot,5.0,850.0,West,Unknown,POS,Pending,4250.0
4750,2025-03-04,Eggs,5.0,1990.0,South,CUST0007,Transfer,Completed,9950.0
3799,2025-01-30,Juice,4.0,1460.0,South,CUST0321,Unknown,Completed,5840.0
5505,2025-10-01,Milk,3.0,1390.0,North,CUST0215,Transfer,Pending,4170.0
1738,2025-05-29,Yam,2.0,1720.0,North,CUST0578,Transfer,Completed,3440.0
4110,2025-07-27,Carrot,8.0,770.0,West,CUST0393,POS,Completed,6160.0
3487,2025-12-28,Toilet Roll,5.0,840.0,North,CUST0644,Cash,Completed,4200.0
6112,2025-10-03,Maggi,8.0,470.0,West,CUST0609,Transfer,Pending,3760.0
3637,2025-09-07,Butter,4.0,1800.0,East,CUST0270,Cash,Completed,7200.0
4118,2025-04-19,Eggs,10.0,2020.0,North,CUST0513,Cash,Completed,20200.0
2497,2025-03-30,Detergent,4.0,1970.0,East,CUST0040,Transfer,Completed,7880.0
6020,2025-03-02,Cabbage,4.0,690.0,Unknown,CUST0517,Transfer,Completed,2760.0
5299,2025-05-31,Beans,2.0,1470.0,North,CUST0338,Cash,Completed,2940.0
3432,2025-04-02,Maggi,6.0,450.0,West,CUST0328,Cash,Pending,2700.0
2556,2025-11-03,Tomato Paste,3.0,710.0,East,CUST0649,POS,Completed,2130.0
2139,2025-03-28,Maggi,9.0,450.0,South,CUST0184,POS,Completed,4050.0
2199,2025-01-12,Toilet Roll,2.0,860.0,West,CUST0297,Transfer,Completed,1720.0
2041,2025-06-01,Milk,4.0,1220.0,East,CUST0477,Cash,Completed,4880.0
3089,2025-12-08,Rice,8.0,1850.0,South,CUST0399,Transfer,Completed,14800.0
2693,2025-12-25,Juice,10.0,1480.0,South,CUST0391,Cash,Completed,14800.0
1409,2025-02-26,Butter,8.0,2020.0,East,CUST0383,Cash,Completed,16160.0
2540,2025-03-16,Butter,5.0,1800.0,North,CUST0354,POS,Completed,9000.0
2259,2025-06-25,Unknown,12.0,710.0,South,CUST0118,Transfer,Completed,8520.0
2484,2025-02-09,Tea,5.0,1000.0,Unknown,CUST0287,Transfer,Completed,5000.0
5585,2025-10-29,Toothpaste,8.0,1250.0,East,CUST0412,Cash,Completed,10000.0
1238,2025-10-13,Pepper,10.0,760.0,West,Unknown,Cash,Completed,7600.0
2933,2025-12-25,Water,4.0,460.0,West,CUST0291,Transfer,Pending,1840.0
2879,2025-02-16,Sugar,5.0,1420.0,North,CUST0498,Transfer,Completed,7100.0
3392,2025-03-07,Carrot,6.0,770.0,North,CUST0199,Transfer,Pending,4620.0
1499,2025-11-20,Toothpaste,2.0,1130.0,North,CUST0354,Unknown,Completed,2260.0
2014,2025-02-07,Coffee,7.0,2050.0,East,CUST0641,Transfer,Completed,14350.0
1641,2025-10-19,Cabbage,9.0,850.0,North,CUST0495,Transfer,Pending,7650.0
4183,2025-08-24,Yam,7.0,1630.0,West,CUST0331,POS,Pending,11410.0
1937,2025-08-05,Detergent,1.0,1620.0,west,CUST0456,POS,Completed,1620.0
5162,2025-07-13,Carrot,2.0,870.0,South,CUST0303,Transfer,Completed,1740.0
1164,2025-09-20,Tea,2.0,1100.0,North,CUST0608,Cash,Completed,2200.0
3564,2025-05-26,Juice,4.0,1350.0,West,CUST0623,POS,Pending,5400.0
5210,2025-02-23,Tea,2.0,1230.0,West,CUST0404,Transfer,Completed,2460.0
4338,2025-07-03,Carrot,3.0,910.0,South,CUST0033,POS,Completed,2730.0
4413,2025-10-15,Beans,12.0,1520.0,West,CUST0111,Cash,Completed,18240.0
4156,2025-03-16,Yam,8.0,1490.0,east,CUST0467,Transfer,Completed,11920.0
4353,2025-10-27,MAGGI,2.0,530.0,South,CUST0620,Transfer,Pending,1060.0
2587,2025-10-05,Bread,5.0,1000.0,North,CUST0583,Transfer,Unknown,5000.0
3709,2025-06-29,Coffee,5.0,1950.0,South,CUST0420,Cash,Completed,9750.0
5708,2025-10-29,Water,5.0,420.0,North,CUST0537,Cash,Completed,2100.0
4139,2025-05-13,Unknown,4.0,1200.0,North,CUST0310,Cash,Unknown,4800.0
4510,2025-08-22,Water,1.0,420.0,West,CUST0032,Transfer,Completed,420.0
4884,2025-07-24,Coffee,5.0,2110.0,West,CUST0435,POS,Completed,10550.0
6015,2025-07-20,Tomato Paste,3.0,730.0,Unknown,CUST0217,Transfer,Returned,2190.0
2125,2025-12-01,Cabbage,5.0,810.0,South,CUST0239,Transfer,Completed,4050.0
3801,2025-06-08,Groundnut Oil,5.0,2300.0,East,CUST0016,Transfer,Completed,11500.0
5096,2025-12-17,Maggi,6.0,460.0,East,CUST0406,Transfer,Pending,2760.0
3589,2025-05-19,Tomato Paste,5.0,670.0,West,CUST0633,Transfer,Completed,3350.0
2052,2025-12-20,Cabbage,5.0,760.0,East,CUST0582,POS,Returned,3800.0
5180,2025-07-07,Pepper,2.0,760.0,West,Unknown,POS,Completed,1520.0
4179,2025-07-13,Rice,1.0,1650.0,North,CUST0431,Cash,Completed,1650.0
1290,2025-04-15,Pepper,3.0,700.0,West,CUST0150,Transfer,Completed,2100.0
4483,2025-10-10,Tea,5.0,1000.0,South,CUST0513,Transfer,Completed,5000.0
4434,2025-05-28,Carrot,2.0,810.0,West,CUST0393,POS,Returned,1620.0
4556,2025-10-21,Butter,6.0,1720.0,East,CUST0315,Cash,Completed,10320.0
2799,2025-02-11,Pepper,4.0,760.0,South,CUST0411,Cash,Completed,3040.0
1089,2025-03-03,Pepper,6.0,800.0,West,CUST0197,Transfer,Completed,4800.0
5346,2025-04-28,Juice,7.0,1710.0,East,CUST0645,POS,Completed,11970.0
5600,2025-11-13,Unknown,4.0,730.0,West,CUST0556,Cash,Completed,2920.0
1985,2025-10-05,Bread,2.0,870.0,North,CUST0092,Transfer,Returned,1740.0
2263,2025-08-03,Groundnut Oil,4.0,2560.0,North,CUST0189,POS,Completed,10240.0
4823,2025-11-10,Detergent,6.0,1910.0,West,CUST0645,Transfer,Completed,11460.0
3465,2025-03-03,Sugar,5.0,1320.0,East,CUST0358,Cash,Completed,6600.0
2352,2025-07-01,Groundnut Oil,4.0,2390.0,South,Unknown,Transfer,Completed,9560.0
3319,2025-06-21,Carrot,4.0,980.0,Unknown,CUST0472,Cash,Completed,3920.0
2508,2025-04-26,Tomato Paste,8.0,620.0,West,CUST0182,POS,Completed,4960.0
1482,2025-01-07,Pepper,6.0,750.0,West,CUST0347,Cash,Completed,4500.0
3765,2025-09-01,Toilet Roll,5.0,890.0,East,CUST0270,Cash,Returned,4450.0
3281,2025-02-27,Milk,2.0,1170.0,South,CUST0293,POS,Completed,2340.0
1246,2025-06-16,Toothpaste,12.0,1220.0,South,CUST0322,POS,Completed,14640.0
2528,2025-11-09,Rice,5.0,1830.0,East,CUST0236,Transfer,Completed,9150.0
3695,2025-12-19,Milk,4.0,1420.0,West,Unknown,Transfer,Returned,5680.0
1725,2025-08-11,Yam,6.0,1820.0,East,CUST0597,Transfer,Returned,10920.0
2446,2025-07-12,Juice,8.0,1410.0,West,CUST0272,POS,Completed,11280.0
5521,2025-04-29,Water,75.0,520.0,North,CUST0253,Cash,Completed,39000.0
4960,2025-03-06,Yam,7.0,1820.0,South,CUST0559,Transfer,Returned,12740.0
4247,2025-02-22,Maggi,4.0,520.0,West,CUST0496,Cash,Completed,2080.0
1438,2025-06-14,Groundnut Oil,3.0,2390.0,East,CUST0193,Transfer,Pending,7170.0
4656,2025-01-03,Detergent,1.0,1580.0,East,Unknown,Cash,Completed,1580.0
3735,2025-10-29,Soft Drink,5.0,790.0,South,UNKNOWN,POS,Completed,3950.0
5793,2025-12-24,Toilet Roll,1.0,990.0,North,CUST0079,Cash,Pending,990.0
1460,2025-09-08,Sugar,7.0,1480.0,West,CUST0630,Transfer,Completed,10360.0
3078,2025-05-31,Coffee,7.0,2140.0,South,CUST0414,Cash,Returned,14980.0
1366,2025-11-01,Water,1.0,510.0,East,CUST0370,POS,Completed,510.0
5782,2025-12-05,Eggs,2.0,2260.0,South,CUST0256,Transfer,Completed,4520.0
4025,2025-12-03,Bread,3.0,970.0,South,CUST0274,POS,Completed,2910.0
2358,2025-03-11,Detergent,2.0,1870.0,West,CUST0309,Cash,Completed,3740.0
3468,2025-07-25,Detergent,3.0,1760.0,South,CUST0317,POS,Completed,5280.0
3854,2025-01-11,Cabbage,3.0,740.0,South,CUST0439,Transfer,Completed,2220.0
1162,2025-06-16,Yam,7.0,1660.0,East,CUST0054,Transfer,Completed,11620.0
3173,2025-11-02,Maggi,4.0,510.0,South,CUST0116,Transfer,Completed,2040.0
1789,2025-11-06,Yam,2.0,1760.0,West,CUST0592,POS,Pending,3520.0
1341,2025-03-28,Yam,7.0,1660.0,South,CUST0563,Cash,Completed,11620.0
1248,2025-10-13,Eggs,3.0,2400.0,North,CUST0296,Cash,Completed,7200.0
2729,2025-07-18,Beans,7.0,1320.0,West,CUST0644,Transfer,Completed,9240.0
2817,2025-08-22,Coffee,8.0,2030.0,North,CUST0277,Unknown,Completed,16240.0
2296,2025-06-28,Milk,6.0,1330.0,South,CUST0508,Transfer,Returned,7980.0
2741,2025-09-07,Butter,3.0,2050.0,East,CUST0100,POS,Completed,6150.0
2624,2025-07-04,Toilet Roll,4.0,920.0,South,CUST0017,Transfer,Pending,3680.0
4799,2025-11-18,Water,11.0,420.0,East,CUST0160,Transfer,Completed,4620.0
4926,2025-11-13,Juice,5.0,1500.0,West,CUST0265,Transfer,Completed,7500.0
1582,2025-08-23,Sugar,11.0,1450.0,Unknown,CUST0324,Cash,Completed,15950.0
3479,2025-05-19,Juice,8.0,1430.0,West,CUST0150,Transfer,Unknown,11440.0
3380,2025-09-25,Bread,5.0,970.0,East,CUST0375,Cash,Completed,4850.0
3260,2025-03-06,Water,2.0,470.0,North,CUST0382,Cash,Completed,940.0
4667,2025-12-09,Detergent,2.0,1840.0,North,CUST0076,Cash,Completed,3680.0
2156,2025-12-23,Water,5.0,490.0,West,CUST0430,POS,Completed,2450.0
1078,2025-07-23,Cabbage,10.0,730.0,West,CUST0105,Cash,Completed,7300.0
2665,2025-02-20,Water,5.0,410.0,West,CUST0370,Cash,Completed,2050.0
2438,2025-05-28,Sugar,10.0,1290.0,East,CUST0238,Cash,Completed,12900.0
2806,2025-11-15,Water,3.0,470.0,Noth,CUST0164,POS,Completed,1410.0
3194,2025-05-22,Butter,2.0,2060.0,North,CUST0553,Transfer,Completed,4120.0
3998,2025-03-14,Toilet Roll,9.0,820.0,South,CUST0539,Cash,Completed,7380.0
2212,2025-02-06,Butter,4.0,1810.0, South ,CUST0103,Cash,Completed,7240.0
1865,2025-05-07,Coffee,2.0,1890.0,East,CUST0068,Unknown,Completed,3780.0
4244,2025-06-13,Groundnut Oil,3.0,2150.0,East,CUST0640,Cash,Completed,6450.0
3165,2025-04-22,Groundnut Oil,9.0,2550.0,West,CUST0030,Transfer,Completed,22950.0
2578,2025-07-11,Toilet Roll,3.0,1030.0,West,CUST0538,Cash,Completed,3090.0
5767,2025-11-05,Carrot,9.0,790.0,West,CUST0520,Transfer,Completed,7110.0
3553,2025-07-27,Rice,10.0,1880.0,South,CUST0098,Cash,Completed,18800.0
2032,2025-02-26,Water,3.0,420.0,South,CUST0246,Transfer,Completed,1260.0
2470,2025-02-18,Milk,5.0,1170.0,South,CUST0608,Transfer,Completed,5850.0
5283,2025-07-08,Tea,8.0,1120.0,East,CUST0064,Cash,Completed,8960.0
4839,2025-09-12,Yam,12.0,1490.0,North,CUST0204,Cash,Completed,17880.0
2689,2025-12-23,Toothpaste,6.0,1170.0,Unknown,CUST0148,POS,Returned,7020.0
3922,2025-11-19,Detergent,1.0,1990.0,North,CUST0092,Cash,Completed,1990.0
5848,2025-09-30,Water,4.0,520.0,East,Unknown,Cash,Completed,2080.0
5062,2025-03-03,Toothpaste,5.0,1170.0,West,CUST0343,POS,Completed,5850.0
1154,2025-12-07,Pepper,3.0,800.0,South,CUST0069,Transfer,Completed,2400.0
5431,2025-01-27,Yam,11.0,1720.0,South,CUST0499,POS,Completed,18920.0
1165,2025-04-23,Beans,4.0,1520.0,East,CUST0210,Transfer,Completed,6080.0
1056,2025-10-19,Soft Drink,3.0,830.0,East,CUST0312,Transfer,Completed,2490.0
1201,2025-07-11,Unknown,3.0,690.0,East,CUST0354,Transfer,Completed,2070.0
1023,2025-04-23,Juice,1.0,1620.0,East,CUST0235,Transfer,Completed,1620.0
4858,2025-09-12,Coffee,5.0,2050.0,North,CUST0284,Transfer,Pending,10250.0
5488,2025-08-29,Tomato Paste,1.0,720.0,East,CUST0515,Cash,Pending,720.0
2268,2025-07-28,Maggi,3.0,540.0,South,CUST0129,Cash,Completed,1620.0
5724,2025-07-28,Bread,3.0,970.0,West,CUST0258,Cash,Completed,2910.0
4217,2025-07-08,Coffee,1.0,1790.0,West,CUST0287,Transfer,Completed,1790.0
4209,2025-09-22,Water,6.0,480.0,North,CUST0425,Transfer,Completed,2880.0
2044,2025-02-10,Water,7.0,510.0,East,CUST0122,Transfer,Completed,3570.0
4453,2025-05-08,Tomato Paste,4.0,620.0,West,CUST0417,POS,Pending,2480.0
1296,2025-01-31,Carrot,5.0,910.0,South,CUST0500,Transfer,Completed,4550.0
5776,2025-04-15,Soft Drink,5.0,790.0,West,CUST0051,Cash,Completed,3950.0
5418,2025-09-15,Eggs,2.0,1910.0,East,CUST0087,Transfer,Completed,3820.0
5212,2025-08-06,Toothpaste,1.0,1340.0,North,CUST0092,Cash,Returned,1340.0
3581,2025-03-06,Butter,2.0,2040.0,South,CUST0490,Transfer,Returned,4080.0
2588,2025-08-15,Bread,7.0,890.0,South,CUST0001,Transfer,Completed,6230.0
1214,2025-05-08,Eggs,11.0,1860.0,West,CUST0512,Cash,Pending,20460.0
3208,2025-06-20,Coffee,1.0,1740.0,North,Unknown,POS,Returned,1740.0
5419,2025-12-22,Carrot,6.0,960.0,West,CUST0595,Transfer,Pending,5760.0
4022,2025-04-30,Beans,11.0,1420.0,West,CUST0341,Cash,Completed,15620.0
5275,2025-10-02,Milk,2.0,1150.0,West,CUST0528,POS,Completed,2300.0
5094,2025-08-28,Soft Drink,9.0,860.0,West,CUST0217,Transfer,Completed,7740.0
6056,2025-06-30,Water,4.0,460.0,West,CUST0280,Transfer,Completed,1840.0
2242,2025-04-07,Yam,5.0,1690.0,East,CUST0247,Transfer,Returned,8450.0
1322,2025-10-26,Detergent,4.0,1790.0,South,CUST0557,Transfer,Returned,7160.0
3571,2025-04-08,Toothpaste,8.0,1330.0,North,CUST0495,Transfer,Pending,10640.0
2055,2025-04-01,Toothpaste,1.0,1290.0,south,CUST0028,Transfer,Completed,1290.0
1918,2025-09-03,Maggi,4.0,570.0,East,CUST0338,POS,Completed,2280.0
1294,2025-10-05,Sugar,12.0,1550.0,East,CUST0077,POS,Completed,18600.0
4788,2025-09-01,Butter,6.0,2080.0,South,CUST0408,POS,Completed,12480.0
1286,2025-02-07,Beans,2.0,1590.0,Unknown,CUST0491,Transfer,Pending,3180.0
1995,2025-10-01,Sugar,5.0,1300.0,South,CUST0126,POS,Completed,6500.0
3784,2025-04-26,Soft Drink,2.0,860.0,South,CUST0185,Cash,Completed,1720.0
3445,2025-12-20,Tea,12.0,1010.0,West,CUST0521,Transfer,Completed,12120.0
4016,2025-08-10,Unknown,5.0,1670.0,South,CUST0611,Cash,Pending,8350.0
3464,2025-06-18,CABBAGE,3.0,690.0,North,CUST0187,Transfer,Completed,2070.0
2295,2025-04-23,Butter,1.0,1930.0,West,CUST0275,Transfer,Completed,1930.0
4273,2025-06-28,Cabbage,5.0,840.0,North,CUST0480,POS,Completed,4200.0
3042,2025-02-12,Eggs,4.0,1870.0,South,CUST0299,POS,Completed,7480.0
3646,2025-06-28,Bread,2.0,1060.0,South,CUST0024,POS,Completed,2120.0
2613,2025-02-07,Tea,7.0,1100.0,North,CUST0477,Cash,Pending,7700.0
3988,2025-05-15,Cabbage,10.0,850.0,North,CUST0588,Transfer,Completed,8500.0
1480,2025-12-14,Juice,4.0,1580.0,North,CUST0627,Transfer,Completed,6320.0
1199,2025-05-04,Carrot,5.0,790.0,East,CUST0537,POS,Completed,3950.0
1714,2025-02-19,Groundnut Oil,4.0,2570.0,South,CUST0482,Transfer,Completed,10280.0
3311,2025-05-18,Unknown,7.0,1520.0,East,CUST0377,POS,Completed,10640.0
1040,2025-05-16,Butter,2.0,1640.0,West,CUST0279,Transfer,Completed,3280.0
2150,2025-03-29,Toothpaste,4.0,1370.0,East,CUST0255,Transfer,Returned,5480.0
4267,2025-01-09,Unknown,1.0,2270.0,West,CUST0166,POS,Pending,2270.0
5405,2025-04-02,Rice,11.0,2060.0,North,CUST0257,POS,Completed,22660.0
2720,2025-05-14,Juice,2.0,1370.0,west,CUST0089,Cash,Completed,2740.0
2335,2025-09-26,Coffee,4.0,2130.0,East,CUST0103,Transfer,Completed,8520.0
6108,2025-05-15,Eggs,3.0,2310.0,South,CUST0067,POS,Completed,6930.0
4782,2025-12-26,Eggs,1.0,2390.0,West,CUST0281,Cash,Pending,2390.0
4774,2025-10-31,Pepper,4.0,670.0,West,CUST0239,Cash,Completed,2680.0
4660,2025-11-29,Unknown,6.0,770.0,North,CUST0176,Transfer,Completed,4620.0
1348,2025-05-22,Beans,8.0,1330.0,West,CUST0256,Transfer,Completed,10640.0
4704,2025-06-03,Maggi,10.0,500.0,East,Unknown,Cash,Completed,5000.0
2481,2025-10-03,Bread,4.0,860.0,Unknown,CUST0609,Transfer,Completed,3440.0
5493,2025-10-21,Juice,2.0,1490.0,West,CUST0291,Cash,Completed,2980.0
5123,2025-05-13,Cabbage,4.0,790.0,East,CUST0084,Transfer,Completed,3160.0
6131,2025-01-18,Carrot,7.0,920.0,East,CUST0358,Transfer,Completed,6440.0
1760,2025-01-02,Juice,4.0,1710.0,South,CUST0490,Transfer,Pending,6840.0
2206,2025-05-31,Soft Drink,3.0,720.0,East,CUST0365,Transfer,Returned,2160.0
5853,2025-12-10,Juice,1.0,1690.0,East,CUST0462,Transfer,Completed,1690.0
2832,2025-01-01,Tea,9.0,1270.0,East,CUST0508,Transfer,Completed,11430.0
3987,2025-04-08,Cabbage,7.0,830.0,North,CUST0650,POS,Pending,5810.0
4377,2025-07-15,Cabbage,9.0,780.0,West,CUST0026,Transfer,Completed,7020.0
1326,2025-10-29,Maggi,6.0,460.0,East,CUST0495,Transfer,Completed,2760.0
4195,2025-07-03,Toothpaste,1.0,1110.0,South,CUST0098,Cash,Completed,1110.0
5604,2025-10-02,Unknown,3.0,500.0,North,CUST0120,Cash,Completed,1500.0
3947,2025-01-05,Tomato Paste,3.0,600.0,East,CUST0649,Transfer,Pending,1800.0
3856,2025-09-05,Cabbage,5.0,830.0,East,CUST0415,Cash,Pending,4150.0
4048,2025-09-09,Tomato Paste,3.0,670.0,South,CUST0532,POS,Pending,2010.0
5144,2025-09-18,Juice,7.0,1560.0,West,CUST0061,Transfer,Completed,10920.0
3884,2025-08-04,Sugar,2.0,1530.0,North,CUST0288,Transfer,Completed,3060.0
5410,2025-07-20,Bread,2.0,870.0,North,CUST0648,POS,Completed,1740.0
5571,2025-05-06,Milk,7.0,1240.0,West,Unknown,Cash,Completed,8680.0
2784,2025-10-21,Water,11.0,420.0,West,CUST0256,Cash,Completed,4620.0
2138,2025-01-05,Water,3.0,500.0,East,CUST0152,Transfer,Returned,1500.0
2078,2025-07-19,Rice,2.0,1740.0,North,CUST0639,Transfer,Completed,3480.0
4062,2025-04-17,Toothpaste,6.0,1100.0,East,CUST0340,Cash,Returned,6600.0
5376,2025-01-23,Carrot,1.0,830.0,South,Unknown,Cash,Pending,830.0
4522,2025-09-04,Eggs,8.0,2010.0,South,Unknown,POS,Completed,16080.0
3211,2025-09-12,Eggs,1.0,1920.0,East,CUST0342,Transfer,Completed,1920.0
4481,2025-11-16,Coffee,5.0,1810.0,West,CUST0069,Transfer,Completed,9050.0
5562,2025-11-02,Maggi,4.0,460.0,North,CUST0253,POS,Completed,1840.0
4087,2025-12-18,Carrot,4.0,890.0,West,CUST0153,Transfer,Completed,3560.0
3476,2025-12-03,Tomato Paste,4.0,630.0,North,CUST0269,POS,Returned,2520.0
3329,2025-09-22,Water,2.0,480.0,South,CUST0247,Transfer,Returned,960.0
1405,2025-04-01,Sugar,2.0,1310.0,North,Unknown,Transfer,Completed,2620.0
5349,2025-07-22,Sugar,6.0,1340.0,North,Unknown,Card,Completed,8040.0
4770,2025-01-03,Groundnut Oil,7.0,2410.0,West,CUST0493,Transfer,Pending,16870.0
1046,2025-11-14,Tomato Paste,6.0,740.0,West,CUST0167,POS,Pending,4440.0
3875,2025-12-03,Juice,2.0,1680.0,East,CUST0337,Transfer,Returned,3360.0
5440,2025-12-16,Tomato Paste,5.0,610.0,East,CUST0196,Transfer,Completed,3050.0
2286,2025-08-21,Butter,5.0,1980.0,West,CUST0246,Cash,Completed,9900.0
1960,2025-03-17,Soft Drink,6.0,800.0,West,CUST0558,Cash,Completed,4800.0
4470,2025-09-17,Carrot,2.0,930.0,North,CUST0352,Transfer,Returned,1860.0
3710,2025-02-21,Pepper,6.0,640.0,South,CUST0188,Transfer,Returned,3840.0
3248,2025-06-20,Cabbage,7.0,840.0,West,CUST0369,POS,Completed,5880.0
2953,2025-03-01,Yam,8.0,1820.0,South,CUST0575,Cash,Completed,14560.0
2416,2025-06-21,CARROT,11.0,960.0,North,CUST0482,POS,Completed,10560.0
3546,2025-12-19,Toothpaste,2.0,1200.0,West,Unknown,Cash,Completed,2400.0
1141,2025-01-17,Eggs,6.0,1980.0,South,CUST0242,POS,Completed,11880.0
3983,2025-06-21,Beans,5.0,1340.0,North,CUST0139,Cash,Completed,6700.0
4064,2025-02-05,Carrot,5.0,900.0,North,CUST0551,Transfer,Completed,4500.0
4676,2025-06-25,Water,8.0,470.0,South,CUST0532,Cash,Completed,3760.0
4714,2025-01-13,Tomato Paste,9.0,660.0,East,CUST0112,Transfer,Pending,5940.0
1651,2025-11-16,Groundnut Oil,2.0,2140.0,West,CUST0205,Cash,Completed,4280.0
5171,2025-09-06,Toothpaste,4.0,1150.0,Unknown,CUST0477,POS,Completed,4600.0
4336,2025-06-25,Yam,10.0,1520.0,South,CUST0042,POS,Pending,15200.0
1100,2025-05-17,Butter,7.0,1620.0,West,CUST0315,Cash,Pending,11340.0
5430,2025-11-13,Butter,9.0,1680.0,South,CUST0437,Cash,Pending,15120.0
6132,2025-07-29,Beans,5.0,1460.0,west ,CUST0132,Cash,Completed,7300.0
3604,2025-10-29,Cabbage,10.0,900.0,West,CUST0215,POS,Completed,9000.0
3558,2025-10-01,Cabbage,3.0,720.0,North,CUST0589,POS,Completed,2160.0
6124,2025-12-18,Rice,1.0,2110.0,West,CUST0187,Cash,Completed,2110.0
4851,2025-09-21,Rice,2.0,1870.0,East,CUST0134,Cash,Completed,3740.0
4749,2025-09-30,Bread,1.0,880.0,South,CUST0647,Cash,Completed,880.0
4306,2025-08-14,Toothpaste,1.0,1090.0,North,UNKNOWN,Transfer,Completed,1090.0
6072,2025-07-22,Juice,2.0,1720.0,South,CUST0342,Transfer,Completed,3440.0
4650,2025-07-23,Toothpaste,1.0,1120.0,West,CUST0605,POS,Completed,1120.0
3935,2025-10-13,Soft Drink,4.0,920.0,West,CUST0043,POS,Completed,3680.0
5592,2025-10-02,Soft Drink,4.0,860.0,South,CUST0283,Transfer,Completed,3440.0
1099,2025-11-17,Eggs,5.0,2320.0,Unknown,CUST0436,Transfer,Completed,11600.0
5468,2025-12-30,Milk,4.0,1370.0,South,CUST0568,POS,Pending,5480.0
3706,2025-06-09,Eggs,3.0,1880.0,North,CUST0182,POS,Returned,5640.0
3358,2025-03-02,Juice,1.0,1470.0,East,CUST0220,Transfer,Completed,1470.0
1551,2025-11-16,Sugar,6.0,1290.0,Unknown,CUST0465,Cash,Completed,7740.0
4419,2025-02-18,Rice,9.0,1680.0,North,CUST0298,Transfer,Completed,15120.0
2346,2025-09-15,Yam,6.0,1750.0,West,CUST0089,Cash,Completed,10500.0
4871,2025-12-16,Butter,7.0,1740.0,West,CUST0470,Transfer,Completed,12180.0
2740,2025-10-16,Maggi,7.0,530.0,West,CUST0155,Transfer,Completed,3710.0
4145,2025-08-24,Toothpaste,8.0,1160.0,West,CUST0497,POS,Completed,9280.0
1249,2025-06-12,Detergent,4.0,1810.0,North,CUST0295,Transfer,Completed,7240.0
2316,2025-11-23,Tomato Paste,4.0,590.0,West,CUST0592,Unknown,Completed,2360.0
5281,2025-05-28,Unknown,4.0,2020.0,Unknown,CUST0341,Transfer,Returned,8080.0
5829,2025-05-30,Soft Drink,7.0,840.0,North,CUST0164,POS,Completed,5880.0
5021,2025-10-05,Pepper,8.0,640.0,North,Unknown,POS,Unknown,5120.0
2476,2025-09-26,Water,4.0,490.0,South,CUST0409,Transfer,Completed,1960.0
5213,2025-10-27,Milk,3.0,1370.0,East,CUST0561,Cash,Pending,4110.0
1999,2025-10-12,Tomato Paste,9.0,700.0,South,CUST0552,Transfer,Pending,6300.0
4817,2025-05-30,Toothpaste,6.0,1110.0,West,CUST0032,POS,Completed,6660.0
2106,2025-09-26,Tomato Paste,4.0,620.0,South,CUST0175,Transfer,Completed,2480.0
3290,2025-05-15,Eggs,4.0,2330.0,West,CUST0548,POS,Completed,9320.0
2768,2025-05-09,Maggi,3.0,460.0,East,CUST0065,Cash,Pending,1380.0
5130,2025-10-14,Carrot,1.0,930.0,East,CUST0613,Transfer,Completed,930.0
1521,2025-05-13,Coffee,4.0,1960.0,South,CUST0444,Transfer,Completed,7840.0
5321,2025-12-12,Pepper,7.0,750.0,North,CUST0472,Cash,Completed,5250.0
4989,2025-07-11,Yam,4.0,1730.0,North,CUST0153,Transfer,Completed,6920.0
2839,2025-09-01,Milk,3.0,1130.0,West,CUST0647,POS,Completed,3390.0
5756,2025-09-06,Coffee,8.0,1850.0,North,CUST0159,Transfer,Completed,14800.0
6094,2025-01-14,Carrot,6.0,830.0,East,CUST0013,Transfer,Completed,4980.0
1748,2025-11-23,Toothpaste,3.0,1340.0,North,CUST0344,Transfer,Pending,4020.0
2603,2025-01-31,Cabbage,2.0,830.0,North,CUST0551,Transfer,Returned,1660.0
1396,2025-03-04,Pepper,1.0,710.0,West,CUST0588,Transfer,Completed,710.0
5515,2025-07-06,Carrot,7.0,870.0,West,CUST0576,Transfer,Completed,6090.0
5255,2025-09-14,Tomato Paste,4.0,630.0,East,CUST0502,Cash,Completed,2520.0
1185,2025-04-03,Yam,10.0,1560.0,South,CUST0197,Transfer,Completed,15600.0
1531,2025-06-06,Maggi,6.0,460.0,North,CUST0324,POS,Completed,2760.0
3120,2025-11-07,Yam,3.0,1740.0,East,CUST0087,Transfer,Completed,5220.0
2520,2025-04-12,Unknown,10.0,940.0,West,CUST0134,Cash,Pending,9400.0
6037,2025-09-10,Carrot,4.0,930.0,South,CUST0468,Transfer,Completed,3720.0
5780,2025-06-13,Bread,5.0,870.0,North,CUST0314,POS,Completed,4350.0
4671,2025-11-06,Tea,5.0,990.0,West,CUST0020,POS,Completed,4950.0
1209,2025-12-05,Pepper,3.0,700.0,South,CUST0171,Cash,Completed,2100.0
4601,2025-07-22,Detergent,9.0,1770.0,south,CUST0048,Cash,Completed,15930.0
3379,2025-11-28,Bread,7.0,1030.0,West,CUST0070,Transfer,Pending,7210.0
3206,2025-07-07,Maggi,4.0,460.0,East,CUST0111,POS,Completed,1840.0
3136,2025-12-15,Detergent,3.0,1670.0,east,CUST0199,Transfer,Completed,5010.0
5663,2025-01-10,Eggs,7.0,2250.0,North,CUST0086,Cash,Completed,15750.0
5390,2025-06-11,Beans,3.0,1470.0,South,CUST0495,POS,Completed,4410.0
1866,2025-01-11,Sugar,5.0,1200.0,South,CUST0582,Cash,Completed,6000.0
3672,2025-06-13,Bread,10.0,980.0,East,CUST0175,POS,Completed,9800.0
5269,2025-03-16,Bread,8.0,1000.0,North,CUST0221,Transfer,Returned,8000.0
3344,2025-06-02,Water,4.0,410.0,East,CUST0339,Transfer,Completed,1640.0
2990,2025-05-28,Bread,2.0,910.0, South ,CUST0015,Cash,Completed,1820.0
1881,2025-06-10,Milk,5.0,1400.0,South,CUST0373,Cash,Pending,7000.0
4883,2025-04-09,Tomato Paste,5.0,680.0,North,CUST0421,Transfer,Completed,3400.0
4171,2025-09-19,Butter,7.0,1630.0,North,CUST0295,Cash,Completed,11410.0
1035,2025-12-03,Tomato Paste,5.0,670.0,North,CUST0210,Cash,Completed,3350.0
2911,2025-03-05,Juice,8.0,1640.0,South,CUST0527,Transfer,Pending,13120.0
5107,2025-10-16,Eggs,2.0,2420.0,South,CUST0401,Transfer,Completed,4840.0
5736,2025-02-22,Rice,2.0,1710.0,East,CUST0143,Cash,Completed,3420.0
5153,2025-04-23,Toothpaste,6.0,1270.0,North,CUST0586,Cash,Completed,7620.0
5984,2025-01-29,Maggi,7.0,540.0,South,CUST0450,Transfer,Returned,3780.0
1944,2025-03-09,Groundnut Oil,8.0,2600.0,South,CUST0427,POS,Completed,20800.0
1234,2025-09-16,Cabbage,4.0,740.0,North,CUST0050,Transfer,Completed,2960.0
3807,2025-05-18,Toothpaste,3.0,1100.0,East,CUST0196,Transfer,Completed,3300.0
2048,2025-07-23,Butter,2.0,1950.0,West,CUST0486,Transfer,Completed,3900.0
1780,2025-12-04,Water,2.0,400.0,East,CUST0153,Cash,Returned,800.0
1468,2025-01-11,Water,1.0,410.0,South,CUST0390,Transfer,Completed,410.0
3976,2025-09-11,Yam,6.0,1680.0,West,CUST0623,Transfer,Completed,10080.0
1842,2025-05-23,Butter,10.0,1760.0,West,CUST0513,POS,Completed,17600.0
3008,2025-08-20,Carrot,5.0,790.0,East,CUST0643,Cash,Completed,3950.0
2004,2025-04-18,Soft Drink,1.0,920.0,South,Unknown,POS,Completed,920.0
3437,2025-06-30,Soft Drink,7.0,900.0,West,CUST0241,Transfer,Completed,6300.0
1105,2025-08-29,Milk,3.0,1220.0,East,CUST0165,Transfer,Completed,3660.0
5633,2025-04-07,Tea,5.0,1080.0,East,CUST0015,Transfer,Completed,5400.0
2362,2025-12-03,Groundnut Oil,5.0,2400.0,East,CUST0190,Transfer,Completed,12000.0
5639,2025-06-20,Tea,2.0,1060.0,West,CUST0322,POS,Completed,2120.0
4945,2025-03-02,Tomato Paste,9.0,30000.0,North,CUST0420,Cash,Completed,270000.0
1383,2025-12-22,Water,8.0,520.0,East,CUST0386,POS,Completed,4160.0
3855,2025-12-28,Coffee,3.0,1860.0,South,CUST0607,Cash,Completed,5580.0
2765,2025-04-12,Sugar,3.0,1520.0,West,CUST0127,Cash,Completed,4560.0
5372,2025-12-02,Water,7.0,470.0,South,CUST0314,Transfer,Returned,3290.0
5043,2025-09-07,Sugar,9.0,1310.0,North,CUST0128,Transfer,Completed,11790.0
4231,2025-04-11,Cabbage,4.0,730.0,West,CUST0533,Transfer,Completed,2920.0
3348,2025-02-21,Coffee,10.0,2260.0,South,CUST0520,POS,Completed,22600.0
1410,2025-02-21,Juice,3.0,1460.0,West,CUST0448,POS,Returned,4380.0
1372,2025-12-03,Maggi,6.0,460.0,West,CUST0012,Transfer,Returned,2760.0
1955,2025-08-01,Carrot,3.0,910.0,West,CUST0543,Transfer,Completed,2730.0
4709,2025-08-10,Cabbage,7.0,720.0,West,CUST0285,Transfer,Completed,5040.0
4136,2025-10-24,Yam,6.0,1670.0,East,CUST0026,Transfer,Completed,10020.0
1874,2025-04-06,Toilet Roll,5.0,850.0,South,CUST0275,POS,Completed,4250.0
2645,2025-10-09, Bread ,6.0,870.0,North,CUST0315,Cash,Completed,5220.0
3860,2025-04-15,Tomato Paste,3.0,720.0,South,CUST0410,Transfer,Pending,2160.0
3714,2025-01-08,Carrot,1.0,980.0,East,CUST0523,Transfer,Completed,980.0
4647,2025-09-24,Water,7.0,430.0,North,CUST0359,POS,Pending,3010.0
1250,2025-07-22,Cabbage,7.0,890.0,West,CUST0298,Transfer,Returned,6230.0
3022,2025-11-21,Tomato Paste,5.0,710.0,North,CUST0472,Transfer,Completed,3550.0
3790,2025-03-28,Rice,1.0,1630.0,East,CUST0579,POS,Pending,1630.0
2705,2025-10-16,Toilet Roll,5.0,930.0,South,CUST0560,Cash,Completed,4650.0
5328,2025-06-12,Coffee,8.0,2010.0,East,CUST0557,Transfer,Completed,16080.0
2562,2025-12-01,Soft Drink,3.0,820.0,West,CUST0166,Cash,Completed,2460.0
1067,2025-12-28,Butter,2.0,1790.0,North,CUST0556,Cash,Completed,3580.0
4162,2025-03-04,Bread,3.0,1050.0,West,CUST0144,Transfer,Completed,3150.0
1137,2025-02-25,Carrot,6.0,860.0,North,CUST0625,Transfer,Completed,5160.0
4046,2025-03-15,Toothpaste,3.0,1260.0,West,CUST0230,Transfer,Completed,3780.0
2773,2025-08-26,Cabbage,8.0,790.0,West,CUST0146,Cash,Completed,6320.0
ORD-6651,2025-11-11,Maggi,1.0,460.0,West,CUST0483,Cash,Completed,460.0
3415,2025-07-15,Toilet Roll,11.0,810.0,West,CUST0288,Transfer,Completed,8910.0
5847,2025-01-03,Soft Drink,5.0,870.0,North,CUST0278,POS,Pending,4350.0
5771,2025-02-14,Tea,2.0,1250.0,East,CUST0163,Cash,Completed,2500.0
1575,2025-12-25,Rice,8.0,1760.0,East,CUST0409,Cash,Pending,14080.0
5566,2025-09-12,Pepper,2.0,690.0,South,CUST0190,POS,Completed,1380.0
6086,2025-07-06,Maggi,3.0,520.0,West,CUST0226,Cash,Completed,1560.0
3901,2025-01-07,Tomato Paste,3.0,620.0,West,CUST0051,Cash,Pending,1860.0
4984,2025-06-24,Detergent,5.0,1840.0,North,CUST0377,Transfer,Completed,9200.0
3791,2025-01-24,Soft Drink,2.0,880.0,North,CUST0307,POS,Completed,1760.0
2360,2025-02-19,Toilet Roll,3.0,820.0,East,CUST0518,Transfer,Completed,2460.0
5032,2025-06-20,Rice,3.0,2000.0,North,CUST0389,POS,Pending,6000.0
3297,2025-11-29,Toothpaste,2.0,1210.0,West,CUST0244,Cash,Completed,2420.0
2117,2025-06-16,Beans,6.0,1370.0,South,CUST0410,Cash,Pending,8220.0
1475,2025-01-21,Sugar,8.0,1320.0,west ,CUST0437,Cash,Completed,10560.0
6013,2025-02-08,Soft Drink,8.0,790.0,West,CUST0001,Transfer,Completed,6320.0
2468,2025-07-10,Cabbage,7.0,840.0,South,CUST0230,Cash,Completed,5880.0
1225,2025-09-15,Milk,5.0,1310.0,West,CUST0176,Cash,Completed,6550.0
2019,2025-08-21,Rice,4.0,1930.0,East,CUST0106,Transfer,Completed,7720.0
3162,2025-03-21, Cabbage ,8.0,890.0,North,CUST0146,Cash,Completed,7120.0
2675,2025-04-08,Bread,5.0,0.0,North,CUST0574,Cash,Completed,0.0
2067,2025-01-23,Toilet Roll,4.0,810.0,South,CUST0391,Transfer,Completed,3240.0
3638,2025-03-01,Groundnut Oil,4.0,2500.0,North,CUST0217,POS,Completed,10000.0
3917,2025-12-06,Juice,2.0,1340.0,North,CUST0637,Cash,Completed,2680.0
2906,2025-05-06,Unknown,10.0,1640.0,East,CUST0303,Transfer,Completed,16400.0
3629,2025-12-07,Groundnut Oil,3.0,2550.0,south,CUST0385,Transfer,Completed,7650.0
1125,2025-03-15,Juice,2.0,1590.0,South,CUST0262,Cash,Pending,3180.0
5000,2025-11-14,Sugar,1.0,1450.0,West,CUST0515,Transfer,Completed,1450.0
3528,2025-11-27,Butter,4.0,2000.0,North,CUST0185,Transfer,Completed,8000.0
3566,2025-10-25,CABBAGE,5.0,800.0,South,CUST0300,POS,Completed,4000.0
5590,2025-03-10,Toilet Roll,5.0,920.0,West,CUST0480,Transfer,Completed,4600.0
3509,2025-04-27,Toothpaste,5.0,1370.0,West,CUST0481,Cash,Completed,6850.0
2385,2025-06-21,TEA,8.0,990.0,West,UNKNOWN,POS,Completed,7920.0
3184,2025-03-01,Butter,2.0,1640.0,South,CUST0420,Cash,Completed,3280.0
3050,2025-02-22,Butter,1.0,1940.0,South,CUST0539,Cash,Pending,1940.0
1502,2025-07-15,Rice,2.0,1980.0,West,CUST0274,POS,Completed,3960.0
4649,2025-09-03,Rice,5.0,2130.0,South,CUST0564,Cash,Returned,10650.0
2712,2025-02-07,Pepper,6.0,710.0,East,CUST0047,POS,Completed,4260.0
2830,2025-03-01,Detergent,3.0,1950.0,North,CUST0562,POS,Completed,5850.0
1785,2025-05-02,Bread,6.0,1070.0,South,CUST0226,Transfer,Completed,6420.0
2011,2025-12-20,Coffee,4.0,1760.0,West,CUST0202,Transfer,Completed,7040.0
2895,2025-07-08,Toothpaste,6.0,1110.0,West,Unknown,POS,Completed,6660.0
5478,2025-08-04,Pepper,9.0,620.0,East,CUST0480,POS,Completed,5580.0
5386,2025-05-10,Detergent,4.0,1600.0,West,CUST0572,Transfer,Completed,6400.0
6071,2025-04-04,Milk,6.0,1130.0,West,CUST0415,Cash,Completed,6780.0
2617,2025-07-01,Juice,9.0,1620.0,West,CUST0194,POS,Completed,14580.0
1026,2025-08-05,Carrot,4.0,950.0,East,CUST0101,Transfer,Unknown,3800.0
3019,2025-03-06,Coffee,3.0,1740.0,East,CUST0248,Cash,Completed,5220.0
4680,2025-05-27,Juice,1.0,1350.0,North,CUST0495,Transfer,Completed,1350.0
2900,2025-08-27,Toilet Roll,11.0,1030.0,North,CUST0621,Cash,Pending,11330.0
1875,2025-08-11,Soft Drink,10.0,870.0,East,CUST0535,Unknown,Completed,8700.0
5966,2025-03-20,Yam,4.0,1500.0,North,CUST0265,POS,Completed,6000.0
2714,2025-07-25,Carrot,1.0,780.0,West,CUST0637,Cash,Pending,780.0
1054,2025-11-16,Unknown,3.0,780.0,North,CUST0520,Transfer,Completed,2340.0
1444,2025-01-15,Yam,3.0,1480.0,West,CUST0227,Cash,Completed,4440.0
5395,2025-05-12, Soft Drink ,2.0,830.0,South,CUST0549,Transfer,Pending,1660.0
2152,2025-11-07,Carrot,5.0,800.0,East,CUST0046,Transfer,Completed,4000.0
2523,2025-02-16,Tomato Paste,6.0,600.0,North,CUST0006,Cash,Completed,3600.0
1915,2025-10-16,Eggs,9.0,2190.0,East,CUST0539,POS,Completed,19710.0
2845,2025-09-06,Detergent,3.0,1730.0,West,CUST0386,Transfer,Completed,5190.0
2015,2025-01-18,Beans,3.0,1640.0,East,CUST0131,Transfer,Pending,4920.0
2389,2025-01-11,Coffee,10.0,1730.0,West,CUST0548,Cash,Completed,17300.0
4930,2025-07-30,Juice,2.0,1600.0,East,CUST0465,Cash,Completed,3200.0
2681,2025-11-18,Cabbage,5.0,880.0,South,CUST0268,Cash,Returned,4400.0
5541,2025-06-24,TOILET ROLL,1.0,1040.0,West,CUST0465,Cash,Returned,1040.0
5865,2025-12-07,Juice,2.0,1580.0,South,CUST0009,Transfer,Completed,3160.0
5260,2025-01-30,Toilet Roll,5.0,840.0,South,CUST0568,POS,Completed,4200.0
5833,2025-02-25,Cabbage,8.0,830.0,North,CUST0578,Cash,Completed,6640.0
5919,2025-12-10,Toilet Roll,9.0,810.0,West,CUST0049,Cash,Unknown,7290.0
5850,2025-08-05,Sugar,8.0,1350.0,Unknown,CUST0279,POS,Pending,10800.0
5758,2025-03-22,Sugar,8.0,1410.0,West,CUST0637,Transfer,Completed,11280.0
4888,2025-01-17,Soft Drink,4.0,840.0,West,CUST0118,Transfer,Completed,3360.0
3636,2025-04-07,Unknown,6.0,1500.0,West,CUST0503,POS,Completed,9000.0
5560,2025-10-24,Water,4.0,470.0,North,CUST0222,Cash,Completed,1880.0
5885,2025-03-16,Maggi,4.0,490.0,South,CUST0165,Cash,Unknown,1960.0
1274,2025-09-28,Cabbage,2.0,900.0,East,CUST0024,POS,Completed,1800.0
2869,2025-05-07,Water,2.0,500.0,North,CUST0188,POS,Pending,1000.0
2034,2025-04-08,Butter,2.0,1770.0,North,CUST0326,Cash,Returned,3540.0
2730,2025-11-29,Rice,7.0,1870.0,South,CUST0290,Cash,Completed,13090.0
2397,2025-09-15,Toothpaste,2.0,1170.0,South,CUST0637,Cash,Completed,2340.0
5506,2025-10-02,Pepper,11.0,690.0,West,CUST0640,Transfer,Completed,7590.0
3363,2025-01-31,Toothpaste,1.0,1190.0,South,CUST0489,Transfer,Pending,1190.0
4318,2025-04-23,Carrot,3.0,920.0,North,CUST0390,Cash,Pending,2760.0
3132,2025-12-15,Maggi,9.0,470.0,North,CUST0495,Transfer,Returned,4230.0
2460,2025-10-11,Tea,6.0,1260.0,East,CUST0021,POS,Completed,7560.0
4056,2025-11-05,Toothpaste,1.0,1070.0,South,CUST0462,Cash,Completed,1070.0
2538,2025-10-05,Rice,3.0,1780.0,South,CUST0018,Transfer,Completed,5340.0
3689,2025-05-06,Bread,10.0,860.0,East,CUST0536,POS,Completed,8600.0
1241,2025-10-31,Yam,3.0,1780.0,South,CUST0577,Transfer,Pending,5340.0
1876,2025-03-19,Coffee,6.0,2130.0,South,CUST0421,Transfer,Pending,12780.0
1416,2025-01-25,Rice,3.0,2010.0,Unknown,CUST0424,Cash,Completed,6030.0
2700,2025-01-16,Groundnut Oil,5.0,2740.0,East,CUST0320,Unknown,Completed,13700.0
5217,2025-09-13,Eggs,5.0,2290.0,North,CUST0600,Cash,Completed,11450.0
1836,2025-01-09,Butter,4.0,1740.0,North,CUST0143,POS,Pending,6960.0
1850,2025-12-11,Detergent,2.0,1750.0,East,CUST0123,Transfer,Completed,3500.0
3627,2025-11-03,Toilet Roll,4.0,850.0,North,CUST0248,POS,Completed,3400.0
2961,2025-02-02,Milk,2.0,1220.0,West,CUST0491,POS,Completed,2440.0
1697,2025-08-31,Detergent,7.0,1860.0,South,CUST0160,Cash,Pending,13020.0
2218,2025-01-01,Butter,9.0,1600.0,South,CUST0395,Transfer,Completed,14400.0
2046,2025-10-06,Butter,9.0,1590.0,North,CUST0289,POS,Pending,14310.0
1586,2025-05-01,Eggs,5.0,2350.0,West,CUST0150,POS,Completed,11750.0
4460,2025-03-19,Maggi,2.0,490.0,South,CUST0091,Cash,Pending,980.0
2823,2025-12-04,Carrot,9.0,920.0,Sout,CUST0329,Cash,Completed,8280.0
4718,2025-06-30,Maggi,10.0,570.0,East,CUST0359,Cash,Completed,5700.0
5304,2025-01-25,Yam,1.0,1730.0,West,CUST0223,POS,Completed,1730.0
2728,2025-06-14,Sugar,3.0,1240.0,East,CUST0240,Transfer,Completed,3720.0
5003,2025-03-22,Unknown,2.0,940.0,East,CUST0590,POS,Completed,1880.0
2493,2025-04-08,Toothpaste,3.0,1120.0,East,CUST0201,Transfer,Completed,3360.0
4239,2025-01-01,Water,1.0,510.0,North,CUST0401,Transfer,Completed,510.0
2833,2025-05-04,Yam,7.0,1540.0,West,CUST0555,Cash,Returned,10780.0
3941,2025-09-30,Beans,6.0,1550.0,West,CUST0202,Transfer,Completed,9300.0
3984,2025-11-24,Beans,4.0,1560.0,East,CUST0136,Unknown,Completed,6240.0
1018,2025-01-01,Toilet Roll,5.0,920.0,East,CUST0372,POS,Pending,4600.0
2854,2025-09-03,Coffee,7.0,1820.0,Unknown,CUST0490,Cash,Completed,12740.0
3704,2025-08-07,Water,1.0,410.0,East,CUST0271,POS,Completed,410.0
5828,2025-02-01,Toothpaste,4.0,1080.0,South,CUST0338,Transfer,Pending,4320.0
5295,2025-11-15,Carrot,11.0,960.0,North,CUST0446,POS,Returned,10560.0
1413,2025-10-18,Cabbage,1.0,820.0,West,CUST0580,Transfer,Completed,820.0
3805,2025-11-19,Toilet Roll,9.0,860.0,East,CUST0146,Cash,Pending,7740.0
5857,2025-04-13,Bread,10.0,930.0,West,Unknown,Cash,Completed,9300.0
1537,2025-05-29,Juice,2.0,1530.0,East,CUST0407,Transfer,Completed,3060.0
4731,2025-03-24,Juice,8.0,1370.0,North,CUST0561,Cash,Completed,10960.0
5164,2025-06-24,Tea,2.0,1220.0,South,Unknown,Transfer,Completed,2440.0
4028,2025-03-28,Coffee,11.0,1950.0,North,CUST0562,Transfer,Completed,21450.0
1917,2025-07-21,Bread,3.0,1080.0,East,CUST0332,Transfer,Completed,3240.0
3138,2025-09-25,Unknown,8.0,1070.0,West,CUST0276,POS,Completed,8560.0
4942,2025-11-05,Pepper,4.0,750.0,North,CUST0066,POS,Completed,3000.0
2954,2025-04-13,Water,1.0,450.0,North,Unknown,POS,Completed,450.0
4599,2025-05-14,Milk,6.0,1190.0,West,CUST0332,Transfer,Completed,7140.0
1285,2025-02-17,Carrot,5.0,950.0,East,CUST0275,Transfer,Completed,4750.0
2517,2025-08-31,Cabbage,8.0,740.0,North,CUST0616,Transfer,Completed,5920.0
3070,2025-09-28,Rice,12.0,2030.0,North,CUST0306,Transfer,Pending,24360.0
5967,2025-11-03,Juice,2.0,1680.0,East,CUST0611,Cash,Completed,3360.0
5962,2025-10-08,Unknown,6.0,2350.0,North,CUST0313,Transfer,Completed,14100.0
3536,2025-09-24,Pepper,3.0,760.0,South,CUST0412,Transfer,Pending,2280.0
1830,2025-12-21,Groundnut Oil,2.0,2220.0,North,CUST0370,Transfer,Pending,4440.0
2474,2025-02-11,Toothpaste,9.0,1200.0,East,CUST0385,Transfer,Completed,10800.0
6082,2025-04-22,Coffee,7.0,2170.0,West,CUST0132,Transfer,Completed,15190.0
5015,2025-06-26,Rice,5.0,1770.0,South,CUST0407,Cash,Completed,8850.0
2905,2025-09-07,Eggs,4.0,2270.0,North,CUST0210,Cash,Completed,9080.0
5030,2025-12-26,Tea,3.0,990.0,South,Unknown,Transfer,Completed,2970.0
3585,2025-02-19,Unknown,8.0,1500.0,West,CUST0321,Transfer,Pending,12000.0
2652,2025-06-09,Maggi,2.0,540.0,East,CUST0061,POS,Completed,1080.0
2180,2025-06-19,Tomato Paste,9.0,600.0,West,CUST0491,POS,Returned,5400.0
5052,2025-03-30,Yam,5.0,1810.0,West,CUST0321,Cash,Pending,9050.0
5070,2025-05-20,Coffee,4.0,2040.0,South,CUST0504,Cash,Completed,8160.0
2430,2025-12-31,Coffee,3.0,1900.0,North,CUST0606,Cash,Completed,5700.0
1754,2025-12-05,Groundnut Oil,10.0,2540.0,North,CUST0438,Cash,Completed,25400.0
1952,2025-03-02,Water,8.0,510.0,West,CUST0300,Cash,Completed,4080.0
4773,2025-03-29,Rice,9.0,1770.0,North,CUST0089,POS,Pending,15930.0
4479,2025-11-13,Water,1.0,490.0,West,CUST0238,Transfer,Completed,490.0
2010,2025-06-11,Groundnut Oil,1.0,2240.0,East,CUST0586,POS,Returned,2240.0
4514,2025-01-09,Cabbage,7.0,700.0,East,CUST0178,POS,Pending,4900.0
3819,2025-06-13,Water,6.0,410.0,South,CUST0173,Cash,Completed,2460.0
5253,2025-04-22,Bread,5.0,870.0,South,Unknown,Transfer,Completed,4350.0
1019,2025-05-03,Yam,1.0,1800.0,East,CUST0088,Cash,Pending,1800.0
3837,2025-05-23,Beans,8.0,1600.0,South,CUST0336,POS,Completed,12800.0
2123,2025-03-05,Maggi,6.0,570.0,South,CUST0093,POS,Completed,3420.0
4197,2025-01-02,Beans,1.0,1280.0,North,CUST0441,Transfer,Completed,1280.0
3698,2025-04-09,Water,4.0,420.0,West,CUST0353,POS,Completed,1680.0
6102,2025-01-02,Water,3.0,410.0,South,CUST0028,Cash,Pending,1230.0
2313,2025-10-03,Carrot,12.0,970.0,Unknown,CUST0266,POS,Completed,11640.0
5477,2025-08-18,Sugar,1.0,1400.0,North,CUST0032,POS,Completed,1400.0
2144,2025-05-21,Detergent,6.0,1590.0,West,CUST0394,Cash,Completed,9540.0
3722,2025-01-10,Eggs,3.0,1910.0,East,CUST0045,Transfer,Completed,5730.0
4772,2025-08-15,Milk,2.0,1350.0,South,CUST0054,POS,Completed,2700.0
1965,2025-05-13,Carrot,5.0,830.0,East,CUST0128,Transfer,Completed,4150.0
1730,2025-09-07,Butter,6.0,2080.0,West,CUST0087,Transfer,Pending,12480.0
2650,2025-05-23,Tea,1.0,1270.0,South,CUST0304,Transfer,Completed,1270.0
5115,2025-12-04,Rice,3.0,1850.0,East,CUST0567,Transfer,Completed,5550.0
5570,2025-07-28,Tea,6.0,980.0,West,CUST0032,Transfer,Pending,5880.0
5799,2025-09-24,Cabbage,10.0,700.0,North,CUST0480,Transfer,Completed,7000.0
6011,2025-03-15,Eggs,4.0,1940.0,Unknown,CUST0580,Cash,Completed,7760.0
1213,2025-07-10,Carrot,4.0,770.0,West,CUST0543,Transfer,Returned,3080.0
5201,2025-08-07,Butter,3.0,1980.0,West,CUST0203,POS,Pending,5940.0
4998,2025-02-05,Detergent,2.0,1830.0,South,CUST0181,POS,Completed,3660.0
2455,2025-07-24,Unknown,3.0,580.0,Unknown,CUST0225,Transfer,Pending,1740.0
4124,2025-07-17,Butter,6.0,1870.0,East,CUST0135,POS,Returned,11220.0
1289,2025-05-14,Yam,3.0,1800.0,South,CUST0101,POS,Completed,5400.0
3207,2025-02-13,Groundnut Oil,2.0,2140.0,South,CUST0105,Transfer,Completed,4280.0
1741,2025-01-08,Eggs,6.0,2200.0,West,Unknown,Transfer,Completed,13200.0
1778,2025-11-10,Detergent,10.0,1850.0,North,CUST0357,Transfer,Completed,18500.0
5414,2025-03-13,Rice,4.0,2140.0,East,CUST0337,POS,Completed,8560.0
6008,2025-06-24,Coffee,10.0,2000.0,South,CUST0606,Cash,Completed,20000.0
5999,2025-08-02,Eggs,7.0,2080.0,South,CUST0079,Transfer,Returned,14560.0
4250,2025-06-14,Beans,8.0,1410.0,WEST,Unknown,Transfer,Completed,11280.0
5815,2025-04-22,Beans,8.0,1340.0,West,CUST0019,Transfer,Completed,10720.0
5140,2025-08-01,Sugar,7.0,1470.0,East,CUST0236,POS,Returned,10290.0
4263,2025-06-01,Tea,6.0,1120.0,East,CUST0358,Cash,Completed,6720.0
4200,2025-04-22,Carrot,2.0,800.0,South,CUST0643,Cash,Pending,1600.0
2256,2025-12-25,Coffee,7.0,1720.0,East,CUST0298,Transfer,Completed,12040.0
4662,2025-05-30,Pepper,6.0,800.0,West,CUST0207,Transfer,Returned,4800.0
3187,2025-08-13,Toilet Roll,10.0,840.0,West,CUST0038,Transfer,Completed,8400.0
1553,2025-11-04,SOFT DRINK,1.0,880.0,East,CUST0096,Cash,Completed,880.0
5114,2025-10-04,Unknown,4.0,2020.0,East,CUST0334,Transfer,Returned,8080.0
2255,2025-02-12,Carrot,6.0,870.0,North,CUST0044,Cash,Completed,5220.0
4958,2025-03-27,Maggi,7.0,520.0,South,CUST0094,POS,Completed,3640.0
3869,2025-11-04,Water,6.0,410.0,North,CUST0580,Cash,Completed,2460.0
1267,2025-10-16,Milk,2.0,1390.0,West,CUST0587,Cash,Completed,2780.0
3903,2025-02-13,Soft Drink,2.0,730.0,East,CUST0031,Transfer,Completed,1460.0
3684,2025-01-12,Rice,5.0,2070.0,East,CUST0394,Cash,Completed,10350.0
1175,2025-08-15,Detergent,5.0,1930.0,East,CUST0361,Cash,Completed,9650.0
2386,2025-02-01,Maggi,2.0,450.0,East,CUST0355,POS,Returned,900.0
3937,2025-07-19,Butter,3.0,1630.0,North,CUST0567,Transfer,Completed,4890.0
3201,2025-08-05,Carrot,9.0,820.0,East,CUST0380,Transfer,Completed,7380.0
4668,2025-03-21,Toothpaste,5.0,1300.0,West,CUST0244,Transfer,Completed,6500.0
3683,2025-01-02,Rice,4.0,1920.0,East,CUST0125,Transfer,Completed,7680.0
5247,2025-05-15,Toilet Roll,5.0,910.0,South,CUST0208,Cash,Returned,4550.0
5681,2025-04-02,Tea,3.0,990.0,West,CUSTOMER-0143,Cash,Completed,2970.0
1677,2025-10-27,Sugar,10.0,1450.0,West,CUST0403,Transfer,Completed,14500.0
1152,2025-09-16,Groundnut Oil,5.0,2180.0,EAST,CUST0565,Cash,Completed,10900.0
4882,2025-09-13,Detergent,4.0,1800.0,North,CUST0222,Transfer,Completed,7200.0
2756,2025-06-21,Cabbage,3.0,800.0,South,CUST0417,Cash,Completed,2400.0
1034,2025-07-26,Coffee,2.0,2200.0,West,CUST0593,Cash,Completed,4400.0
3082,2025-10-15,Maggi,7.0,560.0,North,CUST0004,POS,Returned,3920.0
5680,2025-04-02,Bread,8.0,880.0,South,CUST0013,Transfer,Pending,7040.0
3620,2025-02-15,Carrot,5.0,900.0,East,CUST0476,POS,Completed,4500.0
5929,2025-12-10,Eggs,4.0,2140.0,East,CUST0343,Cash,Pending,8560.0
1627,2025-03-08,Beans,2.0,1290.0,East,cust0498,Unknown,Completed,2580.0
2978,2025-12-25,Juice,8.0,1580.0,East,CUST0482,Transfer,Completed,12640.0
3973,2025-04-06,Water,3.0,450.0,West,CUST0637,POS,Unknown,1350.0
5648,2025-03-18,Water,3.0,520.0,west,CUST0621,Transfer,Completed,1560.0
3952,2025-08-09,Toothpaste,1.0,1350.0,South,CUST0358,POS,Returned,1350.0
3471,2025-10-17,Eggs,4.0,1960.0,South,CUST0452,Transfer,Pending,7840.0
4495,2025-03-30,Soft Drink,3.0,740.0,North,CUST0589,Cash,Pending,2220.0
1769,2025-09-08,Butter,6.0,1820.0,East,CUST0249,Cash,Completed,10920.0
1283,2025-04-26,Coffee,3.0,2100.0,South,CUST0060,Cash,Returned,6300.0
4540,2025-04-05,Toilet Roll,1.0,820.0,West,CUST0039,Transfer,Completed,820.0
3037,2025-11-17,Eggs,6.0,2410.0,West,CUST0561,POS,Completed,14460.0
4041,2025-04-16,Tomato Paste,4.0,730.0,East,CUST0491,Transfer,Completed,2920.0
3192,2025-07-14,Carrot,8.0,760.0,East,CUST0220,Cash,Completed,6080.0
5436,2025-10-25,Coffee,5.0,2100.0,West,CUST0569,Cash,Unknown,10500.0
2970,2025-05-24,Butter,3.0,1790.0,East,CUST0544,Transfer,Completed,5370.0
5579,2025-06-07,Detergent,1.0,1620.0,North,CUST0240,Cash,Completed,1620.0
3511,2025-09-17,Unknown,6.0,1930.0,West,Unknown,Transfer,Completed,11580.0
5002,2025-10-12,BEANS,5.0,1490.0,East,CUST0593,Transfer,Completed,7450.0
3323,2025-02-08,Juice,4.0,1660.0,west ,CUST0376,Transfer,Completed,6640.0
3280,2025-06-06,Eggs,6.0,2020.0,South,CUST0347,Cash,Pending,12120.0
3644,2025-11-30,Groundnut Oil,6.0,2760.0,West,CUST0240,Transfer,Completed,16560.0
1873,2025-06-10,Toothpaste,2.0,1190.0,South,CUST0561,Transfer,Completed,2380.0
1113,2025-02-05,Butter,3.0,1980.0,South,CUST0349,POS,Completed,5940.0
2864,2025-09-30,Pepper,4.0,740.0,North,CUST0645,Transfer,Completed,2960.0
5567,2025-01-03,Coffee,1.0,2140.0,South,CUST0519,POS,Completed,2140.0
1914,2025-03-05,Butter,3.0,1690.0,North,CUST0185,POS,Completed,5070.0
5526,2025-08-13,Butter,6.0,1850.0,West,CUST0149,POS,Completed,11100.0
4079,2025-01-14,Yam,5.0,1500.0,North,CUST0065,Cash,Pending,7500.0
4710,2025-03-03,Tomato Paste,6.0,600.0,East,UNKNOWN,Cash,Pending,3600.0
5529,2025-12-06,Pepper,3.0,630.0,South,CUST0237,Cash,Returned,1890.0
4509,2025-12-05,Butter,7.0,1900.0,North,CUST0505,Transfer,Completed,13300.0
5388,2025-03-12,Butter,5.0,1630.0,South,CUST0523,Transfer,Pending,8150.0
1373,2025-09-22,Toilet Roll,7.0,970.0,West,CUST0381,Transfer,Pending,6790.0
5831,2025-08-15,Groundnut Oil,4.0,2290.0,East,CUST0252,Transfer,Completed,9160.0
1098,2025-05-30,Detergent,1.0,1680.0,North,CUST0465,Transfer,Completed,1680.0
1862,2025-07-20,Beans,3.0,1520.0,South,CUST0632,Cash,Completed,4560.0
4484,2025-06-04,Yam,7.0,1410.0,North,CUST0621,Transfer,Completed,9870.0
3381,2025-09-15,Bread,4.0,980.0,North,CUST0564,Cash,Completed,3920.0
2834,2025-01-13,Tea,7.0,1060.0,West,CUST0191,POS,Completed,7420.0
1854,2025-09-06,Cabbage,4.0,720.0,South,Unknown,Transfer,Completed,2880.0
4898,2025-08-27,Toothpaste,6.0,1210.0,North,CUST0015,Transfer,Pending,7260.0
5503,2025-04-13,Carrot,5.0,910.0,North,CUST0435,Transfer,Pending,4550.0
1788,2025-03-11,Eggs,2.0,2120.0,South,CUST0176,POS,Completed,4240.0
3360,2025-11-12,Soft Drink,9.0,920.0,North,CUST0355,POS,Completed,8280.0
3651,2025-11-12,Detergent,3.0,2010.0,West,CUST0148,POS,Completed,6030.0
1277,2025-08-17,Beans,5.0,1560.0,East,CUST0251,Cash,Completed,7800.0
6101,2025-05-28,Coffee,12.0,1740.0,West,CUST0119,Cash,Completed,20880.0
1079,2025-11-04,Maggi,7.0,550.0,East,Unknown,Cash,Completed,3850.0
3577,2025-01-10,Detergent,6.0,1800.0,WEST,CUST0425,POS,Pending,10800.0
3215,2025-01-13, Juice ,7.0,1650.0,East,CUST0458,Cash,Completed,11550.0
4549,2025-12-20,Soft Drink,2.0,820.0,North,CUST0419,Transfer,Completed,1640.0
1808,2025-12-02,Pepper,5.0,0.0,South,CUST0469,Transfer,Completed,0.0
2914,2025-01-22,Coffee,1.0,1720.0,West,CUST0200,Transfer,Completed,1720.0
5701,2025-01-29,Eggs,4.0,2240.0,East,CUST0316,Cash,Completed,8960.0
3107,2025-02-17,Water,8.0,510.0,West,CUST0105,Cash,Completed,4080.0
4480,2025-09-12,Sugar,4.0,1300.0,East,CUST0324,Transfer,Completed,5200.0
3349,2025-01-10,Maggi,2.0,550.0,South,CUST0399,Transfer,Completed,1100.0
1530,2025-02-21,Coffee,3.0,1750.0,West,CUST0326,Cash,Completed,5250.0
2204,2025-03-10,Eggs,3.0,2310.0,West,CUST0216,Unknown,Completed,6930.0
3610,2025-09-09,Carrot,3.0,920.0,North,CUST0533,Transfer,Completed,2760.0
4203,2025-12-10,Milk,4.0,1270.0,South,CUST0439,Transfer,Completed,5080.0
4462,2025-08-08,Groundnut Oil,2.0,2390.0,West,CUST0398,Transfer,Completed,4780.0
2951,2025-02-08,Beans,7.0,1390.0,South,CUST0017,Cash,Returned,9730.0
2220,2025-05-25,Bread,3.0,1000.0,East,CUST0370,POS,Pending,3000.0
3769,2025-07-30,Pepper,4.0,760.0,South,CUST0512,Cash,Unknown,3040.0
5601,2025-08-12,Toothpaste,6.0,1080.0,West,CUST0335,POS,Completed,6480.0
3849,2025-02-12,Cabbage,5.0,780.0,North,CUST0426,Transfer,Completed,3900.0
5248,2025-08-07,Rice,1.0,1760.0,North,CUST0458,POS,Completed,1760.0
2838,2025-12-19,Tomato Paste,5.0,730.0,South,CUST0028,Transfer,Returned,3650.0
1450,2025-01-30,Coffee,7.0,2150.0,South,CUST0328,Cash,Completed,15050.0
4280,2025-02-14,Beans,3.0,1580.0,East,CUST0328,Transfer,Completed,4740.0
3144,2025-03-09,Soft Drink,7.0,710.0,North,CUST0133,Transfer,Completed,4970.0
5188,2025-11-01,Milk,7.0,1400.0,East,CUST0126,Cash,Completed,9800.0
5820,2025-12-07,Water,8.0,490.0,East,CUST0168,Cash,Completed,3920.0
1650,2025-07-07,Tomato Paste,3.0,630.0,East,CUST0313,Transfer,Completed,1890.0
1601,2025-10-16,Water,4.0,480.0,North,CUST0356,Cash,Completed,1920.0
2035,2025-01-24,Coffee,7.0,2040.0,North,CUST0153,Transfer,Completed,14280.0
3408,2025-06-09,Coffee,9.0,2100.0,South,CUST0270,Transfer,Completed,18900.0
4486,2025-12-16,Toothpaste,6.0,1340.0,south,CUST0318,POS,Pending,8040.0
1512,2025-04-05,Coffee,4.0,2150.0,West,CUST0426,Cash,Completed,8600.0
2875,2025-10-02,Toothpaste,3.0,1320.0,South,CUST0210,Transfer,Completed,3960.0
2195,2025-03-08,Bread,5.0,1000.0,East,CUST0601,POS,Pending,5000.0
5327,2025-06-27,Toilet Roll,6.0,960.0,North,CUST0419,Transfer,Completed,5760.0
3251,2025-02-03,Detergent,7.0,1600.0,Northh,CUST0609,Cash,Completed,11200.0
2184,2025-01-05,Soft Drink,4.0,770.0,South,CUST0085,POS,Completed,3080.0
4576,2025-07-18,Soft Drink,2.0,720.0,North,CUST0631,Cash,Completed,1440.0
5742,2025-04-25,Detergent,8.0,1620.0,South,CUST0070,Cash,Completed,12960.0
3598,2025-04-04,Soft Drink,4.0,710.0,South,CUST0519,Cash,Completed,2840.0
4876,2025-05-16,Yam,10.0,1760.0,North,CUST0482,POS,Completed,17600.0
3077,2025-09-14,Rice,8.0,1920.0,West,CUST0180,POS,Completed,15360.0
2001,2025-07-03,Unknown,3.0,890.0,East,CUST0128,Cash,Returned,2670.0
1572,2025-05-09,Juice,6.0,1730.0,South,CUST0250,POS,Returned,10380.0
3482,2025-08-17,Juice,2.0,1610.0,East,CUST0491,POS,Completed,3220.0
3222,2025-05-17,Juice,3.0,1670.0,North,CUST0448,Transfer,Pending,5010.0
2686,2025-02-03,Tomato Paste,10.0,600.0,South,CUST0573,Cash,Pending,6000.0
3296,2025-10-04,Soft Drink,6.0,790.0,North,CUST0180,Transfer,Pending,4740.0
4451,2025-06-19,Butter,1.0,2020.0,West,Unknown,Transfer,Completed,2020.0
2008,2025-01-27,Water,8.0,440.0,South,Unknown,Transfer,Completed,3520.0
5805,2025-11-25,butter,6.0,2040.0,South,CUST0320,Cash,Completed,12240.0
2217,2025-03-05,Toothpaste,1.0,1070.0,North,CUST0106,Cash,Pending,1070.0
1469,2025-04-16,Butter,6.0,1900.0,Unknown,CUST0431,Cash,Completed,11400.0
4268,2025-12-12,Butter,3.0,1940.0,West,CUST0470,Cash,Returned,5820.0
2064,2025-02-18,juice,4.0,1720.0,West,CUST0162,Transfer,Completed,6880.0
3382,2025-10-19,Unknown,6.0,750.0,South,CUST0172,Cash,Completed,4500.0
ORD-1651,2025-02-24,Yam,4.0,1800.0,South,CUST0460,Transfer,Completed,7200.0
1522,2025-10-01,Bread,1.0,1030.0,East,CUST0600,Transfer,Pending,1030.0
1252,2025-12-23,Toothpaste,3.0,1090.0,West,CUST0249,Transfer,Pending,3270.0
5871,2025-12-14,Coffee,8.0,1830.0,East,CUST0388,Transfer,Completed,14640.0
3127,2025-01-27,Carrot,6.0,960.0,North,CUST0400,Transfer,Completed,5760.0
4457,2025-08-24,Detergent,3.0,1720.0,South,CUST0050,POS,Completed,5160.0
3930,2025-05-03,Beans,4.0,1650.0,South,CUST0286,Cash,Completed,6600.0
4119,2025-01-14,Juice,4.0,1360.0,West,CUST0304,Cash,Completed,5440.0
4852,2025-10-28,Toilet Roll,5.0,850.0,South,CUST0288,Transfer,Completed,4250.0
3605,2025-10-22,Soft Drink,3.0,790.0,South,CUST0269,POS,Completed,2370.0
1243,2025-10-24,Water,5.0,490.0,South,CUST0175,Cash,Completed,2450.0
1720,2025-03-30,Coffee,6.0,1760.0,South,CUST0118,Cash,Completed,10560.0
1742,2025-09-06,Coffee,2.0,2000.0,East,CUST0352,Transfer,Returned,4000.0
5918,2025-12-22,Toothpaste,2.0,1310.0,West,CUST0161,Transfer,Pending,2620.0
5361,2025-11-30,Coffee,1.0,2040.0,South,CUST0295,Cash,Completed,2040.0
2747,2025-09-02,Cabbage,2.0,690.0,North,Unknown,Cash,Completed,1380.0
4703,2025-11-21,Eggs,12.0,1880.0,West,CUST0156,POS,Pending,22560.0
2030,2025-03-31,Yam,2.0,1530.0,WEST,CUST0348,POS,Completed,3060.0
1849,2025-04-07,Tomato Paste,8.0,730.0,South,CUST0377,Transfer,Returned,5840.0
6118,2025-04-06,Toilet Roll,6.0,820.0,South,CUST0001,Cash,Completed,4920.0
2690,2025-06-11,Juice,8.0,1730.0,East,CUST0367,Cash,Pending,13840.0
1855,2025-11-18,Coffee,10.0,1730.0,East,CUST0070,Cash,Completed,17300.0
4170,2025-05-28,Soft Drink,9.0,860.0,North,CUST0249,Transfer,Completed,7740.0
5631,2025-08-15,Sugar,4.0,1380.0,North,CUST0161,Cash,Completed,5520.0
4781,2025-05-05,Maggi,8.0,460.0,South,CUST0398,Cash,Completed,3680.0
1732,2025-07-16,Groundnut Oil,3.0,2240.0,East,CUST0592,Cash,Completed,6720.0
5950,2025-10-05,Cabbage,9.0,850.0,East,CUST0053,Cash,Completed,7650.0
5039,2025-11-20,Maggi,4.0,580.0,West,CUST0265,Transfer,Completed,2320.0
1744,2025-03-27,Water,2.0,490.0,North,CUST0056,Cash,Completed,980.0
2002,2025-01-05,Groundnut Oil,2.0,2130.0,North,CUST0367,Unknown,Pending,4260.0
1061,2025-12-19,Water,1.0,490.0,East,CUST0436,Transfer,Pending,490.0
2574,2025-05-30,Carrot,3.0,920.0,North,CUST0487,Cash,Completed,2760.0
1041,2025-04-15,Pepper,6.0,780.0,South,CUST0258,POS,Pending,4680.0
5447,2025-05-31,Carrot,1.0,850.0,North,CUST0113,POS,Completed,850.0
1439,2025-09-06,Tomato Paste,7.0,730.0,East,CUST0528,POS,Completed,5110.0
3542,2025-09-21,Sugar,6.0,1230.0,East,CUST0059,Transfer,Completed,7380.0
3632,2025-10-06,Sugar,5.0,1560.0,South,CUST0420,Transfer,Pending,7800.0
4296,2025-09-29,Maggi,5.0,570.0,South,CUST0242,Transfer,Completed,2850.0
4358,2025-08-15,Rice,5.0,1810.0,East,CUST0383,POS,Completed,9050.0
1005,2025-07-14,Milk,1.0,1400.0,North,CUST0045,Cash,Completed,1400.0
1758,2025-02-06,Milk,5.0,1190.0,South,CUST0020,POS,Completed,5950.0
5610,2025-11-20,Tea,7.0,1150.0,west ,CUST0038,Cash,Returned,8050.0
5988,2025-01-17,Toilet Roll,10.0,910.0,West,CUST0119,Transfer,Pending,9100.0
5539,2025-10-18,Maggi,12.0,450.0,West,CUST0239,Cash,Pending,5400.0
4635,2025-01-06,Tomato Paste,8.0,640.0,West,CUST0418,Transfer,Completed,5120.0
2671,2025-11-28,Toothpaste,3.0,1190.0,North,CUST0177,POS,Pending,3570.0
1610,2025-01-08,Butter,4.0,1760.0,North,CUST0511,POS,Completed,7040.0
2777,2025-04-27,Eggs,2.0,2200.0,South,CUST0444,Transfer,Pending,4400.0
4602,2025-12-05,Tomato Paste,6.0,650.0,West,CUST0477,Transfer,Completed,3900.0
3502,2025-06-27,Soft Drink,7.0,770.0,East,CUST0178,Transfer,Completed,5390.0
3985,2025-11-28,Maggi,8.0,510.0,North,CUST0519,Transfer,Completed,4080.0
3554,2025-07-09,Water,7.0,420.0,East,CUST0273,Transfer,Completed,2940.0
5895,2025-10-27,Toilet Roll,6.0,960.0,East,CUST0200,Transfer,Completed,5760.0
5651,2025-10-03,Unknown,10.0,2560.0,North,CUST0511,Transfer,Completed,25600.0
2332,2025-06-20,Sugar,9.0,1240.0,East,CUST0486,Transfer,Completed,11160.0
3115,2025-02-23,Groundnut Oil,6.0,2380.0,West,CUST0075,Cash,Pending,14280.0
1547,2025-03-24,Unknown,5.0,1490.0,West,CUST0045,Transfer,Completed,7450.0
1929,2025-10-19,Maggi,7.0,490.0,Unknown,CUST0516,Transfer,Completed,3430.0
3599,2025-02-04,Toothpaste,3.0,1110.0,South,CUST0202,Transfer,Pending,3330.0
4911,2025-11-28,Butter,9.0,1790.0,East,CUST0336,POS,Completed,16110.0
1809,2025-03-29,Yam,7.0,1510.0,North,CUST0296,POS,Completed,10570.0
3043,2025-07-01,Sugar,10.0,1330.0,Unknown,CUST0044,Transfer,Pending,13300.0
5538,2025-04-03,Carrot,1.0,880.0,West,CUST0068,Cash,Completed,880.0
1945,2025-08-30,Carrot,7.0,950.0,West,CUST0290,Cash,Completed,6650.0
5294,2025-01-29,Beans,3.0,1670.0,Unknown,CUST0570,Transfer,Completed,5010.0
5282,2025-11-01,Tomato Paste,10.0,640.0,North,CUST0616,Cash,Pending,6400.0
5317,2025-10-23,Butter,7.0,1660.0,West,CUST0273,Transfer,Completed,11620.0
3588,2025-08-30,Milk,2.0,1370.0,West,CUST0649,POS,Completed,2740.0
2000,2025-02-09,Water,5.0,510.0,South,CUST0127,Transfer,Pending,2550.0
4226,2025-12-20,Toothpaste,10.0,1290.0,East,CUST0294,POS,Returned,12900.0
2338,2025-01-11,Water,2.0,450.0,West,CUST0146,Transfer,Completed,900.0
3850,2025-03-09,Groundnut Oil,6.0,2370.0,West,CUST0414,Cash,Pending,14220.0
5041,2025-12-21,Tomato Paste,7.0,730.0,East,CUST0247,Transfer,Completed,5110.0
6121,2025-08-12,Unknown,8.0,1940.0,South,CUST0584,POS,Completed,15520.0
2053,2025-06-19,Unknown,5.0,1990.0,South,CUST0391,Transfer,Completed,9950.0
2239,2025-02-09,Soft Drink,7.0,810.0,North,CUST0415,POS,Completed,5670.0
2570,2025-10-24,Eggs,7.0,1910.0,West,CUST0376,Transfer,Completed,13370.0
3762,2025-08-18,Beans,4.0,1380.0,East,CUST0457,Cash,Completed,5520.0
5083,2025-09-12,Coffee,6.0,1820.0,West,Unknown,Transfer,Pending,10920.0
1701,2025-06-07,Bread,6.0,920.0,East,CUST0279,Transfer,Completed,5520.0
6004,2025-03-03,Water,7.0,510.0,East,CUST0500,POS,Completed,3570.0
4009,2025-07-02,Beans,1.0,1430.0,North,CUST0333,Transfer,Completed,1430.0
3466,2025-10-16,Yam,5.0,1770.0,North,CUST0492,Transfer,Completed,8850.0
1665,2025-12-02,Butter,10.0,2050.0,North,CUST0070,Cash,Returned,20500.0
3356,2025-12-29,Carrot,6.0,910.0,East,CUST0237,Cash,Pending,5460.0
5699,2025-01-26,Groundnut Oil,6.0,2290.0,North,Unknown,Cash,Pending,13740.0
4607,2025-06-15,Beans,6.0,1550.0,West,CUST0624,Cash,Completed,9300.0
4652,2025-07-25,Toothpaste,11.0,1370.0,West,CUST0553,POS,Completed,15070.0
4001,2025-11-03,juice,5.0,1690.0,North,CUST0401,Transfer,Completed,8450.0
2584,2025-11-08,Beans,3.0,1390.0,West,CUST0066,POS,Returned,4170.0
2374,2025-08-04,Cabbage,9.0,700.0,North,CUST0118,Transfer,Completed,6300.0
3416,2025-07-09,Yam,1.0,1720.0,East,CUST0587,Transfer,Pending,1720.0
2381,2025-10-19,Milk,1.0,1370.0,North,Unknown,Transfer,Completed,1370.0
1178,2025-06-14,Unknown,5.0,1120.0,East,CUST0462,Transfer,Pending,5600.0
5902,2025-09-13,Maggi,3.0,450.0,East,CUST0444,POS,Completed,1350.0
3675,2025-06-09,Eggs,4.0,1860.0,West,CUST0449,POS,Completed,7440.0
4394,2025-10-01,Soft Drink,6.0,930.0,East,CUST0444,Transfer,Completed,5580.0
1446,2025-01-05,Soft Drink,2.0,840.0,North,CUST0282,Transfer,Completed,1680.0
ORD-6890,2025-03-17,Maggi,2.0,460.0,North,CUST0083,Transfer,Pending,920.0
2230,2025-05-31,Butter,4.0,2000.0,South,CUST0249,Transfer,Completed,8000.0
1231,2025-02-24,Toothpaste,3.0,1210.0,North,CUST0461,Transfer,Completed,3630.0
2965,2025-01-19,Beans,4.0,1280.0,North,CUST0018,POS,Returned,5120.0
1897,2025-04-12,Yam,1.0,1570.0,South,CUST0387,POS,Pending,1570.0
3161,2025-08-26,Detergent,3.0,1910.0,North,CUST0576,Cash,Completed,5730.0
2955,2025-05-13,Butter,2.0,1730.0,North,CUST0426,Transfer,Completed,3460.0
4541,2025-09-01,Juice,6.0,1390.0,North,CUST0149,Unknown,Completed,8340.0
4866,2025-06-06,Tea,6.0,1120.0,West,CUST0059,POS,Completed,6720.0
1713,2025-10-01,Maggi,1.0,570.0,South,CUST0582,Transfer,Pending,570.0
6091,2025-05-17,Detergent,4.0,1870.0,North,CUST0035,Cash,Completed,7480.0
2851,2025-10-13,Carrot,3.0,760.0,Unknown,CUST0597,Transfer,Completed,2280.0
2289,2025-03-14,Unknown,3.0,1070.0,East,CUST0080,Cash,Completed,3210.0
3934,2025-01-11,Eggs,4.0,2150.0,East,CUST0443,Cash,Completed,8600.0
2907,2025-12-01,Cabbage,8.0,700.0,North,CUST0364,POS,Completed,5600.0
4613,2025-08-05,Bread,5.0,1080.0,East,CUST0564,Cash,Completed,5400.0
4384,2025-10-31,Cabbage,4.0,790.0,East,CUST0222,Transfer,Completed,3160.0
3726,2025-12-24,Beans,2.0,1520.0,East,CUST0083,Transfer,Completed,3040.0
1047,2025-01-13,Tomato Paste,2.0,740.0,South,CUST0255,Transfer,Pending,1480.0
1096,2025-08-08,Juice,3.0,1580.0,East,Unknown,Cash,Completed,4740.0
5540,2025-02-23,Coffee,-1.0,2050.0,West,CUST0282,POS,Completed,-2050.0
1237,2025-08-19,Toilet Roll,7.0,860.0,East,CUST0132,POS,Completed,6020.0
6021,2025-09-23,Beans,2.0,1390.0,North,CUST0145,Cash,Completed,2780.0
1903,2025-08-19,Soft Drink,9.0,790.0,South,CUST0088,Transfer,Completed,7110.0
1379,2025-03-03,Carrot,4.0,960.0,West,CUST0229,POS,Returned,3840.0
3049,2025-07-01,TEA,2.0,1130.0,North,CUST0126,Transfer,Completed,2260.0
4811,2025-07-22,Cabbage,6.0,730.0,West,CUST0332,Cash,Completed,4380.0
3593,2025-08-21,Groundnut Oil,3.0,2430.0,North,CUST0220,Transfer,Completed,7290.0
5773,2025-05-03,Groundnut Oil,8.0,2340.0,South,CUST0387,Transfer,Completed,18720.0
1703,2025-04-14,Beans,9.0,1460.0,East,CUST0495,POS,Completed,13140.0
4895,2025-10-11,Juice,1.0,1440.0,South,CUST0430,Transfer,Completed,1440.0
1064,2025-10-08,Tomato Paste,4.0,600.0,South,CUST0461,Transfer,Completed,2400.0
5910,2025-07-14,Bread,9.0,870.0,North,CUST0285,Unknown,Completed,7830.0
2559,2025-07-16,Bread,5.0,950.0,South,CUST0421,Transfer,Completed,4750.0
5504,2025-12-17,Bread,3.0,1040.0,North,CUST0277,Cash,Completed,3120.0
3399,2025-03-02,Unknown,4.0,970.0,East,CUST0376,Transfer,Pending,3880.0
1775,2025-07-12,Soft Drink,7.0,710.0,South,CUST0083,Transfer,Completed,4970.0
4106,2025-06-20,Yam,2.0,1540.0,South,CUST0306,POS,Completed,3080.0
1959,2025-06-05,Toothpaste,6.0,1160.0,North,CUST0009,POS,Pending,6960.0
2894,2025-12-31,Soft Drink,1.0,880.0,North,CUST0184,Cash,Pending,880.0
2858,2025-07-22,Pepper,1.0,750.0,North,CUST0401,Transfer,Pending,750.0
4266,2025-07-28,Groundnut Oil,3.0,2520.0,South,CUST0537,POS,Completed,7560.0
4165,2025-05-18,Toothpaste,4.0,1330.0,West,CUST0382,POS,Completed,5320.0
3264,2025-06-09,Rice,3.0,2080.0, South ,CUST0454,Transfer,Pending,6240.0
4177,2025-10-06,Rice,7.0,30000.0,East,CUST0430,Cash,Completed,210000.0
2697,2025-01-07,Toilet Roll,1.0,890.0,East,CUST0582,Cash,Pending,890.0
5646,2025-08-08,Butter,3.0,1610.0,South,CUST0048,POS,Completed,4830.0
1447,2025-08-24,Carrot,3.0,860.0,South,CUST0599,Transfer,Completed,2580.0
4140,2025-04-18,Beans,3.0,1310.0,East,CUST0490,Cash,Completed,3930.0
5760,2025-11-12,Juice,1.0,1350.0,West,CUST0530,POS,Completed,1350.0
2363,2025-03-29,Coffee,4.0,2100.0,West,CUST0488,Cash,Completed,8400.0
4562,2025-11-10,Eggs,8.0,1880.0,South,CUST0247,Transfer,Completed,15040.0
1059,2025-06-08,Maggi,2.0,470.0,East,CUST0048,Transfer,Completed,940.0
2521,2025-02-16,Beans,3.0,1590.0,North,CUST0470,Transfer,Completed,4770.0
3678,2025-04-12,Butter,7.0,2080.0,North,CUST0554,Transfer,Completed,14560.0
2711,2025-12-15,Carrot,6.0,960.0,East,CUST0469,POS,Pending,5760.0
2638,2025-05-17,Juice,7.0,1380.0,South,CUST0384,Cash,Completed,9660.0
1743,2025-03-20,Soft Drink,8.0,870.0,South,CUST0393,Unknown,Completed,6960.0
1254,2025-10-09,Rice,11.0,1710.0,South,CUST0489,Cash,Completed,18810.0
4324,2025-11-02,Tomato Paste,6.0,730.0,East,CUST0365,Transfer,Completed,4380.0
6065,2025-09-12,Soft Drink,8.0,770.0,West,CUST0093,Cash,Completed,6160.0
1684,2025-11-08,Rice,8.0,1750.0,South,CUST0465,Transfer,Completed,14000.0
1400,2025-11-19,Coffee,12.0,2010.0,East,CUST0392,POS,Completed,24120.0
5700,2025-07-27,Toothpaste,10.0,1270.0,East,CUST0168,POS,Pending,12700.0
1151,2025-02-03,Butter,2.0,1900.0,North,Unknown,POS,Completed,3800.0
3168,2025-06-16,Sugar,6.0,1450.0,West,CUST0592,POS,Completed,8700.0
4445,2025-06-23,Water,1.0,490.0,South,CUST0021,Cash,Completed,490.0
4446,2025-05-30,Maggi,3.0,560.0,West,CUST0210,Transfer,Completed,1680.0
4071,2025-10-30,Butter,7.0,2020.0,South,CUST0296,Cash,Returned,14140.0
1902,2025-12-13,Yam,2.0,1490.0,West,CUST0030,Transfer,Completed,2980.0
2717,2025-05-10,Detergent,5.0,1850.0,South,CUST0043,Cash,Completed,9250.0
2581,2025-04-27,Toilet Roll,6.0,880.0,East,CUST0409,Cash,Returned,5280.0
3317,2025-12-26,Tomato Paste,7.0,640.0,West,CUST0390,Cash,Returned,4480.0
6061,2025-07-18,Butter,7.0,1970.0,South,CUST0331,Transfer,Completed,13790.0
5099,2025-03-14,Coffee,5.0,1910.0,East,CUST0001,Transfer,Completed,9550.0
3971,2025-03-10,Maggi,2.0,580.0,South,CUST0297,Transfer,Completed,1160.0
2860,2025-02-08,Detergent,4.0,1560.0,East,CUST0576,Transfer,Pending,6240.0
1638,2025-01-04,Yam,3.0,1510.0,North,CUST0023,POS,Returned,4530.0
1779,2025-03-02,Tea,12.0,1270.0,North,CUST0553,Cash,Completed,15240.0
2187,2025-11-19,Juice,5.0,1420.0,West,CUST0411,Transfer,Returned,7100.0
4636,2025-10-08,Tomato Paste,4.0,690.0,South,CUST0452,POS,Completed,2760.0
1947,2025-06-05,Detergent,2.0,1810.0,East,CUST0368,POS,Completed,3620.0
2543,2025-07-25,Tomato Paste,1.0,740.0,North,CUST0082,POS,Completed,740.0
1445,2025-11-30,Eggs,4.0,1860.0,East,CUST0486,POS,Completed,7440.0
1257,2025-01-20,Yam,1.0,1660.0,East,CUST0344,Transfer,Returned,1660.0
4808,2025-06-12,Pepper,6.0,730.0,East,CUST0398,Cash,Completed,4380.0
5095,2025-03-26,Coffee,1.0,1990.0,South,CUST0354,POS,Pending,1990.0
1112,2025-08-30,Detergent,3.0,1810.0,South,CUST0196,POS,Completed,5430.0
1317,2025-11-01,Water,2.0,440.0,West,CUST0491,Transfer,Returned,880.0
3957,2025-07-09,Maggi,2.0,510.0,South,CUST0054,Transfer,Completed,1020.0
5038,2025-04-17,Groundnut Oil,4.0,2470.0,North,CUST0057,POS,Completed,9880.0
5421,2025-03-19,Beans,1.0,1640.0,North,CUST0315,Transfer,Returned,1640.0
2999,2025-10-17, Soft Drink ,5.0,730.0,South,CUST0640,Transfer,Completed,3650.0
5884,2025-03-10,Water,4.0,460.0,East,CUST0208,POS,Returned,1840.0
3755,2025-06-01,Butter,7.0,1800.0,North,CUST0287,Transfer,Unknown,12600.0
6136,2025-12-19,Tomato Paste,2.0,580.0,North,CUST0544,Transfer,Completed,1160.0
1140,2025-08-03,Toothpaste,5.0,1300.0,South,CUST0102,POS,Completed,6500.0
3995,2025-04-27,Pepper,3.0,620.0,East,CUST0187,Cash,Completed,1860.0
5882,2025-10-04,Tea,5.0,1040.0,North,Unknown,Transfer,Completed,5200.0
3871,2025-11-07,Eggs,5.0,2410.0,North,CUST0238,Cash,Completed,12050.0
2984,2025-01-24,Coffee,6.0,2090.0,West,CUST0224,Transfer,Completed,12540.0
5287,2025-08-29,Soft Drink,5.0,710.0,East,CUST0292,POS,Pending,3550.0
4368,2025-04-24,Tomato Paste,4.0,570.0,East,CUST0491,POS,Completed,2280.0
4276,2025-07-31,Toilet Roll,12.0,890.0,North,CUST0246,POS,Completed,10680.0
2776,2025-06-22,Eggs,2.0,2140.0,West,CUST0311,POS,Pending,4280.0
6078,2025-11-18,Detergent,8.0,1920.0,North,CUST0595,Cash,Completed,15360.0
3209,2025-06-03,Detergent,2.0,1740.0,East,CUST0202,Transfer,Completed,3480.0
6064,2025-11-02,Juice,1.0,1670.0,South,CUST0403,POS,Returned,1670.0
5703,2025-06-21,Eggs,6.0,2140.0,South,CUST0476,Transfer,Pending,12840.0
5787,2025-02-04,Juice,6.0,1610.0,North,CUST0322,POS,Completed,9660.0
5474,2025-06-09,Cabbage,6.0,700.0,East,CUST0357,POS,Pending,4200.0
4724,2025-11-08,Yam,5.0,1590.0,East,CUST0267,Transfer,Completed,7950.0
3198,2025-04-27,Tomato Paste,2.0,730.0,East,CUST0351,Transfer,Returned,1460.0
3958,2025-05-01,Rice,11.0,1840.0,South,CUST0143,Transfer,Completed,20240.0
3551,2025-04-13,Sugar,9.0,1460.0,West,CUST0102,Cash,Pending,13140.0
4292,2025-12-12,Tea,7.0,1040.0,South,CUST0510,POS,Completed,7280.0
5400,2025-11-11, Water ,4.0,510.0,East,CUST0220,POS,Completed,2040.0
1699,2025-10-12,Pepper,5.0,660.0,North,CUST0363,Transfer,Completed,3300.0
2923,2025-08-03,Cabbage,5.0,750.0,West,CUST0167,Cash,Returned,3750.0
3390,2025-12-11,Rice,2.0,1950.0,East,CUST0131,Transfer,Completed,3900.0
4014,2025-01-24,Sugar,7.0,1310.0,East,CUST0554,Cash,Completed,9170.0
5009,2025-05-15,Eggs,5.0,2100.0,South,CUST0079,Transfer,Completed,10500.0
3423,2025-04-26,Groundnut Oil,2.0,2720.0,East,CUST0031,Cash,Completed,5440.0
5512,2025-09-10,Detergent,4.0,1660.0,North,CUST0580,Transfer,Pending,6640.0
3039,2025-03-21,Coffee,6.0,1790.0,South,CUST0634,Cash,Completed,10740.0
3431,2025-06-16,Carrot,5.0,900.0,East,CUST0038,Transfer,Completed,4500.0
5825,2025-12-19,Water,2.0,490.0,West,CUST0160,Cash,Completed,980.0
3097,2025-01-25,Cabbage,12.0,810.0,East,CUST0270,Transfer,Returned,9720.0
3687,2025-10-06,Yam,12.0,1830.0,Unknown,CUST0492,POS,Completed,21960.0
5858,2025-07-03,Sugar,5.0,1230.0,East,CUST0202,POS,Completed,6150.0
5710,2025-04-21,Tea,5.0,1070.0,South,CUST0643,Transfer,Completed,5350.0
5901,2025-12-25,TEA,9.0,1060.0,East,CUST0528,POS,Completed,9540.0
2417,2025-03-24,Unknown,3.0,1780.0,West,CUST0606,Transfer,Completed,5340.0
2698,2025-04-07,Sugar,5.0,1380.0,West,CUST0354,Transfer,Completed,6900.0
2251,2025-02-14,Toothpaste,4.0,1210.0,West,CUST0303,Transfer,Completed,4840.0
2427,2025-04-03,Tea,8.0,970.0,East,CUST0429,Transfer,Completed,7760.0
3705,2025-09-12,Rice,6.0,1850.0,North,CUST0230,POS,Pending,11100.0
1961,2025-12-24,Groundnut Oil,3.0,2660.0,South,CUST0203,POS,Completed,7980.0
5366,2025-07-30,Sugar,1.0,1240.0,South,CUST0067,Transfer,Completed,1240.0
2872,2025-09-11,Eggs,4.0,2430.0,North,CUST0524,Cash,Completed,9720.0
4784,2025-09-02,Bread,8.0,1060.0,South,CUST0623,Transfer,Pending,8480.0
2379,2025-06-24,Milk,2.0,1360.0,South,CUST0195,POS,Completed,2720.0
1518,2025-10-03,Sugar,5.0,1420.0,West,CUST0645,POS,Pending,7100.0
5339,2025-08-16,Butter,3.0,1990.0,West,CUST0424,Transfer,Completed,5970.0
5377,2025-08-02,Toilet Roll,5.0,840.0,East,CUST0565,Transfer,Completed,4200.0
5288,2025-05-26,Soft Drink,5.0,770.0,South,CUST0473,POS,Returned,3850.0
3674,2025-12-12,Toilet Roll,4.0,850.0,South,CUST0061,POS,Completed,3400.0
3339,2025-01-19,Milk,3.0,1120.0,North,CUST0575,Cash,Completed,3360.0
3331,2025-10-15,Carrot,5.0,930.0,East,CUST0094,Transfer,Completed,4650.0
2453,2025-09-05,Butter,8.0,2020.0,South,CUST0241,Transfer,Completed,16160.0
1060,2025-08-22,Milk,4.0,1320.0,West,CUST0394,Cash,Completed,5280.0
4952,2025-10-04,Detergent,7.0,1560.0,South,CUST0427,Transfer,Completed,10920.0
1325,2025-09-19,Coffee,6.0,2020.0,West,CUST0457,Transfer,Completed,12120.0
4259,2025-01-05,Butter,5.0,1970.0,West,CUST0569,POS,Pending,9850.0
4205,2025-02-14,Toothpaste,7.0,1270.0,South,Unknown,Transfer,Completed,8890.0
3796,2025-10-14,Toothpaste,3.0,1320.0,West,CUST0252,Transfer,Completed,3960.0
1427,2025-12-09,Milk,3.0,1290.0,West,CUST0567,Transfer,Completed,3870.0
1215,2025-05-15,bread,7.0,1020.0,West,CUST0627,Transfer,Pending,7140.0
2271,2025-01-09,Carrot,3.0,820.0,East,CUST0512,Cash,Completed,2460.0
1083,2025-05-23,Milk,8.0,1190.0,South,CUST0584,Cash,Completed,9520.0
2598,2025-08-02,Cabbage,1.0,890.0,East,CUST0419,Transfer,Pending,890.0
1147,2025-01-09,Pepper,2.0,630.0,South,CUST0539,Transfer,Completed,1260.0
3299,2025-09-22,Sugar,8.0,1540.0,West,CUST0172,Transfer,Completed,12320.0
1678,2025-08-21,Sugar,5.0,1460.0,West,CUST0466,Transfer,Completed,7300.0
4715,2025-02-19,Tomato Paste,8.0,710.0,West,CUST0498,POS,Completed,5680.0
5305,2025-10-28,Detergent,1.0,1990.0,West,CUST0557,Cash,Completed,1990.0
1442,2025-07-23,Toilet Roll,5.0,820.0,East,CUST0248,Transfer,Completed,4100.0
2606,2025-05-14,Maggi,5.0,550.0,East,CUST0144,POS,Completed,2750.0
4859,2025-12-04,Water,3.0,500.0,North,CUST0113,POS,Completed,1500.0
2852,2025-04-14,Coffee,2.0,1790.0,South,CUST0012,Transfer,Completed,3580.0
4626,2025-05-02,Detergent,1.0,1650.0,North,CUST0595,POS,Completed,1650.0
1344,2025-08-13,Milk,8.0,1140.0,West,CUST0215,POS,Completed,9120.0
3384,2025-04-21,Soft Drink,1.0,920.0,West,CUST0521,POS,Completed,920.0
1932,2025-04-19,Sugar,2.0,1470.0,North,CUST0109,Transfer,Completed,2940.0
2344,2025-05-28,Detergent,1.0,1680.0,South,CUST0042,Transfer,Pending,1680.0
5565,2025-01-26,Butter,8.0,1970.0,West,CUST0163,Cash,Completed,15760.0
1762,2025-06-20,Carrot,6.0,840.0,East,CUST0375,Cash,Returned,5040.0
5525,2025-08-18,Sugar,6.0,1460.0,South,CUST0295,Cash,Pending,8760.0
4431,2025-05-31,Butter,1.0,1800.0,West,CUST0525,Cash,Completed,1800.0
2757,2025-05-14,Carrot,5.0,860.0,North,CUST0086,POS,Pending,4300.0
6032,2025-08-05,Tomato Paste,5.0,750.0,North,CUST0482,Cash,Completed,3750.0
4066,2025-07-19,Eggs,2.0,1920.0,North,CUST0558,Transfer,Completed,3840.0
4428,2025-12-06,Juice,10.0,1500.0,West,Unknown,Cash,Completed,15000.0
4242,2025-05-20,Beans,3.0,-500.0,South,CUST0522,Transfer,Completed,-1500.0
5350,2025-10-21,Bread,1.0,1030.0,North,CUST0071,POS,Completed,1030.0
5941,2025-05-08,Milk,3.0,1270.0,North,CUST0161,Cash,Pending,3810.0
2507,2025-03-09,Tea,3.0,1080.0,Unknown,CUST0183,Transfer,Completed,3240.0
3899,2025-12-03,Soft Drink,7.0,840.0,West,CUST0221,Transfer,Completed,5880.0
4913,2025-01-07,Sugar,3.0,1240.0,North,CUST0579,Cash,Completed,3720.0
5624,2025-08-31,Groundnut Oil,2.0,2590.0,Unknown,CUST0135,Cash,Completed,5180.0
5289,2025-08-12,Bread,4.0,890.0,North,CUST0432,Unknown,Completed,3560.0
2114,2025-11-09,Cabbage,1.0,760.0,Unknown,CUST0103,Transfer,Pending,760.0
6145,2025-09-25,Unknown,6.0,1850.0,East,CUST0089,Transfer,Completed,11100.0
1145,2025-03-17,Pepper,7.0,730.0,North,CUST0149,POS,Completed,5110.0
5067,2025-01-05,Detergent,8.0,1910.0,East,CUST0458,Transfer,Completed,15280.0
5768,2025-02-03,Soft Drink,4.0,880.0,South,CUST0050,POS,Completed,3520.0
4933,2025-10-07,Yam,7.0,1780.0,Unknown,CUST0562,POS,Completed,12460.0
1634,2025-03-27,Bread,7.0,980.0,North,CUST0162,Cash,Completed,6860.0
1272,2025-11-25,Butter,11.0,1910.0,South,CUST0384,POS,Completed,21010.0
3369,2025-12-26,Juice,7.0,1410.0,West,CUST0316,Transfer,Completed,9870.0
5337,2025-02-25,Butter,4.0,1880.0,North,CUST0348,POS,Completed,7520.0
1533,2025-09-03,Pepper,4.0,690.0,North,CUST0499,Cash,Completed,2760.0
5981,2025-09-20,Groundnut Oil,2.0,2550.0,West,CUST0447,Cash,Completed,5100.0
4407,2025-02-04,Toothpaste,5.0,1340.0,North,CUST0506,Card,Pending,6700.0
1354,2025-03-05,Rice,9.0,1710.0,South,CUST0001,POS,Completed,15390.0
3005,2025-05-09,Milk,7.0,1290.0,West,CUST0046,Cash,Completed,9030.0
1814,2025-03-21,Pepper,1.0,760.0,North,CUST0303,Cash,Completed,760.0
4492,2025-07-12,Bread,4.0,1040.0,West,CUST0221,Cash,Returned,4160.0
2200,2025-07-23,Tea,4.0,1130.0,East,CUST0170,Transfer,Completed,4520.0
5508,2025-06-27, Tea ,5.0,1150.0,North,CUST0524,Transfer,Completed,5750.0
6104,2025-07-29,Coffee,3.0,2030.0,North,CUST0595,Transfer,Completed,6090.0
6122,2025-06-21,Pepper,11.0,770.0,East,CUST0300,Transfer,Completed,8470.0
2185,2025-09-19,Butter,2.0,1730.0,East,CUST0270,POS,Completed,3460.0
2080,2025-03-29,Juice,3.0,1360.0,North,CUST0647,Cash,Completed,4080.0
5051,2025-01-21,Coffee,8.0,2190.0,North,CUST0573,Transfer,Completed,17520.0
6057,2025-11-25,Maggi,3.0,580.0,South,CUST0434,Transfer,Returned,1740.0
6096,2025-05-10,Eggs,4.0,1890.0,West,CUST0458,Cash,Pending,7560.0
2431,2025-02-07,Beans,6.0,1420.0,South,CUST0419,Cash,Completed,8520.0
4362,2025-01-25,Water,3.0,470.0,West,CUST0280,Transfer,Completed,1410.0
2157,2025-07-14,Tomato Paste,1.0,680.0,East,CUST0277,Transfer,Completed,680.0
1311,2025-05-19,Carrot,2.0,770.0,South,CUST0460,Cash,Completed,1540.0
4254,2025-10-04,Pepper,7.0,800.0,South,CUST0562,Cash,Pending,5600.0
6043,2025-12-16,Coffee,5.0,2000.0,West,CUST0134,Cash,Completed,10000.0
4114,2025-07-21,Eggs,4.0,2030.0,West,CUST0347,Transfer,Completed,8120.0
2931,2025-03-29,Tea,9.0,1220.0,South,CUST0111,Transfer,Completed,10980.0
2503,2025-07-29,Toilet Roll,2.0,980.0,East,CUST0319,Transfer,Completed,1960.0
5097,2025-09-26,Water,4.0,480.0,East,CUST0413,Cash,Completed,1920.0
1101,2025-08-13,Yam,2.0,1720.0,South,CUST0279,Cash,Completed,3440.0
4493,2025-10-28,Bread,2.0,980.0,East,CUST0561,POS,Completed,1960.0
4094,2025-09-26,Water,3.0,430.0,North,CUST0466,POS,Completed,1290.0
1177,2025-10-25,Groundnut Oil,5.0,2640.0,East,CUST0461,POS,Completed,13200.0
5750,2025-04-19,Tomato Paste,3.0,700.0,South,CUST0018,POS,Completed,2100.0
3602,2025-02-21,Beans,4.0,1630.0,North,CUST0436,Cash,Completed,6520.0
1710,2025-10-21,Yam,3.0,1440.0,North,CUST0554,Transfer,Completed,4320.0
3131,2025-04-24,Cabbage,8.0,730.0,East,CUST0349,Transfer,Completed,5840.0
3016,2025-06-11,Eggs,3.0,1970.0,East,CUST0201,Transfer,Completed,5910.0
3945,2025-06-04, Toothpaste ,1.0,1180.0,South,CUST0007,Transfer,Completed,1180.0
1773,2025-10-31,Beans,2.0,1300.0,North,CUST0145,POS,Completed,2600.0
5458,2025-01-14,Rice,2.0,2110.0,East,CUST0522,POS,Completed,4220.0
4966,2025-05-11,Beans,3.0,1410.0,North,CUST0599,Cash,Completed,4230.0
5616,2025-02-14,Tea,1.0,1160.0,South,CUST0496,Transfer,Completed,1160.0
2975,2025-01-21,Cabbage,3.0,880.0,East,CUST0342,Transfer,Completed,2640.0
3262,2025-04-02,Eggs,1.0,2390.0,Unknown,CUST0281,POS,Completed,2390.0
3897,2025-03-26,Sugar,11.0,1400.0,West,CUST0012,Transfer,Completed,15400.0
1904,2025-12-21,Pepper,4.0,660.0,South,CUST0434,Cash,Completed,2640.0
1590,2025-06-26,Eggs,1.0,1920.0,West,CUST0591,Cash,Completed,1920.0
5958,2025-07-07,Toilet Roll,9.0,830.0,East,CUST0640,POS,Completed,7470.0
3994,2025-11-30,Toothpaste,1.0,1350.0,East,CUST0338,Cash,Completed,1350.0
5330,2025-09-08,Sugar,6.0,1450.0,East,CUST0286,Transfer,Completed,8700.0
5103,2025-05-27,Pepper,4.0,700.0,North,CUST0204,Transfer,Completed,2800.0
2820,2025-09-03,Yam,2.0,1530.0,North,CUST0193,Transfer,Completed,3060.0
5891,2025-07-08,Pepper,3.0,780.0,West,CUST0326,Cash,Completed,2340.0
1977,2025-06-22,Unknown,7.0,2430.0,West,CUST0142,Cash,Completed,17010.0
1478,2025-05-20,Groundnut Oil,8.0,2580.0,South,CUST0432,Cash,Pending,20640.0
5406,2025-03-15,Sugar,6.0,1400.0,East,CUST0502,POS,Completed,8400.0
2108,2025-01-31,Tea,6.0,1220.0,West,CUST0266,POS,Pending,7320.0
4469,2025-11-26,Beans,6.0,1510.0,North,Unknown,POS,Completed,9060.0
3045,2025-12-09,Rice,1.0,1820.0,South,CUST0287,POS,Completed,1820.0
2291,2025-12-18,Tea,4.0,1240.0,South,CUST0165,Transfer,Completed,4960.0
1093,2025-05-10,Beans,10.0,1470.0,East,CUST0411,Unknown,Completed,14700.0
5429,2025-03-23,Eggs,3.0,2100.0,East,CUST0459,Cash,Completed,6300.0
3291,2025-11-05,Detergent,5.0,1760.0,East,CUST0016,Cash,Completed,8800.0
4300,2025-03-28,Pepper,2.0,800.0,East,CUST0475,Transfer,Completed,1600.0
1864,2025-11-17,Rice,3.0,1680.0,North,CUST0366,Transfer,Completed,5040.0
1129,2025-01-05,Eggs,5.0,2250.0,East,CUST0621,Cash,Pending,11250.0
5196,2025-03-02,Maggi,12.0,540.0,West,CUST0406,Cash,Completed,6480.0
ORD-3277,2025-08-20,Soft Drink,9.0,810.0,North,CUST0595,Cash,Pending,7290.0
2636,2025-04-26,Butter,6.0,1960.0,South,CUST0290,POS,Completed,11760.0
6074,2025-07-25,Cabbage,2.0,15000.0,South,CUST0206,Transfer,Completed,30000.0
2816,2025-03-03,Tea,9.0,1200.0,East,CUST0488,Transfer,Completed,10800.0
5375,2025-10-19,Coffee,10.0,2080.0,North,CUST0544,POS,Completed,20800.0
5544,2025-09-25,Bread,5.0,1040.0,North,CUST0356,Transfer,Completed,5200.0
2699,2025-11-04,Butter,3.0,1670.0,Unknown,Unknown,Cash,Pending,5010.0
1338,2025-06-11,Sugar,8.0,1420.0,Unknown,CUST0010,Cash,Completed,11360.0
3478,2025-10-29,Soft Drink,3.0,840.0,North,CUST0283,Cash,Completed,2520.0
2994,2025-12-20,Eggs,1.0,2350.0,North,CUST0414,Transfer,Completed,2350.0
6042,2025-08-17,Yam,7.0,1430.0,South,CUST0591,Unknown,Completed,10010.0
1122,2025-11-21,Bread,6.0,860.0,West,CUST0307,POS,Completed,5160.0
5890,2025-07-20,Rice,2.0,1750.0,North,CUST0098,POS,Completed,3500.0
2691,2025-11-11,Milk,1.0,1240.0,West,CUST0200,Transfer,Completed,1240.0
2012,2025-11-17,Water,1.0,460.0,East,CUST0607,POS,Unknown,460.0
4251,2025-02-04,Toothpaste,5.0,1200.0,South,CUST0154,Cash,Completed,6000.0
1620,2025-11-27,Toothpaste,7.0,1330.0,South,CUST0198,Transfer,Completed,9310.0
2568,2025-08-13,rice,4.0,2000.0,North,CUST0408,POS,Completed,8000.0
1261,2025-02-18,maggi,2.0,460.0,North,Unknown,Transfer,Completed,920.0
2530,2025-09-04,Maggi,1.0,570.0,South,CUST0184,Transfer,Completed,570.0
2715,2025-12-15,Tomato Paste,5.0,730.0,North,CUST0210,POS,Completed,3650.0
5108,2025-01-18,Bread,5.0,920.0,South,CUST0406,Cash,Completed,4600.0
3973,2025-04-06,Water,3.0,450.0,West,CUST0637,POS,Completed,1350.0
4463,2025-06-10,Toothpaste,6.0,1230.0,South,CUST0508,Transfer,Completed,7380.0
4313,2025-11-24,Detergent,2.0,2000.0,North, CUST0177 ,POS,Completed,4000.0
2884,2025-08-15,Cabbage,5.0,770.0,East,CUST0616,POS,Completed,3850.0
3707,2025-04-23,Tomato Paste,8.0,630.0,East,CUST0110,Cash,Completed,5040.0
5945,2025-02-13,Milk,3.0,1380.0,South,CUST0312,Cash,Completed,4140.0
3136,2025-12-15,Detergent,3.0,1670.0,East,CUST0199,Transfer,Completed,5010.0
4970,2025-11-29,Groundnut Oil,1.0,2180.0,South,CUST0489,POS,Completed,2180.0
4304,2025-03-05,Yam,7.0,1460.0,South,CUST0338,Cash,Completed,10220.0
2287,2025-10-02,Tea,8.0,1190.0,South,Unknown,Cash,Completed,9520.0
5055,2025-08-22,Unknown,10.0,460.0,East,CUST0350,Cash,Completed,4600.0
3840,2025-02-09,Eggs,7.0,1950.0,North,CUST0354,Transfer,Completed,13650.0
5006,2025-12-31,Yam,8.0,1850.0,South,CUST0088,Transfer,Completed,14800.0
4417,2025-03-29,Water,6.0,520.0,East,Unknown,Cash,Pending,3120.0
2649,2025-11-21,Water,8.0,420.0,West,CUST0554,POS,Completed,3360.0
2589,2025-09-10,Eggs,5.0,2040.0,South,CUST0527,Transfer,Completed,10200.0
3200,2025-07-05,Soft Drink,9.0,790.0,South,CUST0578,POS,Completed,7110.0
3372,2025-07-16,Milk,4.0,1180.0,West,CUST0632,POS,Completed,4720.0
5712,2025-06-07,Toilet Roll,7.0,860.0,North,CUST0273,Transfer,Completed,6020.0
2238,2025-04-19,Butter,4.0,1610.0,South,CUST0189,POS,Returned,6440.0
5781,2025-02-24,Sugar,10.0,1530.0,South,CUST0293,Cash,Completed,15300.0
3411,2025-12-20,Beans,3.0,1310.0,North,CUST0542,Cash,Completed,3930.0
4751,2025-02-17,Groundnut Oil,8.0,2490.0,East,CUST0105,POS,Pending,19920.0
4657,2025-02-10,Maggi,2.0,440.0,West,CUST0004,Transfer,Pending,880.0
5403,2025-07-22,Carrot,1.0,770.0,Unknown,CUST0294,POS,Pending,770.0
4153,2025-05-22,Soft Drink,4.0,910.0,North,CUST0437,Transfer,Completed,3640.0
5757,2025-10-10,Pepper,7.0,700.0,Unknown,CUST0085,Cash,Completed,4900.0
2013,2025-05-07,Eggs,2.0,1990.0,North,CUST0056,POS,Completed,3980.0
5168,2025-04-28,Soft Drink,3.0,740.0,West,CUST0130,Transfer,Completed,2220.0
5151,2025-10-17, Eggs ,8.0,1870.0,South,CUST0012,Cash,Pending,14960.0
3751,2025-03-04,Tomato Paste,3.0,620.0,North,CUST0329,Cash,Pending,1860.0
4559,2025-10-26,Pepper,9.0,710.0,North,CUST0334,Transfer,Completed,6390.0
4597,2025-10-04,Water,2.0,470.0,South,CUST0440,Cash,Pending,940.0
4519,2025-09-09,Toothpaste,5.0,1370.0,South,CUST0391,Transfer,Completed,6850.0
4664,2025-01-26,Tomato Paste,7.0,730.0,North,CUST0457,POS,Completed,5110.0
4677,2025-07-05,Cabbage,4.0,760.0,South,CUST0315,Transfer,Completed,3040.0
2028,2025-07-12,Pepper,2.0,650.0,Unknown,CUST0372,Transfer,Completed,1300.0
4355,2025-11-11,Maggi,1.0,450.0,south,CUST0235,POS,Completed,450.0
2267,2025-01-08,Pepper,2.0,710.0,West,CUST0512,POS,Completed,1420.0
2998,2025-05-09,Tomato Paste,6.0,620.0,West,CUST0644,Transfer,Pending,3720.0
3028,2025-10-23,Maggi,5.0,480.0,East,CUST0155,Transfer,Completed,2400.0
2298,2025-06-09,Juice,2.0,1410.0,South,CUST0444,POS,Completed,2820.0
4850,2025-04-03,Sugar,2.0,1270.0,South,CUST0535,Cash,Completed,2540.0
2241,2025-01-15,Pepper,2.0,650.0,East,CUST0067,Transfer,Completed,1300.0
1863,2025-06-14,Yam,1.0,1670.0,West,Unknown,Transfer,Completed,1670.0
2511,2025-06-27,Tomato Paste,5.0,700.0,North,CUST0213,Transfer,Returned,3500.0
1268,2025-08-15,Toilet Roll,2.0,840.0,South,Unknown,Transfer,Completed,1680.0
3514,2025-08-21,Milk,8.0,1400.0,South,Unknown,Cash,Pending,11200.0
2684,2025-12-29,Toilet Roll,4.0,870.0,West,CUST0357,Cash,Completed,3480.0
2542,2025-02-21,Water,3.0,520.0,East,CUST0346,POS,Completed,1560.0
4206,2025-01-31,Soft Drink,2.0,760.0,East,CUST0401,Cash,Completed,1520.0
2240,2025-11-28,Carrot,4.0,810.0,East,CUST0080,Transfer,Pending,3240.0
1589,2025-02-19,Water,4.0,440.0,North,CUST0369,Cash,Returned,1760.0
4857,2025-10-22,Coffee,4.0,2100.0,Unknown,CUST0583,Transfer,Completed,8400.0
4594,2025-07-11,Sugar,6.0,1310.0,North,CUST0079,Transfer,Completed,7860.0
1109,2025-08-13,Yam,8.0,1630.0,East,CUST0646,Cash,Completed,13040.0
3244,2025-08-16,Toilet Roll,5.0,810.0,East,CUST0639,POS,Completed,4050.0
5183,2025-08-30,Water,3.0,410.0,West,CUST0400,Cash,Completed,1230.0
1506,2025-10-10,Pepper,1.0,760.0,West,CUST0636,POS,Pending,760.0
5124,2025-06-23,Bread,1.0,1040.0,South,CUST0321,POS,Completed,1040.0
5434,2025-06-26,Butter,3.0,1800.0,North,Unknown,Transfer,Pending,5400.0
4293,2025-09-15,Soft Drink,3.0,740.0,East,CUST0316,Transfer,Completed,2220.0
4013,2025-11-15,Beans,3.0,1660.0,West,CUST0218,Cash,Completed,4980.0
1055,2025-12-23,Cabbage,3.0,710.0,South,CUST0389,Cash,Pending,2130.0
3780,2025-04-17,Tea,2.0,1230.0,Unknown,CUST0260,POS,Completed,2460.0
4943,2025-07-12,Eggs,9.0,2150.0,East,CUST0114,Transfer,Completed,19350.0
2159,2025-05-21,Coffee,1.0,1920.0,West,CUST0388,POS,Pending,1920.0
3966,2025-10-25,Cabbage,75.0,760.0,East,CUST0568,Transfer,Pending,57000.0
2086,2025-09-24,Beans,7.0,1440.0,North,CUST0025,Transfer,Completed,10080.0
3238,2025-10-25,Groundnut Oil,7.0,2650.0,South,CUST0187,Transfer,Completed,18550.0
3881,2025-05-22,Water,1.0,450.0,East,CUST0434,POS,Completed,450.0
5716,2025-11-19,Cabbage,2.0,870.0,South,CUST0435,Transfer,Completed,1740.0
1073,2025-06-17,Groundnut Oil,3.0,2700.0,North,CUST0432,Transfer,Completed,8100.0
1594,2025-11-27,Soft Drink,4.0,900.0,North,Unknown,Cash,Completed,3600.0
3824,2025-05-15,Rice,9.0,2090.0,East,CUST0595,Transfer,Completed,18810.0
3950,2025-06-23,Eggs,2.0,1970.0,South,CUST0380,Cash,Completed,3940.0
2007,2025-09-30,Maggi,5.0,540.0,South,CUST0003,POS,Completed,2700.0
3096,2025-11-02,Butter,2.0,1590.0,East,CUST0504,Cash,Pending,3180.0
5370,2025-12-20,Maggi,4.0,510.0,South,CUST0508,POS,Completed,2040.0
2703,2025-06-23,Milk,3.0,1150.0,South,CUST0193,POS,Completed,3450.0
1724,2025-08-17,Juice,2.0,1610.0,North,CUST0307,Cash,Pending,3220.0
2249,2025-11-16,Carrot,8.0,850.0,South,CUST0245,Transfer,Completed,6800.0
2175,2025-06-02,Pepper,3.0,620.0,West,CUST0412,Transfer,Completed,1860.0
2618,2025-02-21,Sugar,1.0,1420.0,East,Unknown,Cash,Returned,1420.0
5563,2025-05-19,Rice,4.0,1780.0,South,CUST0644,POS,Completed,7120.0
6089,2025-03-15,Carrot,5.0,850.0,South,CUST0107,Transfer,Pending,4250.0
4158,2025-05-31,Milk,8.0,1330.0,North,CUST0114,POS,Completed,10640.0
3798,2025-10-03,Juice,12.0,1420.0,West,CUST0276,POS,Completed,17040.0
3894,2025-04-12,Butter,11.0,1700.0,East,CUST0391,Unknown,Completed,18700.0
3314,2025-09-24,Toothpaste,9.0,1250.0,South,CUST0542,POS,Completed,11250.0
2567,2025-08-02,Milk,10.0,1410.0,East,CUST0622,Cash,Completed,14100.0
3887,2025-04-21,Carrot,4.0,750.0,East,CUST0160,POS,Completed,3000.0
2560,2025-03-12,Coffee,5.0,1990.0,East,CUST0614,Cash,Completed,9950.0
2016,2025-06-04,Beans,5.0,1450.0,East,CUST0058,Cash,Completed,7250.0
4567,2025-06-08,Detergent,1.0,1800.0,North,CUST0479,Transfer,Completed,1800.0
2396,2025-08-16,Coffee,6.0,2230.0,North,CUST0251,Cash,Completed,13380.0
1028,2025-08-15,Milk,7.0,1400.0,East,CUST0052,Cash,Completed,9800.0
ORD-5807,2025-01-30,BEANS,11.0,1440.0,South,CUST0103,Transfer,Completed,15840.0
3143,2025-07-16,Groundnut Oil,5.0,2750.0,East,CUST0606,Cash,Completed,13750.0
4577,2025-02-23,Beans,4.0,1290.0,South,CUST0472,Cash,Completed,5160.0
3548,2025-10-12,Sugar,12.0,1270.0,South,CUST0209,Transfer,Completed,15240.0
1992,2025-10-03,Coffee,10.0,2240.0,South,CUST0043,Transfer,Completed,22400.0
3305,2025-11-25,Toothpaste,2.0,1160.0,South,CUST0603,Transfer,Completed,2320.0
4981,2025-07-07,Bread,7.0,890.0,North,CUST0203,Transfer,Unknown,6230.0
4894,2025-07-24,Beans,2.0,1340.0,East,UNKNOWN,POS,Completed,2680.0
2423,2025-12-21,Bread,3.0,1030.0,South,CUST0371,Transfer,Completed,3090.0
3560,2025-08-11,Maggi,5.0,440.0,South,CUST0306,POS,Completed,2200.0
3665,2025-05-06,Yam,4.0,1850.0,West,CUST0231,POS,Unknown,7400.0
4213,2025-09-15,Water,8.0,440.0,WEST,CUST0130,POS,Completed,3520.0
5868,2025-06-24,Beans,4.0,1460.0,South,CUST0506,Transfer,Completed,5840.0
3020,2025-10-03,Toilet Roll,1.0,860.0,West,CUST0183,Transfer,Completed,860.0
4640,2025-10-04,Tomato Paste,11.0,690.0,West,CUST0295,Unknown,Completed,7590.0
2576,2025-10-26,Tea,3.0,1150.0,North,CUST0373,Cash,Completed,3450.0
5486,2025-10-10,Yam,4.0,1620.0,South,CUST0264,POS,Completed,6480.0
2552,2025-06-05,Carrot,3.0,820.0,South,CUST0031,Transfer,Completed,2460.0
1172,2025-06-28,Tea,3.0,1260.0,West,CUST0242,Transfer,Completed,3780.0
2107,2025-04-12,Butter,4.0,1840.0,East,CUST0462,Cash,Completed,7360.0
4511,2025-05-17,Groundnut Oil,5.0,2530.0,Unknown,CUST0261,POS,Completed,12650.0
4974,2025-11-16,Sugar,8.0,1550.0,West,CUST0291,Cash,Completed,12400.0
5146,2025-02-23,Soft Drink,8.0,900.0,South,CUST0649,Transfer,Completed,7200.0
5874,2025-12-22,Bread,6.0,920.0,South,CUST0365,POS,Completed,5520.0
1365,2025-07-20,Tea,3.0,980.0,West,CUST0507,Transfer,Completed,2940.0
5569,2025-01-04,Rice,5.0,2030.0,East,CUST0342,POS,Pending,10150.0
4793,2025-09-20,Toothpaste,2.0,1310.0,NORTH,CUST0385,POS,Completed,2620.0
2796,2025-07-22,Unknown,2.0,740.0,East,CUST0290,Transfer,Completed,1480.0
1939,2025-08-01,Tomato Paste,8.0,710.0,North,CUST0038,Cash,Completed,5680.0
5697,2025-11-13,Milk,5.0,1230.0,West,CUST0311,Transfer,Completed,6150.0
1708,2025-09-30,Eggs,3.0,2110.0,East,CUST0280,Transfer,Completed,6330.0
3105,2025-08-20,Coffee,2.0,1850.0,East,CUST0408,Cash,Completed,3700.0
4024,2025-08-24,Maggi,4.0,510.0,South,CUST0372,Cash,Returned,2040.0
3342,2025-01-20,Tomato Paste,6.0,650.0,West,CUST0258,POS,Returned,3900.0
4393,2025-10-07,Eggs,8.0,2310.0,South,CUST0365,Cash,Completed,18480.0
5912,2025-02-08,Butter,4.0,1610.0,West,CUST0281,Transfer,Completed,6440.0
2176,2025-04-12,Detergent,1.0,1790.0,West,CUST0421,Transfer,Completed,1790.0
5098,2025-09-11,Yam,4.0,1450.0,North,CUST0582,Cash,Completed,5800.0
3827,2025-08-26,Yam,1.0,1830.0,West,CUST0392,POS,Completed,1830.0
3326,2025-01-26,Rice,1.0,1830.0,North,CUST0420,Transfer,Completed,1830.0
4524,2025-05-06,Pepper,5.0,800.0,North,CUST0316,Transfer,Completed,4000.0
2519,2025-07-25,JUICE,5.0,1390.0,West,CUST0308,POS,Returned,6950.0
4031,2025-02-14,Maggi,3.0,580.0,East,CUST0480,Cash,Completed,1740.0
1859,2025-07-16,Bread,4.0,1060.0,South,CUST0471,Transfer,Completed,4240.0
3151,2025-05-02,Milk,2.0,1410.0,East,CUST0334,POS,Completed,2820.0
3171,2025-10-23,Eggs,7.0,2300.0,East,Unknown,POS,Completed,16100.0
1303,2025-09-01,Juice,3.0,1710.0,North,CUST0557,Cash,Completed,5130.0
3728,2025-10-29,Bread,7.0,1040.0,South,CUST0047,POS,Completed,7280.0
4420,2025-05-19,Toothpaste,2.0,1390.0,East,CUST0162,Cash,Completed,2780.0
1718,2025-09-30,Yam,4.0,1670.0,West,CUST0636,Transfer,Completed,6680.0
3069,2025-09-26,Tea,8.0,1060.0,East,CUST0119,Transfer,Pending,8480.0
3172,2025-08-13,Juice,1.0,1560.0,South,Unknown,Transfer,Completed,1560.0
1676,2025-01-28, Soft Drink ,6.0,910.0,South,CUST0463,Transfer,Completed,5460.0
4135,2025-09-10,Tomato Paste,5.0,580.0,North,CUST0558,Transfer,Completed,2900.0
2414,2025-02-25,Carrot,1.0,850.0,East,CUST0243,Transfer,Completed,850.0
3276,2025-02-26,Butter,9.0,1610.0,North,Unknown,Cash,Pending,14490.0
4476,2025-08-29,Yam,4.0,1820.0,South,CUST0524,Cash,Completed,7280.0
1771,2025-02-24,Milk,2.0,1310.0,West,CUST0065,POS,Completed,2620.0
5064,2025-01-31,Juice,5.0,1600.0,South,CUST0020,Transfer,Completed,8000.0
1734,2025-02-27,Carrot,5.0,980.0,East,CUST0146,Cash,Completed,4900.0
2807,2025-06-21,Eggs,2.0,2380.0,South,CUST0123,Cash,Completed,4760.0
4820,2025-09-26,Toilet Roll,2.0,840.0,South,CUST0236,Cash,Completed,1680.0
1981,2025-04-09,Milk,10.0,1290.0,East,CUST0584,Cash,Completed,12900.0
4698,2025-05-22,Coffee,3.0,2060.0,West,CUST0052,Transfer,Completed,6180.0
6054,2025-05-10,Bread,8.0,1040.0,East,CUST0579,Cash,Completed,8320.0
5142,2025-01-25,Tomato Paste,8.0,580.0,East,CUST0125,Cash,Returned,4640.0
5621,2025-11-07,Butter,3.0,1820.0,East,CUST0143,POS,Completed,5460.0
1491,2025-04-24,Maggi,1.0,490.0,North,CUST0561,Cash,Completed,490.0
5550,2025-06-24,Pepper,6.0,680.0,East,CUST0602,POS,Completed,4080.0
1305,2025-07-19,Juice,-3.0,1550.0,South,CUST0144,POS,Completed,-4650.0
3981,2025-02-08,Tea,4.0,1190.0,East,CUST0408,Transfer,Completed,4760.0
3295,2025-05-21,Bread,8.0,1020.0,North,CUST0386,Transfer,Pending,8160.0
5001,2025-05-29,Milk,5.0,1210.0,East,CUST0167,Cash,Returned,6050.0
5082,2025-07-01, Toothpaste ,6.0,1110.0,West,CUST0477,Transfer,Pending,6660.0
3906,2025-06-03,Tea,2.0,1030.0,South, CUST0330 ,Transfer,Completed,2060.0
5785,2025-05-16,Toothpaste,5.0,1310.0,East,CUST0606,Cash,Pending,6550.0
2326,2025-04-10,Tomato Paste,3.0,650.0,North,CUST0543,Cash,Completed,1950.0
2411,2025-03-31,Water,2.0,470.0,East,Unknown,Transfer,Completed,940.0
4234,2025-04-15,Tea,12.0,1030.0,South,CUST0591,Transfer,Returned,12360.0
4707,2025-11-09,Yam,11.0,1830.0,East,CUST0632,Cash,Completed,20130.0
5101,2025-05-04,Cabbage,9.0,780.0,West,CUST0587,Cash,Completed,7020.0
5862,2025-07-18,Water,8.0,500.0,North,CUST0073,POS,Pending,4000.0
4297,2025-12-08,Maggi,3.0,450.0,South,CUST0166,Cash,Completed,1350.0
4616,2025-02-13,Pepper,4.0,680.0,North,CUST0387,Cash,Pending,2720.0
2043,2025-04-30,Groundnut Oil,3.0,2160.0,East,CUST0302,POS,Completed,6480.0
1885,2025-05-11,Tomato Paste,8.0,580.0,North,CUST0116,Transfer,Completed,4640.0
4455,2025-03-14,Milk,4.0,1300.0,North,CUST0087,Transfer,Returned,5200.0
2795,2025-07-08,Detergent,2.0,1950.0,South,CUST0564,Transfer,Completed,3900.0
3861,2025-06-15,Water,8.0,500.0,North,CUST0585,Transfer,Pending,4000.0
2269,2025-02-19,Juice,1.0,1630.0,West,CUST0431,Cash,Pending,1630.0
1916,2025-05-07,Milk,7.0,1340.0,North,CUST0027,Transfer,Returned,9380.0
4598,2025-05-24,Toothpaste,8.0,1370.0,Unknown,CUST0392,Cash,Completed,10960.0
4029,2025-03-26,Eggs,4.0,2340.0,North,CUST0529,Transfer,Pending,9360.0
2258,2025-02-25,Groundnut Oil,1.0,2600.0,South,CUST0444,Transfer,Completed,2600.0
4155,2025-08-10,Pepper,4.0,800.0,South,CUST0214,Transfer,Pending,3200.0
4350,2025-05-27,Rice,5.0,1730.0,East,CUST0534,POS,Completed,8650.0
3140,2025-02-24,Tea,2.0,1020.0,West,CUST0430,Cash,Pending,2040.0
3667,2025-05-19,Juice,7.0,1380.0,East,CUST0598,Transfer,Completed,9660.0
3068,2025-02-25,Juice,4.0,1680.0,South,CUST0575,Cash,Completed,6720.0
4122,2025-04-17,Detergent,4.0,1730.0,South,CUST0171,POS,Pending,6920.0
1829,2025-07-11,Bread,4.0,990.0,North,CUST0167,Cash,Completed,3960.0
1448,2025-07-11,Maggi,5.0,520.0,North,CUST0306,Cash,Completed,2600.0
3989,2025-11-27,Detergent,5.0,1590.0,West,CUST0602,Cash,Completed,7950.0
1786,2025-08-12,Beans,2.0,1650.0,South,CUST0183,POS,Completed,3300.0
5502,2025-06-08,Maggi,3.0,530.0,South,CUST0449,Cash,Returned,1590.0
2480,2025-06-12,Rice,4.0,1710.0,East,CUST0006,Transfer,Completed,6840.0
1890,2025-06-02,Coffee,2.0,2200.0,South,CUST0647,Transfer,Pending,4400.0
5938,2025-03-01,Carrot,4.0,780.0,North,CUST0495,POS,Completed,3120.0
4111,2025-10-16,Pepper,8.0,670.0,South,CUST0162,Transfer,Completed,5360.0
3409,2025-03-10,Coffee,6.0,2240.0,North,CUST0472,POS,Completed,13440.0
5470,2025-02-09,Maggi,2.0,470.0,East,CUST0546,POS,Completed,940.0
6134,2025-04-25,Pepper,4.0,790.0,West,CUST0115,Transfer,Returned,3160.0
2883,2025-04-16,Eggs,8.0,2140.0,North,CUST0330,Transfer,Completed,17120.0
2826,2025-07-03,pepper,5.0,700.0,West,CUST0044,Transfer,Pending,3500.0
1841,2025-03-05,Bread,9.0,890.0,West,CUST0190,Cash,Completed,8010.0
5596,2025-06-15,Toothpaste,3.0,1220.0,North,CUST0137,Cash,Completed,3660.0
5369,2025-09-13,Butter,6.0,1920.0,East,CUST0353,POS,Pending,11520.0
4329,2025-01-15,Toothpaste,1.0,1100.0,North,CUST0113,Unknown,Completed,1100.0
1948,2025-03-31,Sugar,7.0,1530.0,East,CUST0066,Transfer,Completed,10710.0
5105,2025-04-15,Groundnut Oil,3.0,2360.0,West,CUST0360,Cash,Completed,7080.0
5834,2025-10-16,Butter,3.0,2020.0,North,CUST0195,Cash,Completed,6060.0
1114,2025-05-25,Rice,6.0,2060.0,South,CUST0153,Transfer,Completed,12360.0
1603,2025-06-26,Butter,3.0,1850.0,South,CUST0489,Transfer,Completed,5550.0
2727,2025-10-08, Butter ,11.0,1610.0,East,CUST0420,Cash,Completed,17710.0
4669,2025-08-19,Juice,8.0,1670.0,West,CUST0489,Cash,Completed,13360.0
5748,2025-04-28,Eggs,5.0,2420.0,North,CUST0445,Cash,Pending,12100.0
5626,2025-10-18,Coffee,6.0,1910.0,South,CUST0090,POS,Pending,11460.0
4585,2025-06-10,Coffee,4.0,2140.0,South,CUST0453,POS,Pending,8560.0
